-- phpMyAdmin SQL Dump
-- version 4.8.4
-- https://www.phpmyadmin.net/
--
-- Host: 127.0.0.1:3306
-- Generation Time: Jan 30, 2019 at 09:35 AM
-- Server version: 10.2.17-MariaDB
-- PHP Version: 7.2.13

SET SQL_MODE = "NO_AUTO_VALUE_ON_ZERO";
SET AUTOCOMMIT = 0;
START TRANSACTION;
SET time_zone = "+00:00";


/*!40101 SET @OLD_CHARACTER_SET_CLIENT=@@CHARACTER_SET_CLIENT */;
/*!40101 SET @OLD_CHARACTER_SET_RESULTS=@@CHARACTER_SET_RESULTS */;
/*!40101 SET @OLD_COLLATION_CONNECTION=@@COLLATION_CONNECTION */;
/*!40101 SET NAMES utf8mb4 */;

--
-- Database: `u618269150_bv`
--

-- --------------------------------------------------------

--
-- Table structure for table `tbl_akun`
--

CREATE TABLE `tbl_akun` (
  `akun_id` int(11) NOT NULL,
  `akun_nama` varchar(150) NOT NULL,
  `akun_username` varchar(50) NOT NULL,
  `akun_password` varchar(150) NOT NULL,
  `akun_level` enum('Admin','Owner','Karyawan') NOT NULL,
  `akun_status` enum('Aktif','Tidak Aktif') NOT NULL
) ENGINE=InnoDB DEFAULT CHARSET=latin1;

--
-- Dumping data for table `tbl_akun`
--

INSERT INTO `tbl_akun` (`akun_id`, `akun_nama`, `akun_username`, `akun_password`, `akun_level`, `akun_status`) VALUES
(1, 'Diova', 'diova', 'fd4cb446beadf810749f46c6b5619ece', 'Owner', 'Aktif'),
(2, 'Dwi Aji', 'dwiaji', 'a1144ce500a50e7a72ce845c4ac165c3', 'Admin', 'Aktif'),
(5, 'diko arisma', 'bakulvisor', 'ef1a16c8a060ef8724e21cc132b4d582', 'Karyawan', 'Tidak Aktif');

-- --------------------------------------------------------

--
-- Table structure for table `tbl_barang`
--

CREATE TABLE `tbl_barang` (
  `barang_kd` int(11) NOT NULL,
  `barang_id` int(11) NOT NULL,
  `kategori_kd` varchar(5) NOT NULL,
  `barang_nama` varchar(150) NOT NULL,
  `barang_stok` int(11) NOT NULL,
  `barang_hBeli` int(11) NOT NULL,
  `barang_hJual` int(11) NOT NULL,
  `barang_detail` text DEFAULT NULL
) ENGINE=InnoDB DEFAULT CHARSET=latin1;

--
-- Dumping data for table `tbl_barang`
--

INSERT INTO `tbl_barang` (`barang_kd`, `barang_id`, `kategori_kd`, `barang_nama`, `barang_stok`, `barang_hBeli`, `barang_hJual`, `barang_detail`) VALUES
(1, 1, 'BO', 'Box', 19, 3500, 0, ''),
(4, 2, 'BO', 'Pipa Tearoff', 15, 2000, 0, 'pipa box tearoff'),
(5, 1, 'TOP N', 'Tearoffpost Nylon Hitam', 19, 10000, 50000, 'tearoffpost nylon hitam'),
(6, 2, 'TOP N', 'tearoffpost nylon putih', 17, 10000, 50000, ''),
(7, 3, 'TOP N', 'Tearoffpost Nylon Biru', 0, 10000, 50000, 'tearoffpost nylon biru'),
(8, 4, 'TOP N', 'Tearoffpost Yellow Fluo ', 15, 18000, 50000, ''),
(9, 5, 'TOP N', 'Tearoffpost Akrilk Polos', 23, 20000, 50000, ''),
(11, 6, 'TOP N', 'Tearoffpost Clear Dual', 0, 25000, 50000, ''),
(12, 7, 'TOP N', 'tearoffpost clear KYT', 2, 20000, 50000, ''),
(13, 8, 'TOP T', 'tearoffpost titanium blue', 0, 35000, 65000, ''),
(14, 9, 'TOP T', 'tearoffpost titanium oren fluo', 0, 35000, 65000, ''),
(15, 10, 'TOP T', 'tearoffpost titanium oren', 0, 35000, 65000, ''),
(16, 11, 'TOP T', 'tearoffpost titanium hijau', 0, 35000, 65000, ''),
(17, 12, 'TOP T', 'tearoffpost titanium gold', 0, 35000, 65000, ''),
(18, 13, 'TOP T', 'tearoffpost titanium perak', 0, 35000, 65000, ''),
(19, 1, 'KB', 'knob mds zara', 16, 45000, 75000, ''),
(20, 2, 'KB', 'knob besi c5', 0, 120000, 145000, ''),
(21, 1, 'VL', 'visor lock C5', 16, 25000, 50000, ''),
(22, 1, 'PL', 'pinlock 30', 2, 115000, 160000, ''),
(23, 2, 'PL', 'Pinlock 70 KYT', 1, 225000, 260000, ''),
(24, 3, 'PL', 'pinlock 70 AGV k3sv', 2, 365000, 420000, ''),
(25, 1, 'CH', 'cuci helm full face', 890, 10000, 25000, ''),
(26, 2, 'CH', 'cuci halfface', 975, 10000, 18000, ''),
(27, 1, 'PW', 'Monsta Glossy', 30, 50000, 70000, ''),
(28, 2, 'PW', 'Matte Doff', 17, 50000, 70000, ''),
(29, 3, 'PW', 'Lemon Waterless', 21, 35000, 50000, ''),
(30, 4, 'PW', 'degreaser', 4, 40000, 50000, ''),
(31, 5, 'PW', 'waterspot remover', 1, 40000, 50000, ''),
(32, 6, 'PW', 'Fiore Parfum', 15, 25000, 40000, ''),
(33, 1, 'JC', 'pasang antifog custom', 990, 3000, 10000, ''),
(34, 4, 'PL', 'pinpost', 9, 0, 30000, ''),
(35, 1, 'RC', 'Rachet C5', 4, 105000, 120000, ''),
(36, 2, 'RC', 'rachet termi', 0, 45000, 65000, ''),
(37, 20, 'TO', 'tearoff LS2 ff323 clear', 10, 8000, 20000, ''),
(38, 2, 'AP', 'Balaclava Alpinestar', 35, 15000, 30000, ''),
(39, 3, 'AP', 'Balaclava Maguno', 14, 18000, 35000, ''),
(40, 4, 'AP', 'tas helm kyt', 1, 50000, 80000, ''),
(41, 7, 'PW', 'lap microfiber', 48, 9300, 20000, ''),
(42, 5, 'AP', 'cover elmo cokelat', 0, 125000, 180000, ''),
(43, 6, 'AP', 'Cover Elmo Biru', 2, 125000, 180000, ''),
(44, 8, 'AP', 'Cover Elmo Merah', 0, 125000, 180000, ''),
(45, 7, 'AP', 'busa pipi kbc VK M', 1, 80000, 110000, 'size M'),
(47, 1, 'VS', 'Flat Gp1000 Clear', 1, 100000, 160000, ''),
(49, 4, 'VS', 'Visor C5 Dark', 1, 180000, 225000, ''),
(50, 5, 'VS', 'flat bogo dark', 1, 65000, 80000, ''),
(52, 6, 'VS', 'visor clear kbc ', 0, 125000, 155000, ''),
(53, 7, 'VS', 'google osbe clear kerangka hitam', 1, 95000, 125000, ''),
(54, 8, 'VS', 'visor dark kbc', 15, 150000, 200000, ''),
(55, 9, 'VS', 'visor clear snail mx311', 1, 95000, 130000, 'snail supermoto'),
(56, 10, 'VS', 'visor iridium red snail mx311', 0, 135000, 175000, 'supermoto'),
(57, 11, 'VS', 'flat snail ffs1 iridium red', 2, 140000, 215000, ''),
(58, 12, 'VS', 'flat snail ffs1 iridium silver ', 0, 150000, 215000, ''),
(59, 13, 'VS', 'flat dark gp pro', 0, 210000, 310000, ''),
(60, 14, 'VS', 'visor iridium blue gp pro non flat', 0, 250000, 280000, ''),
(61, 15, 'VS', 'zeus 811 813 iridium blue non flat', 0, 170000, 185000, ''),
(62, 16, 'VS', 'zeus 811 813 iridium gold non flat', 0, 170000, 185000, ''),
(63, 17, 'VS', 'zeus 811 813 iridium silver non flat', 0, 170000, 185000, ''),
(64, 18, 'VS', 'Visor Handrab Dark Pnp Clmax', 8, 58000, 170000, ''),
(65, 4, 'BO', 'baut visor clmax', 20, 1000, 0, ''),
(66, 19, 'VS', 'Visor R10 Dark', 0, 90000, 130000, ''),
(67, 20, 'VS', 'Visor R10 Clear', 0, 90000, 130000, ''),
(68, 9, 'AP', 'tali dd ring', 19, 25000, 60000, ''),
(69, 21, 'VS', 'visor flat njs silver + rachet', 1, 250000, 280000, ''),
(70, 22, 'VS', 'visor flat njs dark + rachet', 2, 250000, 280000, ''),
(71, 23, 'VS', 'visor iridium silver NFR ', 0, 330000, 390000, ''),
(72, 3, 'RC', 'talang air', 910, 2500, 10000, ''),
(73, 1, 'SP', 'spoiler gp1000 clear', 0, 50000, 100000, ''),
(74, 2, 'SP', 'spoiler gp1000 smoke', 0, 50000, 100000, ''),
(75, 3, 'SP', 'spoiler gp1000 hitam', 0, 50000, 100000, ''),
(76, 4, 'SP', 'Spoiler R10 Clear', 0, 50000, 100000, ''),
(77, 5, 'SP', 'Spoiler R10 Smoke', 0, 50000, 100000, ''),
(78, 6, 'SP', 'Spoiler R10 Hitam', 3, 50000, 100000, ''),
(79, 7, 'SP', 'spoiler rx9 hitam', 0, 50000, 100000, ''),
(80, 8, 'SP', 'spoiler rx9 smoke', 0, 50000, 100000, ''),
(81, 9, 'SP', 'spoiler rx9 clear', 0, 50000, 100000, ''),
(82, 10, 'SP', 'spoiler vendetta pista besar clear', 5, 105000, 150000, ''),
(83, 11, 'SP', 'Spoiler Vendetta Pista Besar Hitam', 5, 105000, 150000, ''),
(84, 12, 'SP', 'spoiler k2r smoke', 0, 50000, 100000, ''),
(85, 13, 'SP', 'Spoiler K2r Clear', 4, 50000, 100000, ''),
(86, 14, 'SP', 'Spoiler K2r Hitam', 7, 50000, 100000, ''),
(87, 15, 'SP', 'spoiler termi smoke', 0, 50000, 100000, ''),
(88, 16, 'SP', 'Spoiler Termi Hitam', 9, 50000, 100000, ''),
(89, 17, 'SP', 'spoiler termi clear', 2, 50000, 100000, ''),
(90, 18, 'SP', 'Spoiler Kbc Hitam', 4, 50000, 100000, ''),
(91, 19, 'SP', 'spoiler kbc smoke', 5, 50000, 100000, ''),
(92, 20, 'SP', 'Spoiler Kbc Clear', 11, 50000, 100000, ''),
(93, 21, 'SP', 'spoiler rc7 panjang clear', 0, 50000, 100000, ''),
(94, 22, 'SP', 'spoiler rc7 panjang hitam', 0, 50000, 100000, ''),
(95, 5, 'SP', 'spoiler rc7 pendek clear', 0, 50000, 100000, ''),
(96, 23, 'SP', 'spoiler rc7 pendek hitam', 0, 50000, 100000, ''),
(97, 24, 'SP', 'Spoiler Zeus 811 Clear', 12, 50000, 100000, ''),
(98, 25, 'SP', 'Spoiler Zeus 811 Hitam', 3, 50000, 100000, ''),
(99, 26, 'SP', 'Spoiler Clmax', 0, 50000, 100000, ''),
(100, 5, 'TO', 'tearoff sai  rr 5 clear', 25, 8000, 20000, ''),
(101, 6, 'TO', 'Tearoff Sai  Rr 5 Blue', 2, 20000, 40000, ''),
(102, 7, 'TO', 'Tearoff Sai  Rr 5 Silver', 2, 20000, 40000, ''),
(103, 8, 'TO', 'tearoff sal  rr 3 clear', 37, 8000, 20000, ''),
(104, 9, 'TO', 'Tearoff Sal  Rr 3 Gold', 2, 20000, 40000, ''),
(105, 10, 'TO', 'Tearoff Sal  Rr 3 Blue', 2, 20000, 40000, ''),
(106, 11, 'TO', 'Tearoff Sal  Rr 3 Silver', 3, 20000, 40000, ''),
(107, 12, 'TO', 'tearoff vas  rx7x clear', 25, 8000, 20000, ''),
(108, 13, 'TO', 'Tearoff Vas  Rx7x Gold', 2, 20000, 40000, ''),
(109, 14, 'TO', 'Tearoff Vas  Rx7x Blue', 2, 20000, 40000, ''),
(110, 15, 'TO', 'Tearoff Vas  Rx7x Silver', 1, 20000, 40000, ''),
(111, 16, 'TO', 'tearoff xlite 802rr clear', 19, 8000, 20000, ''),
(112, 17, 'TO', 'Tearoff Xlite 802rr Gold', 3, 20000, 40000, ''),
(113, 18, 'TO', 'Tearoff Xlite 802rr Blue', 3, 20000, 40000, ''),
(114, 19, 'TO', 'Tearoff Xlite 802rr Silver ', 1, 20000, 40000, ''),
(115, 21, 'TO', 'Tearoff LS2 Ff323 Blue', 3, 20000, 40000, ''),
(116, 22, 'TO', 'Tearoff LS2 Ff323 Gold', 2, 20000, 40000, ''),
(117, 23, 'TO', 'Tearoff LS2 Ff323 Silver', 2, 20000, 40000, ''),
(118, 24, 'TO', 'tearoff NHK GP PRO clear', 13, 8000, 20000, ''),
(119, 25, 'TO', 'Tearoff NHK GP PRO Blue', 4, 20000, 40000, ''),
(120, 26, 'TO', 'Tearoff NHK GP PRO Gold', 2, 20000, 40000, ''),
(121, 27, 'TO', 'Tearoff NHK GP PRO Silver', 8, 20000, 40000, ''),
(122, 28, 'TO', 'tearoff HJC rpha clear', 20, 8000, 20000, ''),
(123, 29, 'TO', 'Tearoff HJC Rpha Blue', 2, 20000, 40000, ''),
(124, 30, 'TO', 'Tearoff HJC Rpha Gold', 4, 20000, 40000, ''),
(125, 31, 'TO', 'Tearoff HJC Rpha Silver', 3, 20000, 40000, ''),
(126, 32, 'TO', 'tearoff KYT NFR clear', 7, 8000, 20000, ''),
(127, 33, 'TO', 'Tearoff KYT NFR Blue', 7, 20000, 40000, ''),
(128, 34, 'TO', 'Tearoff KYT NFR Gold', 11, 20000, 40000, ''),
(129, 35, 'TO', 'Tearoff KYT NFR Silver', 10, 20000, 40000, ''),
(130, 36, 'TO', 'tearoff KBC clear', 7, 8000, 20000, ''),
(131, 37, 'TO', 'Tearoff KBC Blue', 5, 20000, 40000, ''),
(132, 38, 'TO', 'Tearoff KBC Gold', 13, 20000, 40000, ''),
(133, 39, 'TO', 'Tearoff KBC Silver', 0, 20000, 40000, ''),
(134, 40, 'TO', 'tearoff KYT KR1 clear', 29, 8000, 20000, ''),
(135, 41, 'TO', 'Tearoff KYT KR1 Blue', 3, 20000, 40000, ''),
(136, 42, 'TO', 'Tearoff KYT KR1 Gold', 3, 20000, 40000, ''),
(137, 43, 'TO', 'Tearoff KYT KR1 Silver', 2, 20000, 40000, ''),
(138, 44, 'TO', 'tearoff KYT R10 clear', 18, 8000, 20000, ''),
(139, 45, 'TO', 'Tearoff KYT R10 Gold', 5, 20000, 40000, ''),
(140, 46, 'TO', 'Tearoff KYT R10 Blue', 0, 20000, 40000, ''),
(141, 47, 'TO', 'Tearoff KYT R10 Silver', 0, 20000, 40000, ''),
(142, 48, 'TO', 'tearoff AGV PISTA / CORSA clear', 19, 8000, 20000, ''),
(143, 49, 'TO', 'Tearoff AGV PISTA / CORSA Blue', 5, 20000, 40000, ''),
(144, 50, 'TO', 'Tearoff AGV PISTA / CORSA Gold', 8, 20000, 40000, ''),
(145, 51, 'TO', 'Tearoff AGV PISTA / CORSA Silver', 7, 20000, 40000, ''),
(146, 52, 'TO', 'tearoff AGV PISTA GPR clear', 4, 8000, 20000, ''),
(147, 53, 'TO', 'Tearoff AGV PISTA GPR Blue', 3, 20000, 40000, ''),
(148, 54, 'TO', 'tearoff AGV PISTA GPR gold', 10, 20000, 50000, ''),
(149, 55, 'TO', 'tearoff AGV PISTA GPR silver', 8, 20000, 50000, ''),
(150, 56, 'TO', 'Tearoff NHK GP1000 Clear', 13, 8000, 20000, ''),
(151, 57, 'TO', 'Tearoff NHK GP1000 Blue', 1, 20000, 50000, ''),
(152, 58, 'TO', 'Tearoff NHK GP1000 Gold', 2, 20000, 50000, ''),
(153, 59, 'TO', 'Tearoff NHK GP1000 Silver', 5, 20000, 40000, ''),
(154, 60, 'TO', 'tearoff NHK terminator clear', 4, 8000, 20000, ''),
(155, 61, 'TO', 'Tearoff NHK Terminator Blue', 0, 20000, 40000, ''),
(156, 62, 'TO', 'Tearoff NHK Terminator Gold', 5, 20000, 40000, ''),
(157, 71, 'TO', 'Tearoff NHK Terminator Silver', 2, 20000, 40000, ''),
(158, 63, 'TO', 'tearoff shoei x12 x14 clear', 17, 8000, 20000, ''),
(159, 64, 'TO', 'Tearoff Shoei X12 X14 Blue', 3, 20000, 40000, ''),
(160, 65, 'TO', 'Tearoff Shoei X12 X14 Gold', 2, 20000, 40000, ''),
(161, 66, 'TO', 'Tearoff Shoei X12 X14 Silver', 0, 20000, 40000, ''),
(162, 67, 'TO', 'Tearoff KYT C5 Blue', 3, 20000, 40000, ''),
(163, 68, 'TO', 'Tearoff KYT C5 Gold', 7, 20000, 40000, ''),
(164, 69, 'TO', 'Tearoff KYT C5 Silver', 11, 20000, 40000, ''),
(165, 70, 'TO', 'tearoff KYT c5 clear', 47, 8000, 20000, ''),
(166, 11, 'AP', 'stiker set', 35, 5000, 15000, ''),
(167, 24, 'VS', 'visor iridium gold agv k3sv k1', 0, 400000, 500000, ''),
(169, 25, 'VS', 'visor dark agv k3sv k1', 0, 375000, 480000, ''),
(170, 1, 'KBC', 'kbc vk black doff', 0, 550000, 585000, ''),
(171, 27, 'SP', 'spoiler kbc model pista gp clear', 2, 60000, 100000, ''),
(172, 28, 'SP', 'spoiler kbc model pista gp smoke', 2, 60000, 100000, ''),
(173, 29, 'SP', 'spoiler agv k3 k3sv model pista gp clear', 1, 60000, 100000, ''),
(174, 30, 'SP', 'spoiler agv k3 k3sv model pista gp smoke', 3, 60000, 100000, ''),
(175, 31, 'SP', 'spoiler agv k3 k3sv model pista gp hitam', 1, 60000, 100000, ''),
(176, 32, 'SP', 'Spoiler Zeus 813 Smoke', 0, 60000, 100000, ''),
(177, 33, 'SP', 'spoiler zeus 813 clear', 0, 60000, 100000, ''),
(178, 34, 'SP', 'Spoiler Zeus 811 Smoke', 6, 50000, 100000, ''),
(179, 72, 'TO', 'tearoff clear shark race pro', 75, 8000, 20000, ''),
(180, 35, 'SP', 'Spoiler Vendetta Model Gpr Clear', 0, 50000, 100000, ''),
(181, 36, 'SP', 'Spoiler Vendetta Model Gpr Dark', 7, 50000, 100000, ''),
(182, 12, 'AP', 'Cover Sticth Pink', 0, 94000, 180000, ''),
(183, 13, 'AP', 'Cover Sticth Biru', 1, 94000, 180000, ''),
(184, 26, 'VS', 'Visor Snail Iridium Gold', 0, 150000, 215000, ''),
(185, 27, 'VS', 'Visor Snail Iridium Blue', 0, 140000, 215000, ''),
(186, 28, 'VS', 'Visor  Snail Clear', 0, 100000, 150000, ''),
(187, 29, 'VS', 'Visor  Snail Smoke', 0, 110000, 185000, ''),
(188, 4, 'RC', 'Rachet Snail', 0, 25000, 70000, ''),
(189, 14, 'AP', 'Cover Sticth Hijau', 0, 0, 180000, ''),
(190, 15, 'AP', 'Cover Sticth Merah', 2, 94000, 180000, ''),
(191, 3, 'KB', 'Knob Snail', 1, 25000, 60000, ''),
(192, 5, 'RC', 'Rachet Vendetta', 9, 45000, 65000, ''),
(193, 30, 'VS', 'Visor Flat Vendetta Dark', 8, 150000, 190000, ''),
(194, 31, 'VS', 'Visor Flat Vendetta Blue', 9, 185000, 250000, ''),
(195, 32, 'VS', 'Visor Flat Vendetta Silver', 11, 185000, 250000, ''),
(196, 33, 'VS', 'Visor Flat Vendetta Clear', 9, 145000, 185000, ''),
(197, 2, 'VL', 'Visor Lock Vendetta', 13, 19000, 35000, ''),
(198, 16, 'AP', 'Busa Pipi Vendetta M', 0, 81000, 100000, ''),
(199, 17, 'AP', 'Busa Pipi Vendetta S', 0, 81000, 100000, ''),
(200, 18, 'AP', 'Busa Pipi Vendetta L', 4, 81000, 100000, ''),
(201, 19, 'AP', 'Crownpad Vendetta S', 0, 95000, 100000, ''),
(202, 34, 'VS', 'Visor Venom Open Blue', 1, 320000, 350000, ''),
(203, 20, 'AP', 'Busa Atas Vendetta S', 2, 84000, 100000, ''),
(204, 21, 'AP', 'Busa Atas Vendetta M', 1, 84000, 100000, ''),
(205, 22, 'AP', 'Busa Atas Vendetta L', 5, 84000, 100000, ''),
(206, 73, 'TO', 'Tearoff Vendetta Clear', 12, 8000, 20000, ''),
(207, 74, 'TO', 'Tearoff Vendetta Smoke', 3, 20000, 40000, ''),
(208, 75, 'TO', 'Tearoff Vendetta Silver', 4, 20000, 40000, ''),
(209, 24, 'TO', 'Tearoff Vendetta Blue', 4, 20000, 40000, ''),
(210, 77, 'TO', 'Tearoff Vendetta Gold', 4, 20000, 40000, ''),
(211, 1, 'HE', 'Falcon Spike Yellow', 1, 625000, 750000, ''),
(212, 1, 'HE C', 'Clmax Sudah Repaint', 0, 880000, 1000000, ''),
(213, 2, 'HE C', 'Clmax Polos', 0, 390000, 440000, ''),
(214, 2, 'HE', 'Vendetta Polos ', 0, 600000, 680000, ''),
(215, 6, 'RC', 'Rachet Rc7', 13, 25000, 35000, ''),
(216, 35, 'VS', 'Visor Iridium Blue R10', 0, 140000, 190000, ''),
(217, 36, 'VS', 'Visor Iridium Gold R10', 1, 140000, 190000, ''),
(218, 37, 'VS', 'Visor Iridium Smoke R10', 2, 140000, 190000, ''),
(219, 38, 'VS', 'Visor Iridium Silver R10', 0, 140000, 190000, ''),
(220, 39, 'VS', 'Visor Termi Ke 806', 0, 100000, 190000, ''),
(221, 37, 'SP', 'Spoiler Snail Ffs1 Smoke', 1, 60000, 100000, ''),
(222, 38, 'SP', 'Spoiler Snail Ffs1 Clear', 3, 60000, 100000, ''),
(223, 39, 'SP', 'Spoiler 806 Clear', 13, 50000, 100000, ''),
(224, 40, 'SP', 'Spoiler 806 Smoke', 5, 50000, 100000, ''),
(225, 41, 'SP', 'Spoiler 806 Hitam', 13, 50000, 100000, ''),
(226, 42, 'SP', 'Spoiler NFR Clear', 9, 50000, 100000, ''),
(227, 43, 'SP', 'Spoiler NFR Smoke', 10, 50000, 100000, ''),
(228, 44, 'SP', 'Spoiler NFR Hitam', 9, 50000, 100000, ''),
(229, 78, 'TO', 'Tearo Clear Njs', 5, 8000, 20000, ''),
(230, 23, 'AP', 'Visor C5 Clear', 2, 195000, 215000, ''),
(231, 40, 'VS', 'Visor Flat Nhk Gp1000 Silver', 0, 180000, 230000, ''),
(232, 41, 'VS', 'Flat Rx9 Silver ', 0, 195000, 230000, ''),
(233, 42, 'VS', 'Google Osbe Iridium Blue', 0, 125000, 160000, ''),
(234, 45, 'SP', 'Spoiler Gpr R10 Smoke', 3, 60000, 100000, ''),
(235, 46, 'SP', 'Spoiler Gpr R10 Clear', 0, 60000, 100000, ''),
(236, 47, 'SP', 'Spoiler Gpr Rc7 Smoke', 0, 60000, 100000, ''),
(237, 48, 'SP', 'Spoiler Gpr Rc7 Clear', 0, 60000, 100000, ''),
(238, 49, 'SP', 'Spoiler Gpr K2r Clear', 1, 60000, 100000, ''),
(239, 50, 'SP', 'Spoiler Gpr K2r Smoke', 0, 60000, 100000, ''),
(240, 51, 'SP', 'Spoiler Gpr Vendetta Clear New', 0, 60000, 100000, ''),
(241, 24, 'AP', 'Busa Pipi Cl Max S', 10, 27000, 55000, ''),
(242, 25, 'AP', 'Chin Guard', 7, 25000, 30000, ''),
(243, 43, 'VS', 'Visor R10 Dark + Tearoffpot ', 8, 90000, 175000, ''),
(244, 52, 'SP', 'Spoiler Kbc 3 Dimensi ', 6, 110000, 150000, ''),
(245, 53, 'SP', 'Spoiler Gp1000 Gpr Smoke ', 0, 55000, 100000, ''),
(246, 54, 'SP', 'Spoiler Vendetta Clear', 1, 50000, 100000, ''),
(248, 26, 'AP', 'Flat Gp1000 Dark', 0, 100000, 175000, ''),
(249, 45, 'VS', 'Flat Rx9 Clear', 1, 65000, 150000, ''),
(250, 27, 'AP', 'Gp Pro Flat Silver', 0, 330000, 370000, ''),
(251, 46, 'VS', 'Flat Dark Rx9', 3, 110000, 150000, ''),
(252, 3, 'CH', 'Cuci + Waxing', 983, 30000, 60000, ''),
(253, 4, 'CH', 'Jasa Waxing', 996, 20000, 40000, ''),
(254, 1, 'HR10', 'Helm R10 San Marino Flat', 0, 435000, 580000, ''),
(255, 3, 'HE', 'Vendetta Red Carbon', 0, 625000, 780000, ''),
(256, 47, 'VS', 'Dark Zeus 611', 2, 95000, 125000, ''),
(257, 28, 'AP', 'Flat Handrab Silver', 1, 65000, 130000, ''),
(258, 5, 'CH', 'Paket Semi Coatingg ', 9986, 40000, 80000, ''),
(259, 6, 'CH', 'Tambah Layer Semi', 9999, 2000, 10000, ''),
(260, 6, 'CH', 'Tambah Layer Semi', 9999, 2000, 10000, ''),
(261, 48, 'VS', 'Visor Silver Kbc', 4, 165000, 230000, ''),
(262, 49, 'VS', 'Visor Iridium Rainbow Agv K1', 2, 300000, 550000, ''),
(263, 29, 'AP', 'Visor Agv K1 Iridium Silver ', 0, 300000, 550000, ''),
(264, 55, 'SP', 'Spoiler Agv Pista  Corsa Gpr  Hitam', 4, 500000, 750000, ''),
(265, 56, 'SP', 'Spoiler Agv Pista  Corsa Gpr  Clear', 1, 500000, 75000, ''),
(266, 7, 'CH', 'Coating Nano Ceramic', 9989, 50000, 180000, '');

-- --------------------------------------------------------

--
-- Table structure for table `tbl_beli`
--

CREATE TABLE `tbl_beli` (
  `beli_invoice` varchar(150) NOT NULL,
  `beli_tgl` datetime NOT NULL,
  `supplier_id` int(11) NOT NULL,
  `beli_detail` text DEFAULT NULL
) ENGINE=InnoDB DEFAULT CHARSET=latin1;

--
-- Dumping data for table `tbl_beli`
--

INSERT INTO `tbl_beli` (`beli_invoice`, `beli_tgl`, `supplier_id`, `beli_detail`) VALUES
('INVC/BELI/011018/1538377770', '2018-10-01 14:08:00', 44, '<p>&nbsp;</p>'),
('INVC/BELI/011018/1538377995', '2018-10-01 14:11:00', 2, '<p>&nbsp;</p>'),
('INVC/BELI/011218/1543650120', '2018-12-01 14:41:00', 56, '<p>&nbsp;</p>'),
('INVC/BELI/011218/1543650183', '2018-12-01 14:42:00', 42, '<p>&nbsp;</p>'),
('INVC/BELI/011218/1543650402', '2018-12-01 14:46:00', 42, '<p>&nbsp;</p>'),
('INVC/BELI/011218/1543650552', '2018-12-01 14:48:00', 24, '<p>&nbsp;</p>'),
('INVC/BELI/020918/1535873429', '2018-09-02 14:28:00', 34, '<p>&nbsp;</p>'),
('INVC/BELI/020918/1535903608', '2018-09-02 22:37:00', 35, '<p>&nbsp;</p>'),
('INVC/BELI/020918/1535903685', '2018-09-02 22:53:00', 36, '<p>&nbsp;</p>'),
('INVC/BELI/021018/1538423873', '2018-10-02 02:56:00', 47, '<p>&nbsp;</p>'),
('INVC/BELI/021118/1541164051', '2018-11-02 20:06:00', 1, '<p>&nbsp;</p>'),
('INVC/BELI/030119/1546495987', '2019-01-03 13:12:00', 22, '<p>&nbsp;</p>'),
('INVC/BELI/040918/1535996748', '2018-09-04 00:42:00', 37, '<p>&nbsp;</p>'),
('INVC/BELI/040918/1536000823', '2018-09-04 01:52:00', 38, '<p>&nbsp;</p>'),
('INVC/BELI/040918/1536000872', '2018-09-04 01:54:00', 39, '<p>&nbsp;</p>'),
('INVC/BELI/040918/1536001064', '2018-09-04 01:56:00', 24, '<p>&nbsp;</p>'),
('INVC/BELI/050119/1546697521', '2019-01-05 21:10:00', 42, '<p>&nbsp;</p>'),
('INVC/BELI/050918/1536086084', '2018-09-04 23:30:00', 35, '<p>&nbsp;</p>'),
('INVC/BELI/050918/1536148438', '2018-09-05 18:47:00', 39, '<p>&nbsp;</p>'),
('INVC/BELI/050918/1536149930', '2018-09-05 19:17:00', 24, '<p>&nbsp;</p>'),
('INVC/BELI/051218/1544015496', '2018-12-05 20:10:00', 50, '<p>&nbsp;</p>'),
('INVC/BELI/080818/1533745053', '2018-08-08 23:16:00', 1, '<p>&nbsp;</p>'),
('INVC/BELI/080918/1536397418', '2018-09-08 16:02:00', 40, '<p>&nbsp;</p>'),
('INVC/BELI/080918/1536397587', '2018-09-08 16:05:00', 41, '<p>&nbsp;</p>'),
('INVC/BELI/081218/1544261655', '2018-12-08 16:33:00', 56, '<p>&nbsp;</p>'),
('INVC/BELI/090119/1547048926', '2019-01-09 22:48:00', 1, '<p>&nbsp;</p>'),
('INVC/BELI/090918/1536482191', '2018-09-09 15:35:00', 42, '<p>&nbsp;</p>'),
('INVC/BELI/090918/1536482251', '2018-09-09 15:36:00', 43, '<p>&nbsp;</p>'),
('INVC/BELI/090918/1536485115', '2018-09-09 16:20:00', 24, '<p>&nbsp;</p>'),
('INVC/BELI/091018/1539024896', '2018-10-09 01:50:00', 21, '<p>&nbsp;</p>'),
('INVC/BELI/100918/1536581151', '2018-09-10 19:04:00', 44, '<p>&nbsp;</p>'),
('INVC/BELI/100918/1536581208', '2018-09-10 19:06:00', 45, '<p>&nbsp;</p>'),
('INVC/BELI/101218/1544430042', '2018-12-10 15:17:00', 2, '<p>&nbsp;</p>'),
('INVC/BELI/101218/1544430148', '2018-12-10 15:21:00', 52, '<p>&nbsp;</p>'),
('INVC/BELI/110918/1536666101', '2018-09-11 18:35:00', 2, '<p>&nbsp;</p>'),
('INVC/BELI/111118/1541945368', '2018-11-11 21:06:00', 54, '<p>&nbsp;</p>'),
('INVC/BELI/111118/1541946766', '2018-11-11 21:24:00', 2, '<p>&nbsp;</p>'),
('INVC/BELI/120818/1534039635', '2018-08-12 09:06:00', 2, '<p>&nbsp;</p>'),
('INVC/BELI/140818/1534215910', '2018-08-14 10:04:00', 2, '<p>&nbsp;</p>'),
('INVC/BELI/140918/1536933227', '2018-09-14 20:52:00', 44, '<p>&nbsp;</p>'),
('INVC/BELI/141018/1539496569', '2018-10-14 12:48:00', 1, '<p>&nbsp;</p>'),
('INVC/BELI/141018/1539510553', '2018-10-14 16:47:00', 50, '<p>&nbsp;</p>'),
('INVC/BELI/141118/1542160800', '2018-11-14 08:59:00', 42, '<p>&nbsp;</p>'),
('INVC/BELI/141218/1544751482', '2018-12-14 08:37:00', 1, '<p>&nbsp;</p>'),
('INVC/BELI/150119/1547528440', '2019-01-15 11:59:00', 1, '<p>&nbsp;</p>'),
('INVC/BELI/150918/1536989587', '2018-09-15 12:31:00', 46, '<p>&nbsp;</p>'),
('INVC/BELI/151018/1539609980', '2018-10-15 20:25:00', 51, '<p>&nbsp;</p>'),
('INVC/BELI/151218/1544853665', '2018-12-15 12:59:00', 43, '<p>&nbsp;</p>'),
('INVC/BELI/170119/1547725490', '2019-01-17 18:43:00', 1, '<p>&nbsp;</p>'),
('INVC/BELI/171018/1539735767', '2018-10-17 07:21:00', 52, '<p>&nbsp;</p>'),
('INVC/BELI/171018/1539737953', '2018-10-17 07:58:00', 40, '<p>&nbsp;</p>'),
('INVC/BELI/200119/1547975284', '2019-01-20 16:07:00', 51, '<p>&nbsp;</p>'),
('INVC/BELI/200918/1537446624', '2018-09-20 19:28:00', 35, '<p>&nbsp;</p>'),
('INVC/BELI/200918/1537450413', '2018-09-20 20:32:00', 21, '<p>&nbsp;</p>'),
('INVC/BELI/201218/1545283691', '2018-12-20 12:26:00', 60, '<p>&nbsp;</p>'),
('INVC/BELI/210119/1548051573', '2019-01-21 13:17:00', 28, '<p>&nbsp;</p>'),
('INVC/BELI/211118/1542766087', '2018-11-21 09:07:00', 1, '<p>&nbsp;</p>'),
('INVC/BELI/220918/1537589271', '2018-09-22 11:07:00', 42, '<p>&nbsp;</p>'),
('INVC/BELI/220918/1537635074', '2018-09-22 23:50:00', 42, '<p>&nbsp;</p>'),
('INVC/BELI/221018/1540216016', '2018-10-22 20:46:00', 42, '<p>&nbsp;</p>'),
('INVC/BELI/221118/1542819855', '2018-11-22 00:00:00', 55, '<p>&nbsp;</p>'),
('INVC/BELI/221118/1542820881', '2018-11-22 00:04:00', 42, '<p>&nbsp;</p>'),
('INVC/BELI/221218/1545495365', '2018-12-22 23:15:00', 2, '<p>&nbsp;</p>'),
('INVC/BELI/230818/1535036524', '2018-08-23 21:14:00', 19, '<p>&nbsp;</p>'),
('INVC/BELI/230918/1537716154', '2018-09-23 22:22:00', 21, '<p>&nbsp;</p>'),
('INVC/BELI/251218/1545720716', '2018-12-25 13:50:00', 51, '<p>&nbsp;</p>'),
('INVC/BELI/260119/1548518081', '2019-01-26 22:45:00', 42, '<p>&nbsp;</p>'),
('INVC/BELI/261118/1543208332', '2018-11-26 11:44:00', 57, '<p>&nbsp;</p>'),
('INVC/BELI/261118/1543208806', '2018-11-26 12:06:00', 2, '<p>&nbsp;</p>'),
('INVC/BELI/261118/1543235439', '2018-11-26 19:30:00', 1, '<p>&nbsp;</p>'),
('INVC/BELI/261118/1543242600', '2018-11-26 21:26:00', 58, '<p>&nbsp;</p>'),
('INVC/BELI/270818/1535362596', '2018-08-27 16:35:00', 20, '<p>&nbsp;</p>'),
('INVC/BELI/270818/1535362801', '2018-08-27 16:39:00', 21, '<p>&nbsp;</p>'),
('INVC/BELI/270818/1535364505', '2018-08-27 17:00:00', 22, '<p>&nbsp;</p>'),
('INVC/BELI/270818/1535364537', '2018-08-27 17:08:00', 22, '<p>&nbsp;</p>'),
('INVC/BELI/270818/1535364720', '2018-08-27 17:09:00', 22, '<p>&nbsp;</p>'),
('INVC/BELI/270818/1535365021', '2018-08-27 17:12:00', 23, '<p>&nbsp;</p>'),
('INVC/BELI/271018/1540626681', '2018-10-27 14:41:00', 21, '<p>&nbsp;</p>'),
('INVC/BELI/271018/1540626804', '2018-10-27 14:52:00', 20, '<p>&nbsp;</p>'),
('INVC/BELI/271118/1543288199', '2018-11-27 10:08:00', 1, '<p>&nbsp;</p>'),
('INVC/BELI/280818/1535469942', '2018-08-28 22:25:00', 24, '<p>&nbsp;</p>'),
('INVC/BELI/290818/1535509060', '2018-08-29 09:16:00', 25, '<p>&nbsp;</p>'),
('INVC/BELI/290818/1535509133', '2018-08-29 09:17:00', 26, '<p>&nbsp;</p>'),
('INVC/BELI/290818/1535509548', '2018-08-29 09:20:00', 27, '<p>&nbsp;</p>'),
('INVC/BELI/290818/1535545886', '2018-08-29 19:27:00', 28, '<p>&nbsp;</p>'),
('INVC/BELI/290818/1535555245', '2018-08-29 22:03:00', 30, '<p>&nbsp;</p>'),
('INVC/BELI/290818/1535559283', '2018-08-29 23:14:00', 33, '<p>&nbsp;</p>'),
('INVC/BELI/291118/1543445705', '2018-11-29 05:48:00', 59, '<p>&nbsp;</p>'),
('INVC/BELI/300119/1548785376', '2019-01-30 01:09:00', 1, '<p>&nbsp;</p>'),
('INVC/BELI/300818/1535619322', '2018-08-30 15:53:00', 25, '<p>&nbsp;</p>'),
('INVC/BELI/300818/1535619559', '2018-08-30 15:58:00', 25, '<p>&nbsp;</p>'),
('INVC/BELI/301018/1540867000', '2018-10-30 09:34:00', 42, '<p>&nbsp;</p>'),
('INVC/BELI/301018/1540867029', '2018-10-30 09:36:00', 53, '<p>&nbsp;</p>'),
('INVC/BELI/301018/1540917084', '2018-10-30 23:31:00', 42, '<p>&nbsp;</p>'),
('INVC/BELI/311218/1546192644', '2018-12-31 00:56:00', 48, '<p>&nbsp;</p>'),
('INVC/BELI/311218/1546192678', '2018-12-31 00:57:00', 1, '<p>&nbsp;</p>');

-- --------------------------------------------------------

--
-- Table structure for table `tbl_belidetail`
--

CREATE TABLE `tbl_belidetail` (
  `beli_invoice` varchar(150) NOT NULL,
  `barang_kd` int(11) NOT NULL,
  `beli_hBeli` int(11) NOT NULL,
  `beli_jumlah` int(11) NOT NULL
) ENGINE=InnoDB DEFAULT CHARSET=latin1;

--
-- Dumping data for table `tbl_belidetail`
--

INSERT INTO `tbl_belidetail` (`beli_invoice`, `barang_kd`, `beli_hBeli`, `beli_jumlah`) VALUES
('INVC/BELI/080818/1533745053', 24, 365000, 5),
('INVC/BELI/080818/1533745053', 167, 400000, 1),
('INVC/BELI/120818/1534039635', 165, 8000, 20),
('INVC/BELI/120818/1534039635', 132, 20000, 5),
('INVC/BELI/120818/1534039635', 179, 8000, 20),
('INVC/BELI/120818/1534039635', 165, 8000, 20),
('INVC/BELI/120818/1534039635', 132, 20000, 5),
('INVC/BELI/120818/1534039635', 179, 8000, 20),
('INVC/BELI/140818/1534215910', 165, 8000, 20),
('INVC/BELI/140818/1534215910', 132, 20000, 5),
('INVC/BELI/140818/1534215910', 179, 8000, 20),
('INVC/BELI/230818/1535036524', 170, 550000, 1),
('INVC/BELI/270818/1535362596', 22, 110000, 2),
('INVC/BELI/270818/1535362801', 184, 150000, 1),
('INVC/BELI/270818/1535364505', 57, 140000, 3),
('INVC/BELI/270818/1535364505', 185, 140000, 8),
('INVC/BELI/270818/1535364505', 186, 100000, 2),
('INVC/BELI/270818/1535364505', 187, 110000, 2),
('INVC/BELI/270818/1535364537', 191, 30000, 5),
('INVC/BELI/270818/1535364720', 191, 25000, 8),
('INVC/BELI/270818/1535364720', 188, 25000, 10),
('INVC/BELI/270818/1535365021', 182, 94000, 1),
('INVC/BELI/270818/1535365021', 183, 94000, 3),
('INVC/BELI/270818/1535365021', 189, 0, 1),
('INVC/BELI/270818/1535365021', 190, 94000, 2),
('INVC/BELI/280818/1535469942', 192, 45000, 10),
('INVC/BELI/290818/1535509060', 194, 210000, 4),
('INVC/BELI/290818/1535509133', 195, 240000, 1),
('INVC/BELI/290818/1535509548', 195, 250000, 3),
('INVC/BELI/290818/1535509548', 194, 250000, 2),
('INVC/BELI/290818/1535509548', 193, 200000, 1),
('INVC/BELI/290818/1535545886', 82, 110000, 5),
('INVC/BELI/290818/1535545886', 83, 110000, 5),
('INVC/BELI/290818/1535555245', 23, 230000, 3),
('INVC/BELI/290818/1535559283', 196, 180000, 1),
('INVC/BELI/300818/1535619322', 193, 195000, 9),
('INVC/BELI/300818/1535619559', 193, 195000, 1),
('INVC/BELI/020918/1535873429', 32, 29000, 19),
('INVC/BELI/020918/1535903608', 193, 220000, 3),
('INVC/BELI/020918/1535903685', 196, 180000, 1),
('INVC/BELI/040918/1535996748', 196, 190000, 1),
('INVC/BELI/040918/1535996748', 193, 190000, 4),
('INVC/BELI/040918/1536000823', 193, 190000, 1),
('INVC/BELI/040918/1536000872', 23, 230000, 1),
('INVC/BELI/040918/1536001064', 197, 19000, 21),
('INVC/BELI/050918/1536086084', 193, 190000, 3),
('INVC/BELI/050918/1536148438', 23, 230000, 1),
('INVC/BELI/050918/1536149930', 201, 95000, 1),
('INVC/BELI/050918/1536149930', 199, 81000, 4),
('INVC/BELI/050918/1536149930', 198, 81000, 4),
('INVC/BELI/050918/1536149930', 200, 81000, 3),
('INVC/BELI/080918/1536397418', 202, 320000, 1),
('INVC/BELI/080918/1536397418', 196, 140000, 1),
('INVC/BELI/080918/1536397418', 193, 140000, 1),
('INVC/BELI/080918/1536397587', 22, 115000, 10),
('INVC/BELI/090918/1536482191', 193, 150000, 5),
('INVC/BELI/090918/1536482191', 66, 90000, 5),
('INVC/BELI/090918/1536482251', 6, 10000, 25),
('INVC/BELI/090918/1536485115', 203, 84000, 3),
('INVC/BELI/090918/1536485115', 204, 84000, 4),
('INVC/BELI/090918/1536485115', 205, 84000, 4),
('INVC/BELI/100918/1536581151', 195, 240000, 5),
('INVC/BELI/100918/1536581208', 29, 40000, 2),
('INVC/BELI/110918/1536666101', 37, 8000, 20),
('INVC/BELI/110918/1536666101', 117, 20000, 5),
('INVC/BELI/110918/1536666101', 111, 8000, 20),
('INVC/BELI/110918/1536666101', 119, 20000, 5),
('INVC/BELI/110918/1536666101', 118, 8000, 10),
('INVC/BELI/110918/1536666101', 122, 8000, 10),
('INVC/BELI/110918/1536666101', 130, 8000, 20),
('INVC/BELI/110918/1536666101', 138, 8000, 30),
('INVC/BELI/110918/1536666101', 141, 20000, 5),
('INVC/BELI/110918/1536666101', 140, 20000, 5),
('INVC/BELI/110918/1536666101', 209, 20000, 5),
('INVC/BELI/110918/1536666101', 206, 8000, 25),
('INVC/BELI/110918/1536666101', 207, 20000, 5),
('INVC/BELI/110918/1536666101', 210, 20000, 5),
('INVC/BELI/110918/1536666101', 208, 20000, 10),
('INVC/BELI/110918/1536666101', 146, 8000, 5),
('INVC/BELI/110918/1536666101', 158, 8000, 10),
('INVC/BELI/140918/1536933227', 194, 250000, 4),
('INVC/BELI/140918/1536933227', 195, 240000, 3),
('INVC/BELI/150918/1536989587', 23, 235000, 6),
('INVC/BELI/200918/1537446624', 195, 235000, 1),
('INVC/BELI/200918/1537446624', 194, 235000, 3),
('INVC/BELI/200918/1537450413', 35, 105000, 9),
('INVC/BELI/220918/1537589271', 196, 150000, 5),
('INVC/BELI/220918/1537635074', 66, 90000, 5),
('INVC/BELI/220918/1537635074', 213, 380000, 1),
('INVC/BELI/220918/1537635074', 211, 625000, 1),
('INVC/BELI/230918/1537716154', 195, 240000, 1),
('INVC/BELI/011018/1538377770', 195, 240000, 3),
('INVC/BELI/011018/1538377770', 194, 235000, 2),
('INVC/BELI/011018/1538377995', 206, 8000, 20),
('INVC/BELI/011018/1538377995', 125, 20000, 5),
('INVC/BELI/011018/1538377995', 154, 8000, 10),
('INVC/BELI/011018/1538377995', 126, 8000, 5),
('INVC/BELI/011018/1538377995', 158, 8000, 10),
('INVC/BELI/011018/1538377995', 179, 8000, 20),
('INVC/BELI/021018/1538423873', 63, 170000, 5),
('INVC/BELI/021018/1538423873', 62, 170000, 1),
('INVC/BELI/021018/1538423873', 61, 170000, 2),
('INVC/BELI/091018/1539024896', 195, 220000, 8),
('INVC/BELI/091018/1539024896', 194, 220000, 1),
('INVC/BELI/141018/1539496569', 82, 105000, 5),
('INVC/BELI/141018/1539496569', 83, 105000, 5),
('INVC/BELI/141018/1539510553', 39, 18000, 60),
('INVC/BELI/151018/1539609980', 193, 145000, 10),
('INVC/BELI/171018/1539735767', 231, 150000, 10),
('INVC/BELI/171018/1539737953', 49, 180000, 2),
('INVC/BELI/221018/1540216016', 214, 615000, 1),
('INVC/BELI/271018/1540626681', 194, 195000, 2),
('INVC/BELI/271018/1540626681', 195, 195000, 8),
('INVC/BELI/271018/1540626804', 232, 195000, 2),
('INVC/BELI/301018/1540867000', 66, 90000, 5),
('INVC/BELI/301018/1540867000', 233, 125000, 1),
('INVC/BELI/301018/1540867029', 82, 105000, 6),
('INVC/BELI/301018/1540917084', 233, 125000, 1),
('INVC/BELI/021118/1541164051', 237, 60000, 2),
('INVC/BELI/021118/1541164051', 236, 60000, 1),
('INVC/BELI/021118/1541164051', 235, 60000, 2),
('INVC/BELI/021118/1541164051', 240, 60000, 1),
('INVC/BELI/021118/1541164051', 238, 60000, 2),
('INVC/BELI/111118/1541945368', 68, 25000, 24),
('INVC/BELI/111118/1541945368', 241, 27000, 12),
('INVC/BELI/111118/1541945368', 242, 25000, 12),
('INVC/BELI/111118/1541946766', 138, 8000, 10),
('INVC/BELI/111118/1541946766', 140, 20000, 5),
('INVC/BELI/111118/1541946766', 130, 8000, 10),
('INVC/BELI/111118/1541946766', 141, 20000, 5),
('INVC/BELI/111118/1541946766', 154, 8000, 10),
('INVC/BELI/111118/1541946766', 209, 20000, 5),
('INVC/BELI/111118/1541946766', 206, 8000, 20),
('INVC/BELI/111118/1541946766', 210, 20000, 5),
('INVC/BELI/141118/1542160800', 213, 390000, 1),
('INVC/BELI/211118/1542766087', 243, 150000, 5),
('INVC/BELI/221118/1542819855', 245, 55000, 5),
('INVC/BELI/221118/1542819855', 99, 50000, 5),
('INVC/BELI/221118/1542819855', 244, 110000, 12),
('INVC/BELI/221118/1542820881', 194, 200000, 5),
('INVC/BELI/261118/1543208332', 243, 90000, 4),
('INVC/BELI/261118/1543208332', 195, 185000, 1),
('INVC/BELI/261118/1543208332', 194, 185000, 1),
('INVC/BELI/261118/1543208332', 249, 65000, 2),
('INVC/BELI/261118/1543208332', 248, 70000, 1),
('INVC/BELI/261118/1543208332', 231, 85000, 3),
('INVC/BELI/261118/1543208806', 250, 330000, 1),
('INVC/BELI/261118/1543235439', 251, 110000, 2),
('INVC/BELI/261118/1543242600', 29, 35000, 25),
('INVC/BELI/261118/1543242600', 27, 56000, 25),
('INVC/BELI/271118/1543288199', 231, 180000, 3),
('INVC/BELI/291118/1543445705', 248, 130000, 12),
('INVC/BELI/011218/1543650120', 47, 100000, 3),
('INVC/BELI/011218/1543650120', 248, 110000, 5),
('INVC/BELI/011218/1543650183', 67, 90000, 5),
('INVC/BELI/011218/1543650402', 255, 630000, 1),
('INVC/BELI/011218/1543650402', 254, 435000, 1),
('INVC/BELI/011218/1543650552', 192, 45000, 12),
('INVC/BELI/011218/1543650552', 23, 245000, 1),
('INVC/BELI/051218/1544015496', 38, 15000, 60),
('INVC/BELI/051218/1544015496', 32, 25000, 12),
('INVC/BELI/081218/1544261655', 251, 110000, 5),
('INVC/BELI/101218/1544430042', 138, 8000, 30),
('INVC/BELI/101218/1544430042', 139, 20000, 5),
('INVC/BELI/101218/1544430042', 140, 20000, 5),
('INVC/BELI/101218/1544430042', 206, 8000, 30),
('INVC/BELI/101218/1544430042', 150, 8000, 10),
('INVC/BELI/101218/1544430148', 256, 95000, 2),
('INVC/BELI/141218/1544751482', 257, 75000, 6),
('INVC/BELI/151218/1544853665', 5, 10000, 25),
('INVC/BELI/201218/1545283691', 41, 9300, 65),
('INVC/BELI/221218/1545495365', 23, 245000, 2),
('INVC/BELI/221218/1545495365', 141, 20000, 3),
('INVC/BELI/251218/1545720716', 195, 185000, 10),
('INVC/BELI/251218/1545720716', 194, 185000, 6),
('INVC/BELI/251218/1545720716', 257, 65000, 24),
('INVC/BELI/311218/1546192644', 215, 25000, 12),
('INVC/BELI/311218/1546192678', 261, 165000, 6),
('INVC/BELI/030119/1546495987', 22, 115000, 9),
('INVC/BELI/050119/1546697521', 193, 150000, 7),
('INVC/BELI/050119/1546697521', 243, 95000, 3),
('INVC/BELI/050119/1546697521', 32, 25000, 22),
('INVC/BELI/090119/1547048926', 23, 210000, 1),
('INVC/BELI/150119/1547528440', 196, 145000, 10),
('INVC/BELI/150119/1547528440', 23, 225000, 4),
('INVC/BELI/170119/1547725490', 27, 50000, 40),
('INVC/BELI/170119/1547725490', 28, 50000, 20),
('INVC/BELI/170119/1547725490', 29, 35000, 15),
('INVC/BELI/170119/1547725490', 243, 95000, 10),
('INVC/BELI/170119/1547725490', 214, 600000, 1),
('INVC/BELI/200119/1547975284', 248, 100000, 2),
('INVC/BELI/200119/1547975284', 243, 90000, 3),
('INVC/BELI/210119/1548051573', 82, 105000, 5),
('INVC/BELI/210119/1548051573', 83, 105000, 6),
('INVC/BELI/210119/1548051573', 27, 50000, 39),
('INVC/BELI/210119/1548051573', 29, 35000, 15),
('INVC/BELI/210119/1548051573', 28, 50000, 20),
('INVC/BELI/260119/1548518081', 194, 185000, 10),
('INVC/BELI/260119/1548518081', 195, 185000, 10),
('INVC/BELI/260119/1548518081', 255, 625000, 1),
('INVC/BELI/300119/1548785376', 248, 100000, 1);

--
-- Triggers `tbl_belidetail`
--
DELIMITER $$
CREATE TRIGGER `rollback_pembelian` AFTER DELETE ON `tbl_belidetail` FOR EACH ROW UPDATE tbl_barang SET barang_stok = barang_stok - old.beli_jumlah WHERE barang_kd = old.barang_kd
$$
DELIMITER ;
DELIMITER $$
CREATE TRIGGER `stok_tambah` AFTER INSERT ON `tbl_belidetail` FOR EACH ROW UPDATE tbl_barang SET
	barang_stok = barang_stok + new.beli_jumlah,
    barang_hBeli = new.beli_hBeli
WHERE
    barang_kd = new.barang_kd
$$
DELIMITER ;
DELIMITER $$
CREATE TRIGGER `update_tambahStok` AFTER UPDATE ON `tbl_belidetail` FOR EACH ROW UPDATE tbl_barang SET
	barang_stok = barang_stok + (new.beli_jumlah - old.beli_jumlah),
    barang_hBeli = new.beli_hBeli
WHERE
    barang_kd = new.barang_kd
$$
DELIMITER ;

-- --------------------------------------------------------

--
-- Table structure for table `tbl_belilog`
--

CREATE TABLE `tbl_belilog` (
  `log_id` int(11) NOT NULL,
  `akun_id` int(11) NOT NULL,
  `beli_invoice` varchar(150) NOT NULL,
  `log_tanggal` datetime NOT NULL,
  `log_biayaLain` int(11) NOT NULL,
  `log_bayar` int(11) NOT NULL
) ENGINE=InnoDB DEFAULT CHARSET=latin1;

--
-- Dumping data for table `tbl_belilog`
--

INSERT INTO `tbl_belilog` (`log_id`, `akun_id`, `beli_invoice`, `log_tanggal`, `log_biayaLain`, `log_bayar`) VALUES
(1, 1, 'INVC/BELI/080818/1533745053', '2018-08-08 23:16:00', 12500, 2237500),
(2, 1, 'INVC/BELI/120818/1534039635', '2018-08-12 09:06:00', 0, 420000),
(3, 1, 'INVC/BELI/120818/1534039635', '2018-08-12 09:06:00', 0, 420000),
(4, 1, 'INVC/BELI/140818/1534215910', '2018-08-14 10:04:00', 0, 420000),
(5, 1, 'INVC/BELI/230818/1535036524', '2018-08-23 21:14:00', 35000, 585000),
(6, 1, 'INVC/BELI/270818/1535362596', '2018-08-27 16:35:00', 0, 220000),
(7, 1, 'INVC/BELI/270818/1535362596', '2018-08-27 16:37:00', 16000, 16000),
(8, 1, 'INVC/BELI/270818/1535362801', '2018-08-27 16:39:00', 0, 150000),
(9, 1, 'INVC/BELI/270818/1535364505', '2018-08-27 17:00:00', 32000, 1992000),
(10, 1, 'INVC/BELI/270818/1535364537', '2018-08-27 17:08:00', 0, 150000),
(11, 1, 'INVC/BELI/270818/1535364720', '2018-08-27 17:09:00', 18000, 468000),
(12, 1, 'INVC/BELI/270818/1535365021', '2018-08-27 17:12:00', 0, 564000),
(15, 1, 'INVC/BELI/280818/1535469942', '2018-08-28 22:25:00', 0, 450000),
(16, 1, 'INVC/BELI/290818/1535509060', '2018-08-29 09:16:00', 17768, 857768),
(17, 1, 'INVC/BELI/290818/1535509133', '2018-08-29 09:17:00', 480, 240480),
(18, 1, 'INVC/BELI/290818/1535509548', '2018-08-29 09:20:00', 26500, 1476500),
(19, 1, 'INVC/BELI/290818/1535509548', '2018-08-29 19:22:00', 0, 0),
(20, 1, 'INVC/BELI/290818/1535509133', '2018-08-29 19:23:00', 0, 0),
(21, 1, 'INVC/BELI/290818/1535545886', '2018-08-29 19:27:00', 36000, 1136000),
(22, 1, 'INVC/BELI/290818/1535555245', '2018-08-29 22:03:00', 16531, 706531),
(23, 1, 'INVC/BELI/290818/1535559283', '2018-08-29 23:14:00', 462, 180462),
(24, 1, 'INVC/BELI/300818/1535619322', '2018-08-30 15:53:00', 73454, 1828454),
(25, 1, 'INVC/BELI/300818/1535619559', '2018-08-30 15:58:00', 1288, 196288),
(26, 1, 'INVC/BELI/300818/1535619559', '2018-09-01 01:38:00', 0, 0),
(27, 1, 'INVC/BELI/020918/1535873429', '2018-09-02 14:28:00', 0, 551000),
(28, 1, 'INVC/BELI/020918/1535903608', '2018-09-02 22:37:00', 19402, 679402),
(29, 1, 'INVC/BELI/020918/1535903685', '2018-09-02 22:53:00', 512, 180512),
(30, 1, 'INVC/BELI/040918/1535996748', '2018-09-04 00:42:00', 44570, 994570),
(31, 1, 'INVC/BELI/040918/1536000823', '2018-09-04 01:52:00', 11351, 201351),
(32, 1, 'INVC/BELI/040918/1536000872', '2018-09-04 01:54:00', 0, 230000),
(33, 1, 'INVC/BELI/040918/1536001064', '2018-09-04 01:56:00', 1765, 400765),
(34, 1, 'INVC/BELI/050918/1536086084', '2018-09-04 23:30:00', 109787, 679787),
(35, 1, 'INVC/BELI/050918/1536148438', '2018-09-05 18:47:00', 0, 230000),
(36, 1, 'INVC/BELI/050918/1536149930', '2018-09-05 19:17:00', 10000, 996000),
(37, 1, 'INVC/BELI/080918/1536397418', '2018-09-08 16:02:00', 26000, 626000),
(38, 1, 'INVC/BELI/080918/1536397587', '2018-09-08 16:05:00', 18000, 1168000),
(39, 1, 'INVC/BELI/090918/1536482191', '2018-09-09 15:35:00', 0, 1200000),
(40, 1, 'INVC/BELI/090918/1536482251', '2018-09-09 15:36:00', 0, 250000),
(41, 1, 'INVC/BELI/080918/1536397418', '2018-09-09 16:00:00', 0, 0),
(42, 1, 'INVC/BELI/090918/1536485115', '2018-09-09 16:20:00', 14000, 938000),
(43, 1, 'INVC/BELI/100918/1536581151', '2018-09-10 19:04:00', 14000, 1214000),
(44, 1, 'INVC/BELI/100918/1536581208', '2018-09-10 19:06:00', 0, 80000),
(45, 1, 'INVC/BELI/110918/1536666101', '2018-09-11 18:35:00', 0, 2100000),
(46, 1, 'INVC/BELI/140918/1536933227', '2018-09-14 20:52:00', 36000, 1756000),
(47, 1, 'INVC/BELI/150918/1536989587', '2018-09-15 12:31:00', 14000, 1424000),
(48, 1, 'INVC/BELI/200918/1537446624', '2018-09-20 19:28:00', 40000, 980000),
(49, 1, 'INVC/BELI/200918/1537450413', '2018-09-20 20:32:00', 2000, 947000),
(50, 1, 'INVC/BELI/110918/1536666101', '2018-09-20 21:08:00', 0, 0),
(51, 1, 'INVC/BELI/220918/1537589271', '2018-09-22 11:07:00', 0, 750000),
(52, 1, 'INVC/BELI/220918/1537635074', '2018-09-22 23:50:00', 0, 1455000),
(53, 1, 'INVC/BELI/230918/1537716154', '2018-09-23 22:22:00', 0, 240000),
(54, 1, 'INVC/BELI/011018/1538377770', '2018-10-01 14:08:00', 0, 1190000),
(55, 1, 'INVC/BELI/011018/1538377995', '2018-10-01 14:11:00', 6500, 626500),
(56, 1, 'INVC/BELI/021018/1538423873', '2018-10-02 02:56:00', 6500, 1366500),
(57, 1, 'INVC/BELI/091018/1539024896', '2018-10-09 01:50:00', 55000, 2035000),
(58, 1, 'INVC/BELI/141018/1539496569', '2018-10-14 12:48:00', 36000, 1086000),
(59, 1, 'INVC/BELI/141018/1539510553', '2018-10-14 16:47:00', 55642, 1135642),
(60, 1, 'INVC/BELI/151018/1539609980', '2018-10-15 20:25:00', 0, 1450000),
(61, 1, 'INVC/BELI/171018/1539735767', '2018-10-17 07:21:00', 180000, 1680000),
(62, 1, 'INVC/BELI/171018/1539737953', '2018-10-17 07:58:00', 0, 360000),
(63, 1, 'INVC/BELI/221018/1540216016', '2018-10-22 20:46:00', 0, 615000),
(64, 1, 'INVC/BELI/271018/1540626681', '2018-10-27 14:41:00', 180000, 2130000),
(65, 1, 'INVC/BELI/271018/1540626804', '2018-10-27 14:52:00', 0, 390000),
(66, 1, 'INVC/BELI/301018/1540867000', '2018-10-30 09:34:00', 0, 575000),
(67, 1, 'INVC/BELI/301018/1540867029', '2018-10-30 09:36:00', 0, 630000),
(68, 1, 'INVC/BELI/301018/1540917084', '2018-10-30 23:31:00', 0, 125000),
(69, 1, 'INVC/BELI/021118/1541164051', '2018-11-02 20:06:00', 0, 480000),
(70, 1, 'INVC/BELI/111118/1541945368', '2018-11-11 21:06:00', 20000, 1244000),
(71, 1, 'INVC/BELI/111118/1541946766', '2018-11-11 21:24:00', 0, 800000),
(72, 1, 'INVC/BELI/141118/1542160800', '2018-11-14 08:59:00', 0, 390000),
(73, 1, 'INVC/BELI/211118/1542766087', '2018-11-21 09:07:00', 25000, 775000),
(74, 1, 'INVC/BELI/221118/1542819855', '2018-11-22 00:00:00', 36000, 1881000),
(75, 1, 'INVC/BELI/221118/1542820881', '2018-11-22 00:04:00', 0, 1000000),
(76, 1, 'INVC/BELI/261118/1543208332', '2018-11-26 11:44:00', 0, 1185000),
(77, 1, 'INVC/BELI/261118/1543208806', '2018-11-26 12:06:00', 0, 330000),
(78, 1, 'INVC/BELI/261118/1543235439', '2018-11-26 19:30:00', 0, 220000),
(79, 1, 'INVC/BELI/261118/1543242600', '2018-11-26 21:26:00', 0, 2275000),
(80, 1, 'INVC/BELI/271118/1543288199', '2018-11-27 10:08:00', 30000, 570000),
(81, 1, 'INVC/BELI/291118/1543445705', '2018-11-29 05:48:00', 36000, 1596000),
(82, 1, 'INVC/BELI/011218/1543650120', '2018-12-01 14:41:00', 0, 850000),
(83, 1, 'INVC/BELI/011218/1543650183', '2018-12-01 14:42:00', 0, 450000),
(84, 1, 'INVC/BELI/011218/1543650402', '2018-12-01 14:46:00', 0, 0),
(85, 1, 'INVC/BELI/011218/1543650552', '2018-12-01 14:48:00', 0, 785000),
(86, 1, 'INVC/BELI/051218/1544015496', '2018-12-05 20:10:00', 50000, 1250000),
(87, 1, 'INVC/BELI/081218/1544261655', '2018-12-08 16:33:00', 0, 550000),
(88, 1, 'INVC/BELI/101218/1544430042', '2018-12-10 15:17:00', 7000, 767000),
(89, 1, 'INVC/BELI/101218/1544430148', '2018-12-10 15:21:00', 0, 190000),
(90, 1, 'INVC/BELI/141218/1544751482', '2018-12-14 08:37:00', 20000, 470000),
(91, 1, 'INVC/BELI/151218/1544853665', '2018-12-15 12:59:00', 0, 250000),
(92, 1, 'INVC/BELI/201218/1545283691', '2018-12-20 12:26:00', 70000, 674500),
(93, 1, 'INVC/BELI/221218/1545495365', '2018-12-22 23:15:00', 0, 550000),
(94, 1, 'INVC/BELI/251218/1545720716', '2018-12-25 13:50:00', 0, 4520000),
(95, 1, 'INVC/BELI/311218/1546192644', '2018-12-31 00:56:00', 0, 300000),
(96, 1, 'INVC/BELI/311218/1546192678', '2018-12-31 00:57:00', 20000, 1010000),
(97, 1, 'INVC/BELI/030119/1546495987', '2019-01-03 13:12:00', 30000, 1065000),
(98, 1, 'INVC/BELI/050119/1546697521', '2019-01-05 21:10:00', 40000, 1925000),
(99, 1, 'INVC/BELI/090119/1547048926', '2019-01-09 22:48:00', 0, 105000),
(100, 1, 'INVC/BELI/090119/1547048926', '2019-01-09 22:48:00', 0, 105000),
(101, 1, 'INVC/BELI/150119/1547528440', '2019-01-15 11:59:00', 0, 2350000),
(102, 1, 'INVC/BELI/170119/1547725490', '2019-01-17 18:43:00', 0, 5075000),
(103, 1, 'INVC/BELI/200119/1547975284', '2019-01-20 16:07:00', 0, 470000),
(104, 1, 'INVC/BELI/210119/1548051573', '2019-01-21 13:17:00', 270000, 4900000),
(105, 1, 'INVC/BELI/260119/1548518081', '2019-01-26 22:45:00', 0, 4325000),
(106, 1, 'INVC/BELI/300119/1548785376', '2019-01-30 01:09:00', 0, 100000);

--
-- Triggers `tbl_belilog`
--
DELIMITER $$
CREATE TRIGGER `kas_hapusPembelian` AFTER DELETE ON `tbl_belilog` FOR EACH ROW DELETE FROM tbl_kas WHERE kas_ref = old.beli_invoice
$$
DELIMITER ;
DELIMITER $$
CREATE TRIGGER `kas_pembelian` AFTER INSERT ON `tbl_belilog` FOR EACH ROW INSERT INTO tbl_kas 
            (kas_tanggal, kas_kode, kas_nominal, kas_keterangan, kas_ref) 
        VALUES 
            (new.log_tanggal, 'K', new.log_bayar, 'Pembelian', new.beli_invoice)
$$
DELIMITER ;

-- --------------------------------------------------------

--
-- Table structure for table `tbl_cust`
--

CREATE TABLE `tbl_cust` (
  `cust_id` int(11) NOT NULL,
  `cust_nama` varchar(150) NOT NULL,
  `cust_kontak` text DEFAULT NULL,
  `cust_detail` text DEFAULT NULL
) ENGINE=InnoDB DEFAULT CHARSET=latin1;

--
-- Dumping data for table `tbl_cust`
--

INSERT INTO `tbl_cust` (`cust_id`, `cust_nama`, `cust_kontak`, `cust_detail`) VALUES
(1, 'mantong', '111', NULL),
(2, 'grey', '8683', NULL),
(3, 'ryfa', '11', NULL),
(4, 'tejo', '1', NULL),
(5, 'komank', '11', NULL),
(6, 'aji jco', '1', NULL),
(7, 'bayu', '0', NULL),
(8, 'yosa', '1', NULL),
(9, 'ade pra', '1', NULL),
(10, 'satria', '11', NULL),
(11, 'raven', '1', NULL),
(12, 'weko', '1', NULL),
(13, 'faizol', '71324', NULL),
(14, 'anum', '1', NULL),
(15, 'philip', '1', NULL),
(16, 'lutfi', '1', NULL),
(17, 'satria', '1', NULL),
(18, 'kiki', '1', NULL),
(19, 'andara ', '1', NULL),
(20, 'rifki', '1', NULL),
(21, 'boby', '1', NULL),
(22, 'arkan', '1', NULL),
(23, 'abe', '1', NULL),
(24, 'zihantoro', '1', NULL),
(25, 'satrio sabdatama', '1', NULL),
(26, 'asep somantri', '1', NULL),
(27, 'galuh utomo', '1', NULL),
(28, 'adit xmax', '1', NULL),
(29, 'alfi', '1', NULL),
(30, 'ramadhan rungkut surabaya', '2', NULL),
(31, 'adi ( bp arifin )', '1', NULL),
(32, 'dede suratman pangandaran', '1', NULL),
(33, 'joshua pram', '1', NULL),
(34, 'wadya', '1', NULL),
(35, 'adit jco', '1', NULL),
(36, 'alex jco', '1', NULL),
(37, 'obin', '1', NULL),
(38, 'agus jco', '1', NULL),
(39, 'lucky', '1', NULL),
(40, 'ivan suryatama', '1', NULL),
(41, 'rudi setiawan magelang', '1', NULL),
(42, 'raynaldo', '1', NULL),
(43, 'rilok', '1', NULL),
(44, 'gea', '1', NULL),
(45, 'weko', '1', NULL),
(46, 'bimo', '1', NULL),
(47, 'hanif r15', '1', NULL),
(48, 'deny srikandi', '1', NULL),
(49, 'aryadita', '1', NULL),
(50, 'roby', '1', NULL),
(51, 'chandra', '1', NULL),
(52, 'rahmat', '1', NULL),
(53, 'anas', '1', NULL),
(54, 'anas', '1', NULL),
(55, 'anas', '1', NULL),
(56, 'joshua kevin', '1', NULL),
(57, 'Nursyad', '1', NULL),
(58, 'dedel', '1', NULL),
(59, 'fajar ramdhani', '1', NULL),
(60, 'harits tabasa', '1', NULL),
(61, 'sandi wahyu', '1', NULL),
(62, 'natan', 'IG', 'from ig'),
(63, 'ridhok', '', ''),
(64, 'prama ', '', 'atma'),
(65, 'surya adam ', '', 'jakarta pusat'),
(66, 'aries HL', '', 'helmet loverjogja'),
(67, 'bagas alqadri', '', ''),
(68, 'achox', '1', 'aerox'),
(69, 'ari', '', 'r10'),
(70, 'radit', '', 'nmax'),
(71, 'marcel', '', ''),
(72, 'kennet', '', 'corsa itc'),
(73, 'sakti', '', 'r25'),
(74, 'alfin', '', 'ig'),
(75, 'riza deka', '', ''),
(76, 'wahyu budi', '', ''),
(77, 'hafiz apit karawang', '', ''),
(78, 'haryok bmd', '', ''),
(79, 'Saka', '', ''),
(80, 'Afif HL jogja', '', ''),
(81, 'miko pos', '', ''),
(82, 'gunawan', '', ''),
(83, 'dani', '', ''),
(84, 'aditya kurnia sukabumi', '', ''),
(85, 'andi sukma karawang', '', ''),
(86, 'rizky supra', '', ''),
(87, 'fian', '', ''),
(88, 'weldi bagus binjai', '', ''),
(89, 'weldi bagus binjai', '', ''),
(90, 'andrian katam', '', ''),
(91, 'riwanda alan', '', ''),
(92, 'hikmat', '', ''),
(93, 'ando motor wonosobo', '', ''),
(94, 'irfan veda', '', ''),
(95, 'raihan', '', ''),
(96, 'rahman', '', ''),
(97, 'nur aji', '', ''),
(98, 'dendy sena', '', ''),
(99, 'yoga cbr', '', ''),
(100, 'aries setiawan', '', ''),
(101, 'dhimas herlisyah', '', ''),
(102, 'fachri', '', ''),
(103, 'dimas ', '', ''),
(104, 'sony ovi', '', ''),
(105, 'rendy', '', ''),
(106, 'gombloh', '', ''),
(107, 'Ganjar', '', ''),
(108, 'Izzy', '', ''),
(109, 'Adit', '', ''),
(110, 'Om Imam', '', ''),
(111, 'Hanan', '', ''),
(112, 'Johandi Tuban', '', ''),
(113, 'Al', '', ''),
(114, 'Owner', '', ''),
(115, 'Unyil Bontang', '', ''),
(116, 'Irvan Bunga', '', ''),
(117, 'Seto Bob', '', ''),
(118, 'Rafi', '', ''),
(119, 'Syarif', '', ''),
(120, 'Ibu Sri Yuwani', '', ''),
(121, 'Rizal Adhi ', '', ''),
(122, 'Solivadey', '', ''),
(123, 'Ricky Hl', '', ''),
(124, 'Gembil', '', ''),
(125, 'Rizki Rdc', '', ''),
(126, 'Pak Karso', '', ''),
(127, 'Nobi', '', ''),
(128, 'Fahmi Burhan Wonsa', '', ''),
(129, 'Rizki Supra Holic', '', ''),
(130, 'Yulius Welly', '', ''),
(131, 'Chandra Magelang', '', ''),
(132, 'Sonny Aristianto', '', ''),
(133, 'Fc Signora', '', ''),
(134, 'Amin Taufik', '', ''),
(135, 'Bambang Rasjid', '', ''),
(136, 'Aditya Rahman', '', ''),
(137, 'Hanzi', '085725030777', ''),
(138, 'Dandicha', '082234363778', ''),
(139, 'Rahadian Upn', '', ''),
(140, 'Agung Dokter', '', ''),
(142, 'Al Fatoni', '08975002422', ''),
(147, 'Dwiki Jonathan', '085729269194', ''),
(148, 'Nur Roby', '085603942963', ''),
(149, 'Rian Nugraha', '08130224242', ''),
(150, 'Dedy Prasetyo', '085618658511', ''),
(151, 'Danang', '', ''),
(152, 'Edgar', '', ''),
(153, 'Arif', '', ''),
(154, 'Arung', '', ''),
(155, 'Alfa', '', ''),
(156, 'Dedi Riswanto', '', ''),
(157, 'Defan Bayu', '081391700163', ''),
(158, 'Irfan Sazali', '', ''),
(159, 'Nanang Efendi', '08784571277', ''),
(160, 'Adi Sadhar', '', ''),
(161, 'Meda Nadianto', '', ''),
(162, 'Eko Awaludin', '', ''),
(163, 'Sodiq', '', ''),
(164, 'Dika Bandung', '', ''),
(165, 'David', '', ''),
(166, 'ATALAH BAYU', '', ''),
(167, 'Yohanes Galih', '', ''),
(168, 'Farid Fajar', '', ''),
(169, 'Udin', '', ''),
(170, 'Mbah Gito', '', ''),
(171, 'Randy Cb', '', ''),
(172, 'Satria JKT', '', ''),
(173, 'Ega Nugraha HLjogja', '', ''),
(174, 'Salman Kamal', '', ''),
(175, 'Ahmad Ismail Medan', '', ''),
(176, 'Nurdiyanto', '', ''),
(177, 'Johan Adi Pati Jateng', '', ''),
(178, 'Acung Cyber', '', ''),
(179, 'Rofiq', '', ''),
(180, 'Alex Gabrielo', '', ''),
(181, 'Raven', '', ''),
(182, 'Josh Abim', '', ''),
(183, 'Kukuh Eka', '', ''),
(184, 'Shal Ganza', '', ''),
(185, 'Jazi', '', ''),
(186, 'Adib Tangerang Upn', '', ''),
(187, 'Edwin Jkt', '', ''),
(188, 'Chandra ', '', ''),
(189, 'Apif', '', ''),
(190, 'Miftakhul', '', ''),
(191, 'Egal', '', ''),
(192, 'Eko Jco', '', ''),
(193, 'Owner', '', ''),
(194, 'Yudek', '', ''),
(195, 'Kukuh Ekha', '', ''),
(196, 'Kevin', '', ''),
(197, 'Arif Nur Kalsel', '', ''),
(198, 'Yeyet Ones', '', ''),
(199, 'Gilang', '', ''),
(200, 'Ibmv', '', ''),
(201, 'Novree', '', ''),
(202, 'Wanjox', '', ''),
(203, 'Zulfi Karanganyar', '', ''),
(204, 'Faiz', '', ''),
(205, 'Ivan Rinaldo', '', ''),
(206, 'Ghufran', '', ''),
(207, 'Tomi', '', ''),
(208, 'Ave', '', ''),
(209, 'Riski Sidoarjo', '', ''),
(210, 'Vickry Jkt', '', ''),
(211, 'Catur Chung', '', ''),
(212, 'Satya Umy', '', ''),
(213, 'M.irpani', '', ''),
(214, 'Arif Pramana', '', ''),
(215, 'Edy Prayinto', '', ''),
(216, 'Johan Jkt', '', ''),
(217, 'Arva', '', ''),
(218, 'Johan Christian Jkt', '', ''),
(219, 'Michael Itc', '', ''),
(220, 'Adhani Cyber', '', ''),
(221, 'Uga Jco', '', ''),
(222, 'Catur Cyber', '', ''),
(223, 'Ryo Cyber', '', ''),
(224, 'Elezar Smg', '', ''),
(225, 'Agung Umy', '', ''),
(226, 'Erik Supra Holic', '', ''),
(227, 'Nawi', '', ''),
(228, 'Agus Jco', '', ''),
(229, 'Rizal', '', ''),
(230, 'Tofik Jkt', '', ''),
(231, 'Huda Pamungkas', '', ''),
(232, 'Rio Rizki', '', ''),
(233, 'Bima', '', ''),
(234, 'Agas Atma', '', ''),
(235, 'Ori', '', ''),
(236, 'Oka', '', ''),
(237, 'Oka', '', ''),
(238, 'Rizki Jp', '', ''),
(239, 'Chandra Adi', '', ''),
(240, 'Tegar Cahyadi', '', ''),
(241, 'Andromotor', '', ''),
(242, 'Johanes', '', ''),
(243, 'Nicolas', '', ''),
(244, 'Yofi Malang', '', ''),
(245, 'Aditya Sleman', '', ''),
(246, 'Andi Blackjangkrik', '', ''),
(247, 'Tyo Cyber', '', ''),
(248, 'Aksyal', '', ''),
(249, 'Dony Semarang', '', ''),
(250, 'Aldebaran', '', ''),
(251, 'Pak Imam Deni', '', ''),
(252, 'Imam Fu', '', ''),
(253, 'Nofirandi', '', ''),
(254, 'Adi Prakosa', '', ''),
(255, 'Raka Dr Vapor', '', ''),
(256, 'Aziz Dprd', '', ''),
(257, 'Oky', '', ''),
(258, 'Boby Tembalang', '', ''),
(259, 'Fitra Yanti', '', ''),
(260, 'Ian Tallo Makassar', '', ''),
(261, 'Raga', '', ''),
(262, 'Danur Dprd', '', ''),
(263, 'Pitut Jimo', '', ''),
(264, 'Ikhsan Gandrungmangu', '', ''),
(265, 'Ryan Dwi', '', ''),
(266, 'Sukma Agung', '', ''),
(267, 'Masud On', '', ''),
(268, 'Rio Supraholic', '', ''),
(269, 'Lili Banyuwangi', '', ''),
(270, 'Faqih Eko', '', ''),
(271, 'Marcel Mertoyudan', '', ''),
(272, 'Hadepek', '', ''),
(273, 'Naufal', '', ''),
(274, 'Yayak', '', ''),
(275, 'Yayak', '', ''),
(276, 'Regy', '', '');

-- --------------------------------------------------------

--
-- Table structure for table `tbl_jual`
--

CREATE TABLE `tbl_jual` (
  `jual_invoice` varchar(150) NOT NULL,
  `cust_id` int(11) DEFAULT NULL,
  `toko_id` int(11) NOT NULL,
  `jual_tgl` datetime NOT NULL,
  `jual_detail` text DEFAULT NULL
) ENGINE=InnoDB DEFAULT CHARSET=latin1;

--
-- Dumping data for table `tbl_jual`
--

INSERT INTO `tbl_jual` (`jual_invoice`, `cust_id`, `toko_id`, `jual_tgl`, `jual_detail`) VALUES
('INVC/JUAL/010119/1546282681', NULL, 3, '2019-01-01 01:57:00', '<p>&nbsp;</p>'),
('INVC/JUAL/010918/1535734863', 155, 2, '2018-08-31 23:57:00', '<p>&nbsp;</p>'),
('INVC/JUAL/010918/1535735082', 156, 14, '2018-09-01 00:02:00', '<p>&nbsp;</p>'),
('INVC/JUAL/010918/1535735165', 61, 3, '2018-09-01 00:05:00', '<p>&nbsp;</p>'),
('INVC/JUAL/010918/1535735235', 109, 3, '2018-09-01 00:06:00', '<p>&nbsp;</p>'),
('INVC/JUAL/010918/1535738797', 157, 14, '2018-09-01 01:05:00', '<p>belum kirim</p>'),
('INVC/JUAL/010918/1535740956', 158, 3, '2018-09-01 01:41:00', '<p>&nbsp;</p>'),
('INVC/JUAL/010918/1535786202', 159, 3, '2018-09-01 14:15:00', '<p>belum kirim</p>'),
('INVC/JUAL/010918/1535787024', 160, 3, '2018-09-01 14:29:00', '<p>&nbsp;</p>'),
('INVC/JUAL/010918/1535788531', 161, 1, '2018-09-01 14:54:00', '<p>&nbsp;</p>'),
('INVC/JUAL/010918/1535788585', 162, 1, '2018-09-01 14:55:00', '<p>&nbsp;</p>'),
('INVC/JUAL/010918/1535788720', 163, 3, '2018-09-01 14:57:00', '<p>&nbsp;</p>'),
('INVC/JUAL/010918/1535791041', 164, 3, '2018-09-01 15:36:00', '<p>&nbsp;</p>'),
('INVC/JUAL/010918/1535802419', 165, 3, '2018-09-01 18:40:00', '<p>&nbsp;</p>'),
('INVC/JUAL/010918/1535802537', 165, 3, '2018-09-01 18:48:00', '<p>&nbsp;</p>'),
('INVC/JUAL/010918/1535803015', 166, 3, '2018-09-01 18:49:00', '<p>&nbsp;</p>'),
('INVC/JUAL/010918/1535803177', 167, 3, '2018-09-01 18:59:00', '<p>&nbsp;</p>'),
('INVC/JUAL/010918/1535808862', 147, 3, '2018-09-01 20:33:00', '<p>&nbsp;</p>'),
('INVC/JUAL/010918/1535811425', 168, 3, '2018-09-01 21:14:00', '<p>&nbsp;</p>'),
('INVC/JUAL/010918/1535813107', 167, 3, '2018-09-01 21:44:00', '<p>&nbsp;</p>'),
('INVC/JUAL/011018/1538377686', NULL, 3, '2018-10-01 14:07:00', '<p>&nbsp;</p>'),
('INVC/JUAL/011018/1538377836', NULL, 3, '2018-10-01 14:09:00', '<p>&nbsp;</p>'),
('INVC/JUAL/011018/1538391849', NULL, 3, '2018-10-01 18:03:00', '<p>&nbsp;</p>'),
('INVC/JUAL/011018/1538393055', 256, 3, '2018-10-01 18:23:00', '<p>&nbsp;</p>'),
('INVC/JUAL/011118/1541006352', NULL, 3, '2018-11-01 00:18:00', '<p>&nbsp;</p>'),
('INVC/JUAL/011218/1543650775', NULL, 3, '2018-12-01 14:49:00', '<p>&nbsp;</p>'),
('INVC/JUAL/011218/1543650930', NULL, 3, '2018-12-01 14:53:00', '<p>&nbsp;</p>'),
('INVC/JUAL/011218/1543650965', NULL, 3, '2018-12-01 14:55:00', '<p>&nbsp;</p>'),
('INVC/JUAL/011218/1543651034', NULL, 3, '2018-12-01 14:56:00', '<p>&nbsp;</p>'),
('INVC/JUAL/011218/1543651198', NULL, 3, '2018-12-01 14:59:00', '<p>&nbsp;</p>'),
('INVC/JUAL/011218/1543662363', NULL, 3, '2018-12-01 18:04:00', '<p>&nbsp;</p>'),
('INVC/JUAL/020119/1546411368', NULL, 3, '2019-01-02 13:42:00', '<p>&nbsp;</p>'),
('INVC/JUAL/020119/1546411463', NULL, 3, '2019-01-02 13:43:00', '<p>&nbsp;</p>'),
('INVC/JUAL/020119/1546411872', NULL, 3, '2019-01-02 13:48:00', '<p>&nbsp;</p>'),
('INVC/JUAL/020119/1546411943', NULL, 3, '2019-01-02 13:52:00', '<p>&nbsp;</p>'),
('INVC/JUAL/020119/1546433125', NULL, 3, '2019-01-02 19:43:00', '<p>&nbsp;</p>'),
('INVC/JUAL/020119/1546433223', NULL, 3, '2019-01-02 19:45:00', '<p>&nbsp;</p>'),
('INVC/JUAL/020119/1546433296', NULL, 3, '2019-01-02 19:47:00', '<p>&nbsp;</p>'),
('INVC/JUAL/020119/1546447552', NULL, 3, '2019-01-02 23:44:00', '<p>&nbsp;</p>'),
('INVC/JUAL/020918/1535868439', 169, 3, '2018-09-02 13:07:00', '<p>&nbsp;</p>'),
('INVC/JUAL/020918/1535868676', 170, 3, '2018-09-02 13:10:00', '<p>&nbsp;</p>'),
('INVC/JUAL/020918/1535875201', 142, 3, '2018-09-02 14:59:00', '<p>&nbsp;</p>'),
('INVC/JUAL/020918/1535875234', 171, 3, '2018-09-02 15:00:00', '<p>&nbsp;</p>'),
('INVC/JUAL/020918/1535875273', 137, 3, '2018-09-02 15:00:00', '<p>&nbsp;</p>'),
('INVC/JUAL/020918/1535903775', 172, 3, '2018-09-02 22:54:00', '<p>&nbsp;</p>'),
('INVC/JUAL/020918/1535904806', 173, 3, '2018-09-02 23:13:00', '<p>&nbsp;</p>'),
('INVC/JUAL/021018/1538422554', NULL, 3, '2018-10-02 02:34:00', '<p>&nbsp;</p>'),
('INVC/JUAL/021018/1538422843', NULL, 3, '2018-10-02 02:37:00', '<p>&nbsp;</p>'),
('INVC/JUAL/021018/1538422996', NULL, 3, '2018-10-02 02:42:00', '<p>&nbsp;</p>'),
('INVC/JUAL/021018/1538491374', NULL, 14, '2018-10-02 21:40:00', '<p>&nbsp;</p>'),
('INVC/JUAL/021118/1541101627', NULL, 3, '2018-11-02 02:46:00', '<p>&nbsp;</p>'),
('INVC/JUAL/021118/1541101723', NULL, 3, '2018-11-02 02:47:00', '<p>&nbsp;</p>'),
('INVC/JUAL/021118/1541101918', NULL, 3, '2018-11-02 02:50:00', '<p>&nbsp;</p>'),
('INVC/JUAL/021118/1541102022', NULL, 3, '2018-11-02 02:52:00', '<p>&nbsp;</p>'),
('INVC/JUAL/021118/1541163558', NULL, 3, '2018-11-02 19:58:00', '<p>&nbsp;</p>'),
('INVC/JUAL/021118/1541163620', NULL, 3, '2018-11-02 19:59:00', '<p>&nbsp;</p>'),
('INVC/JUAL/021118/1541163755', NULL, 3, '2018-11-02 20:01:00', '<p>&nbsp;</p>'),
('INVC/JUAL/021118/1541163785', NULL, 3, '2018-11-02 20:02:00', '<p>&nbsp;</p>'),
('INVC/JUAL/021118/1541163839', NULL, 3, '2018-11-02 20:03:00', '<p>&nbsp;</p>'),
('INVC/JUAL/021118/1541163977', NULL, 3, '2018-11-02 20:04:00', '<p>&nbsp;</p>'),
('INVC/JUAL/021118/1541164128', NULL, 3, '2018-11-02 20:07:00', '<p>&nbsp;</p>'),
('INVC/JUAL/021118/1541168140', NULL, 3, '2018-11-02 21:14:00', '<p>&nbsp;</p>'),
('INVC/JUAL/021118/1541169392', NULL, 3, '2018-11-02 21:36:00', '<p>&nbsp;</p>'),
('INVC/JUAL/030119/1546495915', NULL, 3, '2019-01-03 13:10:00', '<p>&nbsp;</p>'),
('INVC/JUAL/031018/1538564941', 257, 14, '2018-10-03 18:07:00', '<p>&nbsp;</p>'),
('INVC/JUAL/031018/1538565001', 258, 3, '2018-10-03 18:09:00', '<p>&nbsp;</p>'),
('INVC/JUAL/031018/1538565047', 259, 2, '2018-10-03 18:10:00', '<p>&nbsp;</p>'),
('INVC/JUAL/031018/1538579269', 98, 3, '2018-10-03 22:06:00', '<p>&nbsp;</p>'),
('INVC/JUAL/031018/1538579325', 80, 3, '2018-10-03 22:07:00', '<p>&nbsp;</p>'),
('INVC/JUAL/031018/1538581072', NULL, 3, '2018-10-03 22:35:00', '<p>&nbsp;</p>'),
('INVC/JUAL/031018/1538581164', NULL, 3, '2018-10-03 22:39:00', '<p>&nbsp;</p>'),
('INVC/JUAL/031118/1541252756', NULL, 3, '2018-11-03 20:44:00', '<p>&nbsp;</p>'),
('INVC/JUAL/031118/1541253849', NULL, 3, '2018-11-03 20:59:00', '<p>&nbsp;</p>'),
('INVC/JUAL/031218/1543850686', NULL, 3, '2018-12-03 22:17:00', '<p>&nbsp;</p>'),
('INVC/JUAL/031218/1543852691', NULL, 3, '2018-12-03 22:25:00', '<p>&nbsp;</p>'),
('INVC/JUAL/031218/1543855205', NULL, 3, '2018-12-03 23:39:00', '<p>&nbsp;</p>'),
('INVC/JUAL/031218/1543855572', NULL, 3, '2018-12-03 23:40:00', '<p>&nbsp;</p>'),
('INVC/JUAL/040119/1546534919', NULL, 3, '2019-01-03 23:59:00', '<p>&nbsp;</p>'),
('INVC/JUAL/040119/1546535016', NULL, 3, '2019-01-04 00:02:00', '<p>&nbsp;</p>'),
('INVC/JUAL/040119/1546586570', NULL, 3, '2019-01-04 14:21:00', '<p>&nbsp;</p>'),
('INVC/JUAL/040918/1535996886', 174, 3, '2018-09-04 00:47:00', '<p>&nbsp;</p>'),
('INVC/JUAL/040918/1535996963', 175, 3, '2018-09-04 00:48:00', '<p>&nbsp;</p>'),
('INVC/JUAL/040918/1535997109', 176, 3, '2018-09-04 00:49:00', '<p>&nbsp;</p>'),
('INVC/JUAL/040918/1535997210', 177, 3, '2018-09-04 00:52:00', '<p>&nbsp;</p>'),
('INVC/JUAL/040918/1535998935', 178, 3, '2018-09-04 01:21:00', '<p>&nbsp;</p>'),
('INVC/JUAL/040918/1535998966', 179, 3, '2018-09-04 01:22:00', '<p>&nbsp;</p>'),
('INVC/JUAL/040918/1536070728', 180, 3, '2018-09-04 21:18:00', '<p>&nbsp;</p>'),
('INVC/JUAL/040918/1536072826', 114, 3, '2018-09-04 21:22:00', '<p>&nbsp;</p>'),
('INVC/JUAL/040918/1536072896', 171, 3, '2018-09-04 21:54:00', '<p>&nbsp;</p>'),
('INVC/JUAL/040918/1536073049', 138, 3, '2018-09-04 21:55:00', '<p>&nbsp;</p>'),
('INVC/JUAL/040918/1536074202', 142, 3, '2018-09-04 22:12:00', '<p>&nbsp;</p>'),
('INVC/JUAL/040918/1536074421', 181, 3, '2018-09-04 22:19:00', '<p>&nbsp;</p>'),
('INVC/JUAL/040918/1536078592', 182, 3, '2018-09-04 23:28:00', '<p>&nbsp;</p>'),
('INVC/JUAL/041018/1538628172', NULL, 3, '2018-10-04 11:41:00', '<p>&nbsp;</p>'),
('INVC/JUAL/041018/1538628484', NULL, 1, '2018-10-04 11:43:00', '<p>&nbsp;</p>'),
('INVC/JUAL/041018/1538628542', NULL, 3, '2018-10-04 11:48:00', '<p>&nbsp;</p>'),
('INVC/JUAL/041018/1538636256', NULL, 3, '2018-10-04 13:57:00', '<p>&nbsp;</p>'),
('INVC/JUAL/041118/1541333326', NULL, 3, '2018-11-04 19:05:00', '<p>&nbsp;</p>'),
('INVC/JUAL/041118/1541333364', NULL, 3, '2018-11-04 19:08:00', '<p>&nbsp;</p>'),
('INVC/JUAL/041118/1541333679', NULL, 3, '2018-11-04 19:11:00', '<p>&nbsp;</p>'),
('INVC/JUAL/041118/1541336108', NULL, 3, '2018-11-04 19:54:00', '<p>&nbsp;</p>'),
('INVC/JUAL/041218/1543931239', NULL, 3, '2018-12-04 20:45:00', '<p>&nbsp;</p>'),
('INVC/JUAL/050119/1546697578', NULL, 3, '2019-01-05 21:12:00', '<p>&nbsp;</p>'),
('INVC/JUAL/050119/1546697777', NULL, 3, '2019-01-05 21:13:00', '<p>&nbsp;</p>'),
('INVC/JUAL/050119/1546697845', NULL, 3, '2019-01-05 21:16:00', '<p>&nbsp;</p>'),
('INVC/JUAL/050818/1533484411', 1, 3, '2018-08-03 19:30:00', '<p>belum di bayar</p>'),
('INVC/JUAL/050818/1533485513', 3, 3, '2018-08-03 20:10:00', '<p>&nbsp;</p>'),
('INVC/JUAL/050818/1533485650', 4, 3, '2018-08-03 21:13:00', '<p>&nbsp;</p>'),
('INVC/JUAL/050918/1536146325', 183, 1, '2018-09-05 18:18:00', '<p>&nbsp;</p>'),
('INVC/JUAL/050918/1536146368', 184, 1, '2018-09-05 18:18:00', '<p>&nbsp;</p>'),
('INVC/JUAL/050918/1536148053', 185, 3, '2018-09-05 18:47:00', '<p>&nbsp;</p>'),
('INVC/JUAL/050918/1536149966', 114, 3, '2018-09-05 19:19:00', '<p>&nbsp;</p>'),
('INVC/JUAL/051018/1538674659', NULL, 14, '2018-10-05 00:37:00', '<p>&nbsp;</p>'),
('INVC/JUAL/051018/1538742826', 260, 14, '2018-10-05 19:32:00', '<p>&nbsp;</p>'),
('INVC/JUAL/051018/1538742885', 250, 3, '2018-10-05 19:34:00', '<p>&nbsp;</p>'),
('INVC/JUAL/051018/1538742973', NULL, 3, '2018-10-05 19:34:00', '<p>&nbsp;</p>'),
('INVC/JUAL/051018/1538754916', NULL, 3, '2018-10-05 22:54:00', '<p>&nbsp;</p>'),
('INVC/JUAL/051118/1541384882', NULL, 3, '2018-11-05 09:26:00', '<p>&nbsp;</p>'),
('INVC/JUAL/051118/1541387283', NULL, 3, '2018-11-05 10:07:00', '<p>&nbsp;</p>'),
('INVC/JUAL/051218/1544015314', NULL, 3, '2018-12-05 20:07:00', '<p>&nbsp;</p>'),
('INVC/JUAL/051218/1544015386', NULL, 3, '2018-12-05 20:08:00', '<p>&nbsp;</p>'),
('INVC/JUAL/051218/1544026067', NULL, 3, '2018-12-05 23:06:00', '<p>&nbsp;</p>'),
('INVC/JUAL/051218/1544026335', NULL, 3, '2018-12-05 23:11:00', '<p>&nbsp;</p>'),
('INVC/JUAL/051218/1544026621', NULL, 3, '2018-12-05 23:15:00', '<p>&nbsp;</p>'),
('INVC/JUAL/060119/1546785629', NULL, 3, '2019-01-06 21:35:00', '<p>&nbsp;</p>'),
('INVC/JUAL/060818/1533552664', 5, 3, '2018-08-06 17:50:00', '<p>&nbsp;</p>'),
('INVC/JUAL/060818/1533552766', 6, 3, '2018-08-06 17:51:00', '<p>&nbsp;</p>'),
('INVC/JUAL/060818/1533552939', 7, 3, '2018-08-06 17:53:00', '<p>&nbsp;</p>'),
('INVC/JUAL/060818/1533553124', 7, 3, '2018-08-06 17:58:00', '<p>&nbsp;</p>'),
('INVC/JUAL/060818/1533553487', 8, 3, '2018-08-06 18:04:00', '<p>&nbsp;</p>'),
('INVC/JUAL/060818/1533560467', 17, 3, '2018-08-06 19:58:00', '<p>&nbsp;</p>'),
('INVC/JUAL/060818/1533560550', 11, 3, '2018-08-06 20:01:00', '<p>&nbsp;</p>'),
('INVC/JUAL/060818/1533561042', 12, 3, '2018-08-06 20:09:00', '<p>&nbsp;</p>'),
('INVC/JUAL/060818/1533562005', 13, 3, '2018-08-06 20:25:00', '<p>&nbsp;</p>'),
('INVC/JUAL/060818/1533564365', 14, 3, '2018-08-06 21:03:00', '<p>&nbsp;</p>'),
('INVC/JUAL/060818/1533564559', 15, 3, '2018-08-06 21:07:00', '<p>&nbsp;</p>'),
('INVC/JUAL/060818/1533565150', 16, 3, '2018-08-06 21:12:00', '<p>sponsor</p>'),
('INVC/JUAL/060918/1536205702', 186, 3, '2018-09-06 10:47:00', '<p>&nbsp;</p>'),
('INVC/JUAL/060918/1536234410', 187, 2, '2018-09-06 18:45:00', '<p>&nbsp;</p>'),
('INVC/JUAL/060918/1536234457', 188, 1, '2018-09-06 18:46:00', '<p>&nbsp;</p>'),
('INVC/JUAL/060918/1536234556', 189, 14, '2018-09-06 18:47:00', '<p>&nbsp;</p>'),
('INVC/JUAL/060918/1536234621', 190, 1, '2018-09-06 18:49:00', '<p>&nbsp;</p>'),
('INVC/JUAL/060918/1536234663', 191, 3, '2018-09-06 18:50:00', '<p>&nbsp;</p>'),
('INVC/JUAL/060918/1536234706', 192, 3, '2018-09-06 18:51:00', '<p>&nbsp;</p>'),
('INVC/JUAL/060918/1536244632', 114, 3, '2018-09-06 21:36:00', '<p>&nbsp;</p>'),
('INVC/JUAL/060918/1536244703', 193, 3, '2018-09-06 21:37:00', '<p>&nbsp;</p>'),
('INVC/JUAL/060918/1536251061', 194, 3, '2018-09-06 23:23:00', '<p>&nbsp;</p>'),
('INVC/JUAL/061118/1541438447', NULL, 3, '2018-11-06 00:20:00', '<p>&nbsp;</p>'),
('INVC/JUAL/061118/1541438511', NULL, 3, '2018-11-06 00:21:00', '<p>&nbsp;</p>'),
('INVC/JUAL/070818/1533578119', 18, 3, '2018-08-06 00:54:00', '<p>&nbsp;</p>'),
('INVC/JUAL/070818/1533578392', 9, 14, '2018-08-07 00:55:00', '<p>&nbsp;</p>'),
('INVC/JUAL/070818/1533578639', 19, 14, '2018-08-07 01:00:00', '<p>&nbsp;</p>'),
('INVC/JUAL/070818/1533578984', 20, 14, '2018-08-07 01:08:00', '<p>&nbsp;</p>'),
('INVC/JUAL/070818/1533579357', 21, 14, '2018-08-07 01:14:00', '<p>&nbsp;</p>'),
('INVC/JUAL/070818/1533643807', 22, 3, '2018-08-07 19:06:00', '<p>&nbsp;</p>'),
('INVC/JUAL/070818/1533644596', 23, 3, '2018-08-07 19:18:00', '<p>&nbsp;</p>'),
('INVC/JUAL/070818/1533652191', 24, 3, '2018-08-07 21:19:00', '<p>&nbsp;</p>'),
('INVC/JUAL/070818/1533652431', 25, 3, '2018-08-07 21:33:00', '<p>&nbsp;</p>'),
('INVC/JUAL/070818/1533653002', 26, 14, '2018-08-07 21:35:00', '<p>&nbsp;</p>'),
('INVC/JUAL/070818/1533653193', 26, 14, '2018-08-07 21:43:00', '<p>&nbsp;</p>'),
('INVC/JUAL/070818/1533653263', 2, 14, '2018-08-07 21:46:00', '<p>&nbsp;</p>'),
('INVC/JUAL/070818/1533654112', 27, 14, '2018-08-07 21:47:00', '<p>&nbsp;</p>'),
('INVC/JUAL/070818/1533654153', 27, 14, '2018-08-07 22:02:00', '<p>&nbsp;</p>'),
('INVC/JUAL/070818/1533654303', 28, 3, '2018-08-07 22:04:00', '<p>&nbsp;</p>'),
('INVC/JUAL/070818/1533654378', 29, 3, '2018-08-07 22:05:00', '<p>&nbsp;</p>'),
('INVC/JUAL/070818/1533654461', 30, 14, '2018-08-07 22:06:00', '<p>&nbsp;</p>'),
('INVC/JUAL/070818/1533655139', 31, 14, '2018-08-07 22:16:00', '<p>&nbsp;</p>'),
('INVC/JUAL/070818/1533655733', 32, 1, '2018-08-07 22:25:00', '<p>&nbsp;</p>'),
('INVC/JUAL/070818/1533657944', 19, 1, '2018-08-07 23:04:00', '<p>&nbsp;</p>'),
('INVC/JUAL/071018/1538881157', NULL, 3, '2018-10-07 09:58:00', '<p>&nbsp;</p>'),
('INVC/JUAL/071118/1541551937', NULL, 3, '2018-11-07 07:47:00', '<p>&nbsp;</p>'),
('INVC/JUAL/071118/1541552045', NULL, 3, '2018-11-07 07:52:00', '<p>&nbsp;</p>'),
('INVC/JUAL/071218/1544117725', NULL, 3, '2018-12-07 00:34:00', '<p>&nbsp;</p>'),
('INVC/JUAL/071218/1544117839', NULL, 3, '2018-12-07 00:36:00', '<p>&nbsp;</p>'),
('INVC/JUAL/071218/1544117951', NULL, 3, '2018-12-07 00:37:00', '<p>&nbsp;</p>'),
('INVC/JUAL/080119/1546925136', NULL, 3, '2019-01-08 12:23:00', '<p>&nbsp;</p>'),
('INVC/JUAL/080818/1533746816', 37, 3, '2018-08-08 23:37:00', '<p>&nbsp;</p>'),
('INVC/JUAL/080818/1533746843', 36, 3, '2018-08-08 23:47:00', '<p>&nbsp;</p>'),
('INVC/JUAL/080818/1533746978', 35, 3, '2018-08-08 23:49:00', '<p>&nbsp;</p>'),
('INVC/JUAL/080818/1533747053', 33, 3, '2018-08-08 23:49:00', '<p>sponsor</p>'),
('INVC/JUAL/080818/1533747206', 34, 3, '2018-08-08 23:52:00', '<p>sponsor</p>'),
('INVC/JUAL/080818/1533747288', 38, 3, '2018-08-08 23:53:00', '<p>&nbsp;</p>'),
('INVC/JUAL/080918/1536391805', 195, 1, '2018-09-08 14:29:00', '<p>&nbsp;</p>'),
('INVC/JUAL/080918/1536391856', 196, 1, '2018-09-08 14:30:00', '<p>&nbsp;</p>'),
('INVC/JUAL/080918/1536391975', 187, 2, '2018-09-08 14:31:00', '<p>&nbsp;</p>'),
('INVC/JUAL/080918/1536392025', 197, 3, '2018-09-08 14:33:00', '<p>&nbsp;</p>'),
('INVC/JUAL/080918/1536392117', 96, 3, '2018-09-08 14:34:00', '<p>&nbsp;</p>'),
('INVC/JUAL/080918/1536392185', 198, 1, '2018-09-08 14:35:00', '<p>&nbsp;</p>'),
('INVC/JUAL/080918/1536394593', 199, 3, '2018-09-08 15:16:00', '<p>&nbsp;</p>'),
('INVC/JUAL/080918/1536400469', 200, 3, '2018-09-08 16:53:00', '<p>&nbsp;</p>'),
('INVC/JUAL/080918/1536400567', 201, 3, '2018-09-08 16:55:00', '<p>&nbsp;</p>'),
('INVC/JUAL/081018/1538954865', NULL, 3, '2018-10-08 06:24:00', '<p>&nbsp;</p>'),
('INVC/JUAL/081018/1539008811', NULL, 3, '2018-10-08 21:24:00', '<p>&nbsp;</p>'),
('INVC/JUAL/081218/1544242521', NULL, 3, '2018-12-08 11:14:00', '<p>&nbsp;</p>'),
('INVC/JUAL/081218/1544245940', NULL, 3, '2018-12-08 12:11:00', '<p>&nbsp;</p>'),
('INVC/JUAL/081218/1544260894', NULL, 3, '2018-12-08 16:21:00', '<p>&nbsp;</p>'),
('INVC/JUAL/081218/1544261621', NULL, 3, '2018-12-08 16:32:00', '<p>&nbsp;</p>'),
('INVC/JUAL/090119/1547007912', NULL, 3, '2019-01-09 11:24:00', '<p>&nbsp;</p>'),
('INVC/JUAL/090119/1547009014', NULL, 3, '2019-01-09 11:25:00', '<p>&nbsp;</p>'),
('INVC/JUAL/090119/1547009313', NULL, 3, '2019-01-09 11:47:00', '<p>&nbsp;</p>'),
('INVC/JUAL/090119/1547009401', NULL, 3, '2019-01-09 11:47:00', '<p>&nbsp;</p>'),
('INVC/JUAL/090119/1547048889', NULL, 3, '2019-01-09 22:44:00', '<p>&nbsp;</p>'),
('INVC/JUAL/090119/1547048991', NULL, 3, '2019-01-09 22:49:00', '<p>&nbsp;</p>'),
('INVC/JUAL/090818/1533750737', 39, 3, '2018-08-08 23:57:00', '<p>&nbsp;</p>'),
('INVC/JUAL/090818/1533750793', 40, 3, '2018-08-09 00:52:00', '<p>&nbsp;</p>'),
('INVC/JUAL/090818/1533790337', 41, 14, '2018-08-09 11:50:00', '<p>&nbsp;</p>'),
('INVC/JUAL/090818/1533815708', 42, 3, '2018-08-09 18:50:00', '<p>&nbsp;</p>'),
('INVC/JUAL/090818/1533817104', 43, 3, '2018-08-09 19:16:00', '<p>&nbsp;</p>'),
('INVC/JUAL/090818/1533817782', 44, 3, '2018-08-09 19:27:00', '<p>&nbsp;</p>'),
('INVC/JUAL/090818/1533818792', 45, 3, '2018-08-09 19:42:00', '<p>&nbsp;</p>'),
('INVC/JUAL/090818/1533819351', 46, 3, '2018-08-09 19:50:00', '<p>&nbsp;</p>'),
('INVC/JUAL/090818/1533821966', NULL, 3, '2018-08-09 20:38:00', '<p>&nbsp;</p>'),
('INVC/JUAL/090918/1536483773', 202, 3, '2018-09-09 16:00:00', '<p>&nbsp;</p>'),
('INVC/JUAL/090918/1536484196', 203, 1, '2018-09-09 16:04:00', '<p>&nbsp;</p>'),
('INVC/JUAL/090918/1536485158', 204, 14, '2018-09-09 16:25:00', '<p>&nbsp;</p>'),
('INVC/JUAL/091018/1539025106', NULL, 1, '2018-10-09 01:55:00', '<p>&nbsp;</p>'),
('INVC/JUAL/091018/1539062583', NULL, 3, '2018-10-09 12:22:00', '<p>&nbsp;</p>'),
('INVC/JUAL/091018/1539094402', NULL, 2, '2018-10-09 21:11:00', '<p>&nbsp;</p>'),
('INVC/JUAL/091018/1539094440', NULL, 2, '2018-10-09 21:13:00', '<p>&nbsp;</p>'),
('INVC/JUAL/091018/1539094477', NULL, 14, '2018-10-09 21:14:00', '<p>&nbsp;</p>'),
('INVC/JUAL/091018/1539094607', NULL, 14, '2018-10-09 21:16:00', '<p>&nbsp;</p>'),
('INVC/JUAL/091018/1539094713', NULL, 14, '2018-10-09 21:16:00', '<p>&nbsp;</p>'),
('INVC/JUAL/091018/1539096014', NULL, 3, '2018-10-09 21:39:00', '<p>&nbsp;</p>'),
('INVC/JUAL/091118/1541736691', NULL, 3, '2018-11-09 10:49:00', '<p>&nbsp;</p>'),
('INVC/JUAL/091118/1541736750', NULL, 3, '2018-11-09 11:11:00', '<p>&nbsp;</p>'),
('INVC/JUAL/091118/1541736791', NULL, 3, '2018-11-09 11:12:00', '<p>&nbsp;</p>'),
('INVC/JUAL/091118/1541736841', NULL, 3, '2018-11-09 11:13:00', '<p>&nbsp;</p>'),
('INVC/JUAL/091218/1544349223', NULL, 3, '2018-12-09 16:50:00', '<p>&nbsp;</p>'),
('INVC/JUAL/100818/1533901305', 47, 3, '2018-08-10 18:40:00', '<p>&nbsp;</p>'),
('INVC/JUAL/100818/1533904555', 48, 3, '2018-08-10 19:35:00', '<p>&nbsp;</p>'),
('INVC/JUAL/100818/1533907434', 49, 3, '2018-08-10 20:23:00', '<p>&nbsp;</p>'),
('INVC/JUAL/100818/1533908846', 50, 3, '2018-08-10 20:46:00', '<p>&nbsp;</p>'),
('INVC/JUAL/100918/1536581279', 205, 3, '2018-09-10 19:07:00', '<p>&nbsp;</p>'),
('INVC/JUAL/100918/1536581323', 206, 14, '2018-09-10 19:08:00', '<p>&nbsp;</p>'),
('INVC/JUAL/100918/1536589748', 207, 3, '2018-09-10 21:27:00', '<p>&nbsp;</p>'),
('INVC/JUAL/100918/1536593181', 208, 3, '2018-09-10 22:25:00', '<p>&nbsp;</p>'),
('INVC/JUAL/101018/1539183912', NULL, 3, '2018-10-10 22:04:00', '<p>&nbsp;</p>'),
('INVC/JUAL/101218/1544438939', NULL, 3, '2018-12-10 17:48:00', '<p>&nbsp;</p>'),
('INVC/JUAL/101218/1544453411', NULL, 3, '2018-12-10 21:49:00', '<p>&nbsp;</p>'),
('INVC/JUAL/101218/1544453474', NULL, 3, '2018-12-10 21:50:00', '<p>&nbsp;</p>'),
('INVC/JUAL/110119/1547222889', NULL, 3, '2019-01-11 23:03:00', '<p>&nbsp;</p>'),
('INVC/JUAL/110818/1533970678', 51, 3, '2018-08-11 13:56:00', '<p>&nbsp;</p>'),
('INVC/JUAL/110818/1533970857', 52, 3, '2018-08-11 13:58:00', '<p>&nbsp;</p>'),
('INVC/JUAL/110818/1533971282', 54, 3, '2018-08-11 14:07:00', '<p>&nbsp;</p>'),
('INVC/JUAL/110818/1533971456', 56, 3, '2018-08-11 14:08:00', '<p>&nbsp;</p>'),
('INVC/JUAL/110818/1533971786', 57, 3, '2018-08-11 14:11:00', '<p>&nbsp;</p>'),
('INVC/JUAL/110818/1533972528', 52, 3, '2018-08-11 14:27:00', '<p>&nbsp;</p>'),
('INVC/JUAL/110918/1536665501', 209, 1, '2018-09-11 18:29:00', '<p>&nbsp;</p>'),
('INVC/JUAL/110918/1536665679', 210, 1, '2018-09-11 18:31:00', '<p>&nbsp;</p>'),
('INVC/JUAL/110918/1536666160', 192, 3, '2018-09-11 18:42:00', '<p>&nbsp;</p>'),
('INVC/JUAL/110918/1536666195', 211, 3, '2018-09-11 18:42:00', '<p>&nbsp;</p>'),
('INVC/JUAL/110918/1536666325', 212, 3, '2018-09-11 18:44:00', '<p>&nbsp;</p>'),
('INVC/JUAL/110918/1536666968', 213, 3, '2018-09-11 18:55:00', '<p>&nbsp;</p>'),
('INVC/JUAL/110918/1536667021', NULL, 3, '2018-09-11 18:56:00', '<p>&nbsp;</p>'),
('INVC/JUAL/110918/1536667087', 52, 3, '2018-09-11 18:57:00', '<p>&nbsp;</p>'),
('INVC/JUAL/110918/1536667335', 214, 14, '2018-09-11 18:59:00', '<p>&nbsp;</p>'),
('INVC/JUAL/110918/1536671261', 215, 14, '2018-09-11 20:06:00', '<p>&nbsp;</p>'),
('INVC/JUAL/110918/1536672954', 216, 14, '2018-09-11 20:35:00', '<p>&nbsp;</p>'),
('INVC/JUAL/110918/1536675793', 217, 3, '2018-09-11 21:22:00', '<p>&nbsp;</p>'),
('INVC/JUAL/110918/1536676256', 218, 3, '2018-09-11 21:30:00', '<p>&nbsp;</p>'),
('INVC/JUAL/110918/1536680283', 152, 3, '2018-09-11 22:37:00', '<p>&nbsp;</p>'),
('INVC/JUAL/111018/1539260401', 78, 3, '2018-10-11 19:19:00', '<p>&nbsp;</p>'),
('INVC/JUAL/111018/1539260456', NULL, 3, '2018-10-11 19:20:00', '<p>&nbsp;</p>'),
('INVC/JUAL/111018/1539260554', NULL, 1, '2018-10-11 19:21:00', '<p>&nbsp;</p>'),
('INVC/JUAL/111018/1539265265', NULL, 3, '2018-10-11 20:39:00', '<p>&nbsp;</p>'),
('INVC/JUAL/111018/1539266918', NULL, 3, '2018-10-11 21:06:00', '<p>&nbsp;</p>'),
('INVC/JUAL/111018/1539266957', NULL, 3, '2018-10-11 21:08:00', '<p>&nbsp;</p>'),
('INVC/JUAL/111118/1541944814', NULL, 3, '2018-11-11 20:57:00', '<p>&nbsp;</p>'),
('INVC/JUAL/111118/1541944863', NULL, 3, '2018-11-11 21:00:00', '<p>&nbsp;</p>'),
('INVC/JUAL/111118/1541945447', NULL, 3, '2018-11-11 21:10:00', '<p>&nbsp;</p>'),
('INVC/JUAL/111118/1541945537', NULL, 3, '2018-11-11 21:11:00', '<p>sponsor fun race bunyu</p>'),
('INVC/JUAL/111118/1541945682', NULL, 3, '2018-11-11 21:12:00', '<p>&nbsp;</p>'),
('INVC/JUAL/111118/1541945773', NULL, 3, '2018-11-11 21:14:00', '<p>&nbsp;</p>'),
('INVC/JUAL/111118/1541946092', NULL, 3, '2018-11-11 21:16:00', '<p>&nbsp;</p>'),
('INVC/JUAL/111118/1541946143', NULL, 3, '2018-11-11 21:21:00', '<p>&nbsp;</p>'),
('INVC/JUAL/111118/1541946171', NULL, 3, '2018-11-11 21:22:00', '<p>&nbsp;</p>'),
('INVC/JUAL/111118/1541946921', NULL, 3, '2018-11-11 21:33:00', '<p>&nbsp;</p>'),
('INVC/JUAL/111218/1544542015', NULL, 3, '2018-12-11 22:25:00', '<p>&nbsp;</p>'),
('INVC/JUAL/111218/1544542143', NULL, 3, '2018-12-11 22:27:00', '<p>&nbsp;</p>'),
('INVC/JUAL/111218/1544542266', NULL, 3, '2018-12-11 22:29:00', '<p>&nbsp;</p>'),
('INVC/JUAL/111218/1544542326', NULL, 3, '2018-12-11 22:31:00', '<p>&nbsp;</p>'),
('INVC/JUAL/111218/1544542434', NULL, 3, '2018-12-11 22:32:00', '<p>&nbsp;</p>'),
('INVC/JUAL/111218/1544542584', NULL, 3, '2018-12-11 22:35:00', '<p>&nbsp;</p>'),
('INVC/JUAL/120119/1547278030', NULL, 3, '2019-01-12 14:26:00', '<p>&nbsp;</p>'),
('INVC/JUAL/120818/1534011041', 59, 2, '2018-08-12 01:06:00', '<p>&nbsp;</p>'),
('INVC/JUAL/120818/1534011276', 60, 2, '2018-08-12 01:13:00', '<p>&nbsp;</p>'),
('INVC/JUAL/120818/1534011429', 61, 2, '2018-08-12 01:15:00', '<p>&nbsp;</p>'),
('INVC/JUAL/120818/1534039005', 58, 3, '2018-08-12 08:45:00', '<p>&nbsp;</p>'),
('INVC/JUAL/120918/1536759366', 219, 3, '2018-09-12 20:35:00', '<p>&nbsp;</p>'),
('INVC/JUAL/120918/1536759703', 220, 3, '2018-09-12 20:36:00', '<p>&nbsp;</p>'),
('INVC/JUAL/120918/1536759802', 34, 3, '2018-09-12 20:41:00', '<p>&nbsp;</p>'),
('INVC/JUAL/120918/1536760243', 221, 3, '2018-09-12 20:43:00', '<p>&nbsp;</p>'),
('INVC/JUAL/120918/1536760445', 222, 3, '2018-09-12 20:52:00', '<p>&nbsp;</p>'),
('INVC/JUAL/120918/1536760879', 223, 3, '2018-09-12 20:57:00', '<p>&nbsp;</p>'),
('INVC/JUAL/120918/1536770023', 216, 3, '2018-09-12 23:33:00', '<p>&nbsp;</p>'),
('INVC/JUAL/120918/1536770062', NULL, 3, '2018-09-12 23:34:00', '<p>&nbsp;</p>'),
('INVC/JUAL/120918/1536770106', NULL, 14, '2018-09-12 23:34:00', '<p>&nbsp;</p>'),
('INVC/JUAL/120918/1536770170', 224, 3, '2018-09-12 23:35:00', '<p>&nbsp;</p>'),
('INVC/JUAL/121018/1539333012', NULL, 3, '2018-10-12 15:29:00', '<p>&nbsp;</p>'),
('INVC/JUAL/121018/1539333346', NULL, 3, '2018-10-12 15:35:00', '<p>&nbsp;</p>'),
('INVC/JUAL/121018/1539334120', 261, 3, '2018-10-12 15:48:00', '<p>&nbsp;</p>'),
('INVC/JUAL/121018/1539334507', NULL, 3, '2018-10-12 15:54:00', '<p>&nbsp;</p>'),
('INVC/JUAL/121118/1542040372', NULL, 3, '2018-11-12 23:31:00', '<p>&nbsp;</p>'),
('INVC/JUAL/121118/1542040533', NULL, 3, '2018-11-12 23:33:00', '<p>&nbsp;</p>'),
('INVC/JUAL/121118/1542040641', NULL, 3, '2018-11-12 23:36:00', '<p>&nbsp;</p>'),
('INVC/JUAL/121118/1542040710', NULL, 3, '2018-11-12 23:38:00', '<p>&nbsp;</p>'),
('INVC/JUAL/121118/1542040902', NULL, 3, '2018-11-12 23:38:00', '<p>&nbsp;</p>'),
('INVC/JUAL/121118/1542041209', NULL, 3, '2018-11-12 23:46:00', '<p>&nbsp;</p>'),
('INVC/JUAL/121118/1542041266', NULL, 3, '2018-11-12 23:47:00', '<p>&nbsp;</p>'),
('INVC/JUAL/121118/1542041356', NULL, 3, '2018-11-12 23:48:00', '<p>&nbsp;</p>'),
('INVC/JUAL/121118/1542041517', NULL, 3, '2018-11-12 23:51:00', '<p>&nbsp;</p>'),
('INVC/JUAL/121218/1544613037', NULL, 3, '2018-12-12 18:06:00', '<p>&nbsp;</p>'),
('INVC/JUAL/121218/1544613169', NULL, 3, '2018-12-12 18:12:00', '<p>&nbsp;</p>'),
('INVC/JUAL/121218/1544617613', NULL, 3, '2018-12-12 19:25:00', '<p>&nbsp;</p>'),
('INVC/JUAL/121218/1544624089', NULL, 3, '2018-12-12 21:13:00', '<p>&nbsp;</p>'),
('INVC/JUAL/130119/1547355720', NULL, 3, '2019-01-13 12:00:00', '<p>&nbsp;</p>'),
('INVC/JUAL/130119/1547393229', NULL, 3, '2019-01-13 22:26:00', '<p>&nbsp;</p>'),
('INVC/JUAL/130918/1536850726', 225, 3, '2018-09-13 21:56:00', '<p>&nbsp;</p>'),
('INVC/JUAL/130918/1536850800', 11, 3, '2018-09-13 21:59:00', '<p>&nbsp;</p>'),
('INVC/JUAL/131018/1539404458', 263, 3, '2018-10-13 11:19:00', '<p>&nbsp;</p>'),
('INVC/JUAL/131018/1539404494', 262, 3, '2018-10-13 11:21:00', '<p>&nbsp;</p>'),
('INVC/JUAL/131018/1539404582', 264, 3, '2018-10-13 11:21:00', '<p>&nbsp;</p>'),
('INVC/JUAL/131018/1539405071', 265, 3, '2018-10-13 11:28:00', '<p>&nbsp;</p>'),
('INVC/JUAL/140119/1547473374', NULL, 3, '2019-01-14 20:40:00', '<p>&nbsp;</p>'),
('INVC/JUAL/140818/1534216437', 62, 3, '2018-08-14 10:13:00', '<p>&nbsp;</p>'),
('INVC/JUAL/140818/1534221718', 63, 3, '2018-08-14 11:40:00', '<p>&nbsp;</p>'),
('INVC/JUAL/140818/1534221809', 64, 3, '2018-08-14 11:43:00', '<p>&nbsp;</p>'),
('INVC/JUAL/140818/1534222040', 2, 3, '2018-08-14 11:45:00', '<p>&nbsp;</p>'),
('INVC/JUAL/140818/1534222290', 65, 14, '2018-08-14 11:49:00', '<p>&nbsp;</p>'),
('INVC/JUAL/140818/1534232837', 66, 3, '2018-08-14 14:46:00', '<p>&nbsp;</p>'),
('INVC/JUAL/140818/1534232917', 67, 3, '2018-08-14 14:47:00', '<p>&nbsp;</p>'),
('INVC/JUAL/140918/1536932714', 226, 3, '2018-09-14 20:44:00', '<p>&nbsp;</p>'),
('INVC/JUAL/140918/1536932785', 227, 3, '2018-09-14 20:45:00', '<p>&nbsp;</p>'),
('INVC/JUAL/140918/1536932922', 192, 3, '2018-09-14 20:46:00', '<p>&nbsp;</p>'),
('INVC/JUAL/140918/1536933283', 228, 3, '2018-09-14 20:54:00', '<p>&nbsp;</p>'),
('INVC/JUAL/140918/1536934433', 229, 3, '2018-09-14 20:54:00', '<p>&nbsp;</p>'),
('INVC/JUAL/140918/1536938273', 230, 3, '2018-09-14 22:17:00', '<p>&nbsp;</p>'),
('INVC/JUAL/140918/1536938347', 231, 3, '2018-09-14 22:18:00', '<p>&nbsp;</p>'),
('INVC/JUAL/140918/1536938403', 232, 14, '2018-09-14 22:19:00', '<p>&nbsp;</p>'),
('INVC/JUAL/140918/1536938445', 233, 1, '2018-09-14 22:20:00', '<p>&nbsp;</p>'),
('INVC/JUAL/141018/1539496670', NULL, 3, '2018-10-14 12:56:00', '<p>&nbsp;</p>'),
('INVC/JUAL/141018/1539496752', 266, 3, '2018-10-14 12:58:00', '<p>&nbsp;</p>'),
('INVC/JUAL/141018/1539496790', 267, 3, '2018-10-14 12:59:00', '<p>&nbsp;</p>'),
('INVC/JUAL/141018/1539496815', NULL, 3, '2018-10-14 12:59:00', '<p>&nbsp;</p>'),
('INVC/JUAL/141018/1539498503', NULL, 3, '2018-10-14 13:00:00', '<p>&nbsp;</p>'),
('INVC/JUAL/141018/1539502206', NULL, 3, '2018-10-14 14:29:00', '<p>&nbsp;</p>'),
('INVC/JUAL/141018/1539503160', 268, 3, '2018-10-14 14:45:00', '<p>&nbsp;</p>'),
('INVC/JUAL/141018/1539526583', 269, 3, '2018-10-14 21:15:00', '<p>&nbsp;</p>'),
('INVC/JUAL/141118/1542160977', NULL, 3, '2018-11-14 09:00:00', '<p>&nbsp;</p>'),
('INVC/JUAL/141118/1542161008', NULL, 3, '2018-11-14 09:03:00', '<p>&nbsp;</p>'),
('INVC/JUAL/141118/1542161034', NULL, 3, '2018-11-14 09:03:00', '<p>&nbsp;</p>'),
('INVC/JUAL/141118/1542197369', NULL, 3, '2018-11-14 19:08:00', '<p>&nbsp;</p>'),
('INVC/JUAL/141118/1542198986', NULL, 3, '2018-11-14 19:10:00', '<p>&nbsp;</p>'),
('INVC/JUAL/141118/1542199281', NULL, 3, '2018-11-14 19:40:00', '<p>&nbsp;</p>'),
('INVC/JUAL/141118/1542205319', NULL, 3, '2018-11-14 21:21:00', '<p>&nbsp;</p>'),
('INVC/JUAL/141218/1544724422', NULL, 3, '2018-12-14 00:03:00', '<p>&nbsp;</p>'),
('INVC/JUAL/141218/1544772964', NULL, 3, '2018-12-14 14:35:00', '<p>&nbsp;</p>'),
('INVC/JUAL/141218/1544779460', NULL, 3, '2018-12-14 16:23:00', '<p>&nbsp;</p>'),
('INVC/JUAL/141218/1544791082', NULL, 3, '2018-12-14 19:37:00', '<p>&nbsp;</p>'),
('INVC/JUAL/141218/1544791209', NULL, 3, '2018-12-14 19:38:00', '<p>&nbsp;</p>'),
('INVC/JUAL/141218/1544791361', NULL, 3, '2018-12-14 19:41:00', '<p>&nbsp;</p>'),
('INVC/JUAL/141218/1544795177', NULL, 3, '2018-12-14 20:45:00', '<p>&nbsp;</p>'),
('INVC/JUAL/150119/1547528367', NULL, 3, '2019-01-15 11:54:00', '<p>&nbsp;</p>'),
('INVC/JUAL/150119/1547528477', NULL, 3, '2019-01-15 12:00:00', '<p>&nbsp;</p>'),
('INVC/JUAL/150119/1547549374', NULL, 3, '2019-01-15 17:48:00', '<p>&nbsp;</p>'),
('INVC/JUAL/150818/1534337409', 68, 3, '2018-08-15 19:43:00', '<p>&nbsp;</p>'),
('INVC/JUAL/150818/1534337505', 69, 3, '2018-08-15 19:50:00', '<p>&nbsp;</p>'),
('INVC/JUAL/150818/1534337658', 70, 3, '2018-08-15 19:53:00', '<p>813 visor blue</p>'),
('INVC/JUAL/150818/1534337719', 71, 3, '2018-08-15 19:54:00', '<p>&nbsp;</p>'),
('INVC/JUAL/150818/1534342009', 73, 3, '2018-08-15 20:39:00', '<p>&nbsp;</p>'),
('INVC/JUAL/150818/1534342209', 72, 3, '2018-08-15 21:09:00', '<p>&nbsp;</p>'),
('INVC/JUAL/150818/1534346952', 74, 3, '2018-08-15 22:28:00', '<p>&nbsp;</p>'),
('INVC/JUAL/150818/1534348687', 35, 3, '2018-08-15 22:55:00', '<p>&nbsp;</p>'),
('INVC/JUAL/150818/1534350378', 75, 1, '2018-08-15 23:24:00', '<p>&nbsp;</p>'),
('INVC/JUAL/150818/1534350451', 26, 14, '2018-08-15 23:26:00', '<p>&nbsp;</p>'),
('INVC/JUAL/150818/1534350542', 76, 14, '2018-08-15 23:27:00', '<p>&nbsp;</p>'),
('INVC/JUAL/150818/1534350748', 77, 3, '2018-08-15 23:31:00', '<p>&nbsp;</p>'),
('INVC/JUAL/150818/1534351058', 30, 14, '2018-08-15 23:32:00', '<p>&nbsp;</p>'),
('INVC/JUAL/150818/1534351514', 79, 3, '2018-08-10 23:43:00', '<p>&nbsp;</p>'),
('INVC/JUAL/150918/1536989323', 234, 3, '2018-09-15 12:27:00', '<p>&nbsp;</p>'),
('INVC/JUAL/150918/1536989376', 235, 3, '2018-09-15 12:28:00', '<p>&nbsp;</p>'),
('INVC/JUAL/150918/1536989405', 237, 3, '2018-09-15 12:29:00', '<p>&nbsp;</p>'),
('INVC/JUAL/150918/1536989508', 2, 14, '2018-09-15 12:30:00', '<p>&nbsp;</p>'),
('INVC/JUAL/150918/1536989643', 2, 3, '2018-09-15 12:33:00', '<p>&nbsp;</p>'),
('INVC/JUAL/151018/1539582390', 270, 14, '2018-10-15 12:44:00', '<p>&nbsp;</p>'),
('INVC/JUAL/151018/1539610028', NULL, 3, '2018-10-15 20:26:00', '<p>&nbsp;</p>'),
('INVC/JUAL/151018/1539612018', NULL, 3, '2018-10-15 20:59:00', '<p>&nbsp;</p>'),
('INVC/JUAL/151018/1539612507', NULL, 3, '2018-10-15 21:07:00', '<p>&nbsp;</p>'),
('INVC/JUAL/151218/1544853884', NULL, 3, '2018-12-15 13:01:00', '<p>&nbsp;</p>'),
('INVC/JUAL/160119/1547576588', NULL, 3, '2019-01-16 01:19:00', '<p>&nbsp;</p>'),
('INVC/JUAL/160119/1547579643', NULL, 3, '2019-01-16 02:13:00', '<p>&nbsp;</p>'),
('INVC/JUAL/160119/1547631613', NULL, 3, '2019-01-16 16:39:00', '<p>&nbsp;</p>'),
('INVC/JUAL/160119/1547644486', NULL, 3, '2019-01-16 20:13:00', '<p>&nbsp;</p>'),
('INVC/JUAL/160119/1547655513', NULL, 3, '2019-01-16 23:17:00', '<p>&nbsp;</p>'),
('INVC/JUAL/160818/1534352726', 80, 3, '2018-08-16 00:03:00', '<p>&nbsp;</p>'),
('INVC/JUAL/160818/1534413770', 81, 3, '2018-08-16 16:21:00', '<p>&nbsp;</p>'),
('INVC/JUAL/160818/1534413846', 82, 3, '2018-08-16 17:02:00', '<p>&nbsp;</p>'),
('INVC/JUAL/160818/1534436872', 70, 3, '2018-08-16 23:27:00', '<p>&nbsp;</p>'),
('INVC/JUAL/160818/1534436990', 83, 3, '2018-08-16 23:28:00', '<p>&nbsp;</p>'),
('INVC/JUAL/160818/1534437117', 84, 14, '2018-08-16 23:30:00', '<p>&nbsp;</p>'),
('INVC/JUAL/160818/1534437245', 85, 14, '2018-08-16 23:32:00', '<p>&nbsp;</p>'),
('INVC/JUAL/160818/1534437342', 86, 3, '2018-08-16 23:34:00', '<p>&nbsp;</p>'),
('INVC/JUAL/161018/1539658664', NULL, 3, '2018-10-16 09:57:00', '<p>&nbsp;</p>'),
('INVC/JUAL/161018/1539661362', 271, 14, '2018-10-16 10:41:00', '<p>&nbsp;</p>'),
('INVC/JUAL/161018/1539690891', 272, 3, '2018-10-16 18:54:00', '<p>&nbsp;</p>'),
('INVC/JUAL/161018/1539690928', NULL, 2, '2018-10-16 18:54:00', '<p>&nbsp;</p>'),
('INVC/JUAL/161018/1539691027', NULL, 14, '2018-10-16 18:55:00', '<p>&nbsp;</p>'),
('INVC/JUAL/161018/1539691087', NULL, 14, '2018-10-16 18:57:00', '<p>&nbsp;</p>'),
('INVC/JUAL/161018/1539694070', NULL, 3, '2018-10-16 19:47:00', '<p>&nbsp;</p>'),
('INVC/JUAL/161118/1542304089', NULL, 3, '2018-11-16 00:47:00', '<p>&nbsp;</p>'),
('INVC/JUAL/161118/1542304159', NULL, 3, '2018-11-16 00:48:00', '<p>&nbsp;</p>'),
('INVC/JUAL/161118/1542304555', NULL, 3, '2018-11-16 00:53:00', '<p>&nbsp;</p>'),
('INVC/JUAL/161118/1542304620', NULL, 3, '2018-11-16 00:56:00', '<p>&nbsp;</p>'),
('INVC/JUAL/161218/1544931780', NULL, 3, '2018-12-16 10:42:00', '<p>&nbsp;</p>'),
('INVC/JUAL/161218/1544975715', NULL, 3, '2018-12-16 22:54:00', '<p>&nbsp;</p>'),
('INVC/JUAL/161218/1544975796', NULL, 3, '2018-12-16 22:55:00', '<p>&nbsp;</p>'),
('INVC/JUAL/170119/1547725382', NULL, 3, '2019-01-17 18:42:00', '<p>&nbsp;</p>'),
('INVC/JUAL/170119/1547725732', NULL, 3, '2019-01-17 18:44:00', '<p>&nbsp;</p>'),
('INVC/JUAL/170119/1547726676', NULL, 3, '2019-01-17 19:04:00', '<p>&nbsp;</p>'),
('INVC/JUAL/170818/1534483883', 87, 1, '2018-08-17 12:29:00', '<p>&nbsp;</p>'),
('INVC/JUAL/170818/1534483983', 89, 14, '2018-08-17 12:31:00', '<p>&nbsp;</p>'),
('INVC/JUAL/170818/1534484141', 23, 14, '2018-08-17 12:33:00', '<p>&nbsp;</p>'),
('INVC/JUAL/170818/1534513406', 90, 3, '2018-08-17 20:42:00', '<p>&nbsp;</p>'),
('INVC/JUAL/170818/1534517739', 92, 3, '2018-08-17 21:55:00', '<p>&nbsp;</p>'),
('INVC/JUAL/170818/1534517864', 93, 14, '2018-08-17 21:56:00', '<p>&nbsp;</p>'),
('INVC/JUAL/170818/1534517907', 15, 3, '2018-08-17 21:58:00', '<p>&nbsp;</p>'),
('INVC/JUAL/171018/1539777674', 273, 3, '2018-10-17 18:59:00', '<p>&nbsp;</p>'),
('INVC/JUAL/171018/1539785382', NULL, 1, '2018-10-17 21:07:00', '<p>&nbsp;</p>'),
('INVC/JUAL/171018/1539788037', NULL, 3, '2018-10-17 21:52:00', '<p>&nbsp;</p>'),
('INVC/JUAL/180818/1534561738', 94, 3, '2018-08-18 10:07:00', '<p>&nbsp;</p>'),
('INVC/JUAL/180818/1534610265', 96, 2, '2018-08-18 23:35:00', '<p>&nbsp;</p>'),
('INVC/JUAL/180818/1534610356', 95, 2, '2018-08-18 23:38:00', '<p>&nbsp;</p>'),
('INVC/JUAL/180918/1537236065', 238, 3, '2018-09-18 09:00:00', '<p>&nbsp;</p>'),
('INVC/JUAL/180918/1537236124', 239, 3, '2018-09-18 09:01:00', '<p>&nbsp;</p>'),
('INVC/JUAL/180918/1537236195', 240, 3, '2018-09-18 09:02:00', '<p>&nbsp;</p>'),
('INVC/JUAL/180918/1537236270', NULL, 3, '2018-09-18 09:03:00', '<p>&nbsp;</p>'),
('INVC/JUAL/180918/1537237339', 93, 14, '2018-09-18 09:20:00', '<p>&nbsp;</p>'),
('INVC/JUAL/180918/1537286487', NULL, 3, '2018-09-18 22:59:00', '<p>&nbsp;</p>'),
('INVC/JUAL/181018/1539797204', NULL, 3, '2018-10-17 22:56:00', '<p>&nbsp;</p>'),
('INVC/JUAL/181018/1539871126', NULL, 3, '2018-10-18 20:57:00', '<p>&nbsp;</p>'),
('INVC/JUAL/181018/1539871663', NULL, 3, '2018-10-18 20:58:00', '<p>&nbsp;</p>'),
('INVC/JUAL/181018/1539871683', NULL, 3, '2018-10-18 21:07:00', '<p>&nbsp;</p>'),
('INVC/JUAL/181018/1539871795', NULL, 3, '2018-10-18 21:09:00', '<p>&nbsp;</p>'),
('INVC/JUAL/181018/1539871815', NULL, 3, '2018-10-18 21:10:00', '<p>&nbsp;</p>'),
('INVC/JUAL/181018/1539872059', NULL, 3, '2018-10-18 21:13:00', '<p>&nbsp;</p>'),
('INVC/JUAL/181018/1539872113', NULL, 3, '2018-10-18 21:14:00', '<p>&nbsp;</p>'),
('INVC/JUAL/181118/1542534105', NULL, 3, '2018-11-18 16:41:00', '<p>&nbsp;</p>'),
('INVC/JUAL/181118/1542534249', NULL, 3, '2018-11-18 16:42:00', '<p>&nbsp;</p>'),
('INVC/JUAL/181118/1542534430', NULL, 3, '2018-11-18 16:46:00', '<p>&nbsp;</p>'),
('INVC/JUAL/181118/1542534593', NULL, 3, '2018-11-18 16:49:00', '<p>&nbsp;</p>'),
('INVC/JUAL/181118/1542534700', NULL, 3, '2018-11-18 16:50:00', '<p>&nbsp;</p>'),
('INVC/JUAL/181118/1542534820', NULL, 3, '2018-11-18 16:51:00', '<p>&nbsp;</p>'),
('INVC/JUAL/181118/1542534879', NULL, 3, '2018-11-18 16:53:00', '<p>&nbsp;</p>'),
('INVC/JUAL/181118/1542534974', NULL, 3, '2018-11-18 16:55:00', '<p>&nbsp;</p>'),
('INVC/JUAL/181118/1542535020', NULL, 3, '2018-11-18 16:56:00', '<p>&nbsp;</p>'),
('INVC/JUAL/181218/1545072148', NULL, 3, '2018-12-18 01:38:00', '<p>&nbsp;</p>'),
('INVC/JUAL/181218/1545072253', NULL, 3, '2018-12-18 01:43:00', '<p>&nbsp;</p>'),
('INVC/JUAL/190818/1534654577', NULL, 3, '2018-08-19 11:55:00', '<p>&nbsp;</p>'),
('INVC/JUAL/190818/1534669286', 98, 2, '2018-08-19 15:59:00', '<p>&nbsp;</p>'),
('INVC/JUAL/190818/1534669347', 52, 3, '2018-08-19 16:01:00', '<p>&nbsp;</p>'),
('INVC/JUAL/190818/1534676527', 99, 3, '2018-08-19 18:01:00', '<p>&nbsp;</p>'),
('INVC/JUAL/190918/1537319614', NULL, 3, '2018-09-19 08:13:00', '<p>&nbsp;</p>'),
('INVC/JUAL/190918/1537365795', NULL, 3, '2018-09-19 21:02:00', '<p>&nbsp;</p>'),
('INVC/JUAL/190918/1537365820', 7, 3, '2018-09-19 21:03:00', '<p>&nbsp;</p>'),
('INVC/JUAL/190918/1537366048', 243, 3, '2018-09-19 21:04:00', '<p>&nbsp;</p>'),
('INVC/JUAL/190918/1537376164', NULL, 3, '2018-09-19 23:55:00', '<p>&nbsp;</p>'),
('INVC/JUAL/191018/1539882982', NULL, 3, '2018-10-19 00:15:00', '<p>&nbsp;</p>'),
('INVC/JUAL/191018/1539950594', NULL, 3, '2018-10-19 19:02:00', '<p>&nbsp;</p>'),
('INVC/JUAL/191018/1539950697', 275, 3, '2018-10-19 19:03:00', '<p>&nbsp;</p>'),
('INVC/JUAL/191018/1539953325', 72, 3, '2018-10-19 19:48:00', '<p>&nbsp;</p>'),
('INVC/JUAL/191018/1539953406', 66, 3, '2018-10-19 19:48:00', '<p>&nbsp;</p>'),
('INVC/JUAL/191218/1545221295', NULL, 3, '2018-12-19 19:07:00', '<p>&nbsp;</p>'),
('INVC/JUAL/191218/1545221381', NULL, 3, '2018-12-19 19:08:00', '<p>&nbsp;</p>'),
('INVC/JUAL/200119/1547975089', NULL, 3, '2019-01-20 16:01:00', '<p>&nbsp;</p>'),
('INVC/JUAL/200119/1547975390', NULL, 3, '2019-01-20 16:08:00', '<p>&nbsp;</p>'),
('INVC/JUAL/200119/1547996175', NULL, 3, '2019-01-20 21:55:00', '<p>&nbsp;</p>'),
('INVC/JUAL/200818/1534737283', 24, 3, '2018-08-20 10:54:00', '<p>&nbsp;</p>'),
('INVC/JUAL/200818/1534737314', 100, 3, '2018-08-20 10:54:00', '<p>&nbsp;</p>'),
('INVC/JUAL/200818/1534772452', 101, 2, '2018-08-20 20:30:00', '<p>&nbsp;</p>'),
('INVC/JUAL/200818/1534772502', 102, 3, '2018-08-20 20:41:00', '<p>&nbsp;</p>'),
('INVC/JUAL/200818/1534772551', 103, 3, '2018-08-20 20:41:00', '<p>&nbsp;</p>'),
('INVC/JUAL/200818/1534772587', 104, 3, '2018-08-20 20:42:00', '<p>&nbsp;</p>'),
('INVC/JUAL/200818/1534772642', 105, 14, '2018-08-20 20:43:00', '<p>&nbsp;</p>'),
('INVC/JUAL/200818/1534772705', 106, 3, '2018-08-20 20:44:00', '<p>&nbsp;</p>'),
('INVC/JUAL/200918/1537446662', 244, 1, '2018-09-20 19:30:00', '<p>&nbsp;</p>'),
('INVC/JUAL/200918/1537446704', 245, 1, '2018-09-20 19:31:00', '<p>&nbsp;</p>'),
('INVC/JUAL/200918/1537446743', NULL, 3, '2018-09-20 19:31:00', '<p>&nbsp;</p>'),
('INVC/JUAL/200918/1537449949', 246, 1, '2018-09-20 20:22:00', '<p>&nbsp;</p>'),
('INVC/JUAL/200918/1537450026', 247, 3, '2018-09-20 20:26:00', '<p>sponsor cyber</p>'),
('INVC/JUAL/200918/1537452004', 248, 2, '2018-09-20 20:59:00', '<p>&nbsp;</p>'),
('INVC/JUAL/200918/1537452172', 249, 14, '2018-09-20 21:02:00', '<p>&nbsp;</p>'),
('INVC/JUAL/200918/1537452299', 253, 3, '2018-09-20 21:03:00', '<p>&nbsp;</p>'),
('INVC/JUAL/201218/1545283579', NULL, 3, '2018-12-20 12:24:00', '<p>&nbsp;</p>'),
('INVC/JUAL/201218/1545283769', NULL, 3, '2018-12-20 12:28:00', '<p>&nbsp;</p>'),
('INVC/JUAL/210119/1548051610', NULL, 3, '2019-01-21 13:19:00', '<p>&nbsp;</p>'),
('INVC/JUAL/210818/1534845529', 107, 1, '2018-08-21 16:57:00', '<p>&nbsp;</p>'),
('INVC/JUAL/210818/1534846830', 108, 3, '2018-08-21 17:18:00', '<p>&nbsp;</p>'),
('INVC/JUAL/210818/1534858818', 72, 3, '2018-08-21 20:39:00', '<p>&nbsp;</p>'),
('INVC/JUAL/210818/1534858866', 109, 3, '2018-08-21 20:40:00', '<p>&nbsp;</p>'),
('INVC/JUAL/210818/1534859504', 110, 3, '2018-08-21 20:51:00', '<p>&nbsp;</p>'),
('INVC/JUAL/210818/1534863856', 111, 3, '2018-08-21 22:03:00', '<p>&nbsp;</p>'),
('INVC/JUAL/210918/1537498646', 112, 1, '2018-09-21 09:56:00', '<p>&nbsp;</p>'),
('INVC/JUAL/210918/1537498851', 251, 3, '2018-09-21 10:00:00', '<p>&nbsp;</p>'),
('INVC/JUAL/210918/1537498890', 252, 3, '2018-09-21 10:00:00', '<p>&nbsp;</p>'),
('INVC/JUAL/210918/1537543103', NULL, 1, '2018-09-21 22:17:00', '<p>&nbsp;</p>'),
('INVC/JUAL/211118/1542765480', NULL, 3, '2018-11-21 08:57:00', '<p>&nbsp;</p>'),
('INVC/JUAL/211118/1542765522', NULL, 3, '2018-11-21 08:58:00', '<p>&nbsp;</p>'),
('INVC/JUAL/211118/1542765705', NULL, 3, '2018-11-21 08:58:00', '<p>&nbsp;</p>'),
('INVC/JUAL/211118/1542765769', NULL, 2, '2018-11-21 09:01:00', '<p>&nbsp;</p>'),
('INVC/JUAL/211118/1542765814', NULL, 3, '2018-11-21 09:02:00', '<p>&nbsp;</p>'),
('INVC/JUAL/211118/1542765968', NULL, 3, '2018-11-21 09:03:00', '<p>&nbsp;</p>'),
('INVC/JUAL/211118/1542766249', NULL, 3, '2018-11-21 09:08:00', '<p>&nbsp;</p>'),
('INVC/JUAL/211118/1542766277', NULL, 3, '2018-11-21 09:10:00', '<p>&nbsp;</p>'),
('INVC/JUAL/211118/1542819031', NULL, 3, '2018-11-21 23:49:00', '<p>&nbsp;</p>'),
('INVC/JUAL/211118/1542819093', NULL, 3, '2018-11-21 23:50:00', '<p>&nbsp;</p>'),
('INVC/JUAL/211118/1542819126', NULL, 3, '2018-11-21 23:51:00', '<p>&nbsp;</p>'),
('INVC/JUAL/211118/1542819174', NULL, 3, '2018-11-21 23:52:00', '<p>&nbsp;</p>'),
('INVC/JUAL/211118/1542819259', NULL, 3, '2018-11-21 23:53:00', '<p>&nbsp;</p>'),
('INVC/JUAL/211118/1542819307', NULL, 3, '2018-11-21 23:54:00', '<p>&nbsp;</p>'),
('INVC/JUAL/211218/1545326323', NULL, 3, '2018-12-21 00:16:00', '<p>&nbsp;</p>'),
('INVC/JUAL/220119/1548094048', NULL, 3, '2019-01-22 01:05:00', '<p>&nbsp;</p>'),
('INVC/JUAL/220119/1548137160', NULL, 3, '2019-01-22 12:59:00', '<p>&nbsp;</p>'),
('INVC/JUAL/220818/1534911228', 41, 14, '2018-08-22 11:12:00', '<p>&nbsp;</p>'),
('INVC/JUAL/220818/1534911446', 68, 3, '2018-08-22 11:16:00', '<p>&nbsp;</p>'),
('INVC/JUAL/220818/1534921414', 112, 3, '2018-08-22 14:03:00', '<p>&nbsp;</p>'),
('INVC/JUAL/220818/1534926981', 68, 3, '2018-08-22 15:36:00', '<p>&nbsp;</p>'),
('INVC/JUAL/220818/1534927036', 113, 3, '2018-08-22 15:36:00', '<p>&nbsp;</p>'),
('INVC/JUAL/220918/1537582600', 28, 3, '2018-09-22 09:15:00', '<p>&nbsp;</p>'),
('INVC/JUAL/220918/1537635324', NULL, 3, '2018-09-22 23:51:00', '<p>&nbsp;</p>'),
('INVC/JUAL/220918/1537635428', NULL, 3, '2018-09-22 23:55:00', '<p>&nbsp;</p>'),
('INVC/JUAL/221018/1540174290', NULL, 1, '2018-10-22 09:10:00', '<p>&nbsp;</p>'),
('INVC/JUAL/221018/1540174332', NULL, 3, '2018-10-22 09:11:00', '<p>&nbsp;</p>'),
('INVC/JUAL/221018/1540216136', 267, 3, '2018-10-22 20:47:00', '<p>&nbsp;</p>'),
('INVC/JUAL/221018/1540216176', NULL, 3, '2018-10-22 20:49:00', '<p>&nbsp;</p>'),
('INVC/JUAL/221018/1540216266', NULL, 3, '2018-10-22 20:50:00', '<p>&nbsp;</p>'),
('INVC/JUAL/221018/1540216546', NULL, 3, '2018-10-22 20:53:00', '<p>&nbsp;</p>'),
('INVC/JUAL/221018/1540216593', NULL, 3, '2018-10-22 20:55:00', '<p>&nbsp;</p>'),
('INVC/JUAL/221018/1540216710', NULL, 3, '2018-10-22 20:58:00', '<p>&nbsp;</p>'),
('INVC/JUAL/221018/1540216967', NULL, 3, '2018-10-22 21:02:00', '<p>&nbsp;</p>'),
('INVC/JUAL/221018/1540218251', NULL, 3, '2018-10-22 21:23:00', '<p>&nbsp;</p>'),
('INVC/JUAL/221118/1542820968', NULL, 3, '2018-11-22 00:21:00', '<p>&nbsp;</p>'),
('INVC/JUAL/221118/1542901067', NULL, 3, '2018-11-22 22:36:00', '<p>&nbsp;</p>'),
('INVC/JUAL/221118/1542901151', NULL, 3, '2018-11-22 22:38:00', '<p>&nbsp;</p>'),
('INVC/JUAL/221118/1542901192', NULL, 3, '2018-11-22 22:39:00', '<p>&nbsp;</p>'),
('INVC/JUAL/221118/1542901354', NULL, 3, '2018-11-22 22:40:00', '<p>&nbsp;</p>'),
('INVC/JUAL/221118/1542902736', NULL, 3, '2018-11-22 23:04:00', '<p>&nbsp;</p>'),
('INVC/JUAL/221218/1545495165', NULL, 3, '2018-12-22 23:07:00', '<p>&nbsp;</p>'),
('INVC/JUAL/230119/1548199420', NULL, 3, '2019-01-23 06:22:00', '<p>&nbsp;</p>'),
('INVC/JUAL/230119/1548240178', NULL, 3, '2019-01-23 17:40:00', '<p>&nbsp;</p>'),
('INVC/JUAL/230119/1548240381', NULL, 3, '2019-01-23 17:43:00', '<p>&nbsp;</p>'),
('INVC/JUAL/230119/1548260228', NULL, 3, '2019-01-23 23:11:00', '<p>&nbsp;</p>'),
('INVC/JUAL/230818/1534998019', 114, 3, '2018-08-23 11:18:00', '<p>&nbsp;</p>'),
('INVC/JUAL/230818/1534998133', 115, 2, '2018-08-23 11:20:00', '<p>&nbsp;</p>'),
('INVC/JUAL/230818/1535037728', 39, 3, '2018-08-23 22:20:00', '<p>&nbsp;</p>'),
('INVC/JUAL/230818/1535038049', 24, 3, '2018-08-23 22:22:00', '<p>&nbsp;</p>'),
('INVC/JUAL/230818/1535038342', 116, 3, '2018-08-23 22:31:00', '<p>&nbsp;</p>'),
('INVC/JUAL/230818/1535043312', 106, 3, '2018-08-23 22:32:00', '<p>&nbsp;</p>'),
('INVC/JUAL/230818/1535043406', 117, 3, '2018-08-23 23:56:00', '<p>&nbsp;</p>'),
('INVC/JUAL/230918/1537716408', 242, 3, '2018-09-23 22:22:00', '<p>&nbsp;</p>'),
('INVC/JUAL/230918/1537716601', 254, 14, '2018-09-23 22:28:00', '<p>&nbsp;</p>'),
('INVC/JUAL/231018/1540269468', NULL, 14, '2018-10-23 11:36:00', '<p>&nbsp;</p>'),
('INVC/JUAL/231018/1540269529', NULL, 1, '2018-10-23 11:38:00', '<p>&nbsp;</p>'),
('INVC/JUAL/231018/1540269595', NULL, 14, '2018-10-23 11:39:00', '<p>&nbsp;</p>'),
('INVC/JUAL/231018/1540303563', NULL, 3, '2018-10-23 21:05:00', '<p>&nbsp;</p>'),
('INVC/JUAL/231018/1540303596', NULL, 3, '2018-10-23 21:06:00', '<p>&nbsp;</p>'),
('INVC/JUAL/231118/1542973579', NULL, 3, '2018-11-23 18:45:00', '<p>&nbsp;</p>'),
('INVC/JUAL/231118/1542973612', NULL, 3, '2018-11-23 18:46:00', '<p>&nbsp;</p>'),
('INVC/JUAL/231118/1542973636', NULL, 3, '2018-11-23 18:46:00', '<p>&nbsp;</p>'),
('INVC/JUAL/231118/1542973854', NULL, 3, '2018-11-23 18:50:00', '<p>&nbsp;</p>'),
('INVC/JUAL/240119/1548332648', NULL, 3, '2019-01-24 19:21:00', '<p>&nbsp;</p>'),
('INVC/JUAL/240119/1548335633', NULL, 3, '2019-01-24 20:13:00', '<p>&nbsp;</p>'),
('INVC/JUAL/240119/1548345190', NULL, 3, '2019-01-24 22:51:00', '<p>&nbsp;</p>'),
('INVC/JUAL/240818/1535048661', 118, 3, '2018-08-24 01:23:00', '<p>&nbsp;</p>'),
('INVC/JUAL/240818/1535085048', 119, 3, '2018-08-24 11:30:00', '<p>&nbsp;</p>'),
('INVC/JUAL/240818/1535085144', 120, 1, '2018-08-24 11:31:00', '<p>&nbsp;</p>'),
('INVC/JUAL/240818/1535085204', 121, 1, '2018-08-24 11:32:00', '<p>&nbsp;</p>'),
('INVC/JUAL/240918/1537807823', NULL, 3, '2018-09-24 23:48:00', '<p>&nbsp;</p>'),
('INVC/JUAL/240918/1537807903', NULL, 14, '2018-09-24 23:51:00', '<p>&nbsp;</p>'),
('INVC/JUAL/241118/1542993178', NULL, 3, '2018-11-24 00:11:00', '<p>&nbsp;</p>'),
('INVC/JUAL/241118/1542995686', NULL, 3, '2018-11-24 00:53:00', '<p>&nbsp;</p>'),
('INVC/JUAL/241118/1543023871', NULL, 3, '2018-11-24 08:43:00', '<p>&nbsp;</p>'),
('INVC/JUAL/241118/1543024364', NULL, 3, '2018-11-24 08:43:00', '<p>&nbsp;</p>'),
('INVC/JUAL/241218/1545644967', NULL, 3, '2018-12-24 16:48:00', '<p>&nbsp;</p>'),
('INVC/JUAL/241218/1545647429', NULL, 3, '2018-12-24 17:29:00', '<p>&nbsp;</p>'),
('INVC/JUAL/250818/1535163180', 122, 1, '2018-08-25 09:11:00', '<p>&nbsp;</p>'),
('INVC/JUAL/250818/1535163255', 123, 3, '2018-08-25 09:13:00', '<p>&nbsp;</p>'),
('INVC/JUAL/250818/1535175830', 1, 3, '2018-08-25 12:43:00', '<p>&nbsp;</p>'),
('INVC/JUAL/250818/1535180681', 124, 3, '2018-08-25 13:41:00', '<p>&nbsp;</p>'),
('INVC/JUAL/250818/1535181681', 78, 3, '2018-08-25 14:20:00', '<p>&nbsp;</p>'),
('INVC/JUAL/250818/1535181708', 125, 3, '2018-08-25 14:21:00', '<p>&nbsp;</p>'),
('INVC/JUAL/250818/1535181787', 126, 3, '2018-08-25 14:22:00', '<p>&nbsp;</p>'),
('INVC/JUAL/250918/1537840039', NULL, 14, '2018-09-25 08:46:00', '<p>&nbsp;</p>'),
('INVC/JUAL/250918/1537840059', NULL, 1, '2018-09-25 08:47:00', '<p>&nbsp;</p>'),
('INVC/JUAL/250918/1537888363', NULL, 3, '2018-09-25 22:11:00', '<p>&nbsp;</p>'),
('INVC/JUAL/250918/1537888637', NULL, 3, '2018-09-25 22:12:00', '<p>&nbsp;</p>'),
('INVC/JUAL/250918/1537889025', NULL, 3, '2018-09-25 22:17:00', '<p>&nbsp;</p>'),
('INVC/JUAL/251018/1540466013', NULL, 3, '2018-10-24 18:12:00', '<p>&nbsp;</p>'),
('INVC/JUAL/251018/1540466108', NULL, 3, '2018-10-25 18:13:00', '<p>&nbsp;</p>'),
('INVC/JUAL/251018/1540466340', NULL, 3, '2018-10-25 18:18:00', '<p>&nbsp;</p>'),
('INVC/JUAL/251018/1540466355', NULL, 3, '2018-10-25 18:19:00', '<p>&nbsp;</p>'),
('INVC/JUAL/251018/1540466402', NULL, 3, '2018-10-25 18:19:00', '<p>&nbsp;</p>'),
('INVC/JUAL/251018/1540466424', NULL, 3, '2018-10-25 18:20:00', '<p>&nbsp;</p>'),
('INVC/JUAL/251018/1540466443', NULL, 3, '2018-10-25 18:20:00', '<p>&nbsp;</p>'),
('INVC/JUAL/251018/1540467964', NULL, 3, '2018-10-25 18:44:00', '<p>&nbsp;</p>'),
('INVC/JUAL/251018/1540467986', NULL, 3, '2018-10-25 18:46:00', '<p>&nbsp;</p>'),
('INVC/JUAL/251018/1540473342', NULL, 3, '2018-10-25 20:15:00', '<p>&nbsp;</p>'),
('INVC/JUAL/251018/1540473418', NULL, 3, '2018-10-25 20:15:00', '<p>&nbsp;</p>'),
('INVC/JUAL/251018/1540473454', NULL, 3, '2018-10-25 20:17:00', '<p>&nbsp;</p>'),
('INVC/JUAL/251018/1540473563', NULL, 3, '2018-10-25 20:18:00', '<p>&nbsp;</p>'),
('INVC/JUAL/251018/1540476016', NULL, 3, '2018-10-25 20:59:00', '<p>&nbsp;</p>'),
('INVC/JUAL/251018/1540476095', NULL, 3, '2018-10-25 21:00:00', '<p>&nbsp;</p>'),
('INVC/JUAL/251118/1543081212', NULL, 3, '2018-11-25 00:39:00', '<p>&nbsp;</p>'),
('INVC/JUAL/251118/1543082464', NULL, 3, '2018-11-25 01:00:00', '<p>&nbsp;</p>'),
('INVC/JUAL/251218/1545721029', NULL, 3, '2018-12-25 13:52:00', '<p>&nbsp;</p>'),
('INVC/JUAL/251218/1545721127', NULL, 3, '2018-12-25 13:57:00', '<p>&nbsp;</p>'),
('INVC/JUAL/260119/1548519205', NULL, 3, '2019-01-26 23:03:00', '<p>&nbsp;</p>'),
('INVC/JUAL/260818/1535265306', 127, 3, '2018-08-26 13:34:00', '<p>&nbsp;</p>'),
('INVC/JUAL/261118/1543207132', NULL, 3, '2018-11-26 11:36:00', '<p>&nbsp;</p>'),
('INVC/JUAL/261118/1543208938', NULL, 3, '2018-11-26 12:06:00', '<p>&nbsp;</p>'),
('INVC/JUAL/261118/1543209023', NULL, 3, '2018-11-26 12:09:00', '<p>&nbsp;</p>'),
('INVC/JUAL/261118/1543235339', NULL, 3, '2018-11-26 19:28:00', '<p>&nbsp;</p>'),
('INVC/JUAL/261118/1543235484', NULL, 3, '2018-11-26 19:30:00', '<p>&nbsp;</p>'),
('INVC/JUAL/261118/1543235645', NULL, 3, '2018-11-26 19:31:00', '<p>&nbsp;</p>'),
('INVC/JUAL/261118/1543242355', NULL, 3, '2018-11-26 21:25:00', '<p>&nbsp;</p>'),
('INVC/JUAL/261118/1543242380', NULL, 3, '2018-11-26 21:26:00', '<p>&nbsp;</p>'),
('INVC/JUAL/270818/1535362296', 128, 3, '2018-08-27 16:29:00', '<p>ongkir pos reg</p>'),
('INVC/JUAL/270818/1535366203', 95, 2, '2018-08-27 17:33:00', '<p>&nbsp;</p>');
INSERT INTO `tbl_jual` (`jual_invoice`, `cust_id`, `toko_id`, `jual_tgl`, `jual_detail`) VALUES
('INVC/JUAL/270818/1535369002', 129, 3, '2018-08-27 18:22:00', '<p>&nbsp;</p>'),
('INVC/JUAL/270918/1538052792', NULL, 14, '2018-09-27 19:48:00', '<p>&nbsp;</p>'),
('INVC/JUAL/270918/1538052891', NULL, 3, '2018-09-27 19:54:00', '<p>&nbsp;</p>'),
('INVC/JUAL/270918/1538053139', NULL, 3, '2018-09-27 19:58:00', '<p>&nbsp;</p>'),
('INVC/JUAL/271018/1540578300', NULL, 3, '2018-10-27 01:24:00', '<p>&nbsp;</p>'),
('INVC/JUAL/271018/1540578352', NULL, 3, '2018-10-27 01:25:00', '<p>&nbsp;</p>'),
('INVC/JUAL/271018/1540578392', NULL, 3, '2018-10-27 01:26:00', '<p>&nbsp;</p>'),
('INVC/JUAL/271018/1540578462', NULL, 3, '2018-10-27 01:26:00', '<p>&nbsp;</p>'),
('INVC/JUAL/271018/1540578593', NULL, 3, '2018-10-27 01:28:00', '<p>Pembayaran lwt atm bca</p>'),
('INVC/JUAL/271018/1540578668', NULL, 3, '2018-10-27 01:30:00', '<p>&nbsp;</p>'),
('INVC/JUAL/271018/1540579285', 58, 3, '2018-10-27 01:37:00', '<p>&nbsp;</p>'),
('INVC/JUAL/271018/1540624964', NULL, 3, '2018-10-27 14:22:00', '<p>&nbsp;</p>'),
('INVC/JUAL/271018/1540624994', NULL, 3, '2018-10-27 14:23:00', '<p>&nbsp;</p>'),
('INVC/JUAL/271018/1540625784', NULL, 3, '2018-10-27 14:32:00', '<p>&nbsp;</p>'),
('INVC/JUAL/271018/1540627824', NULL, 3, '2018-10-27 15:10:00', '<p>&nbsp;</p>'),
('INVC/JUAL/271118/1543293098', NULL, 3, '2018-11-27 11:31:00', '<p>&nbsp;</p>'),
('INVC/JUAL/271218/1545885536', NULL, 3, '2018-12-27 11:38:00', '<p>&nbsp;</p>'),
('INVC/JUAL/271218/1545885648', NULL, 3, '2018-12-27 11:39:00', '<p>&nbsp;</p>'),
('INVC/JUAL/271218/1545885771', NULL, 3, '2018-12-27 11:41:00', '<p>&nbsp;</p>'),
('INVC/JUAL/280119/1548650600', NULL, 3, '2019-01-28 11:42:00', '<p>&nbsp;</p>'),
('INVC/JUAL/280818/1535459159', 130, 14, '2018-08-28 19:25:00', '<p>&nbsp;</p>'),
('INVC/JUAL/280818/1535459232', 131, 3, '2018-08-28 19:26:00', '<p>&nbsp;</p>'),
('INVC/JUAL/280818/1535459306', 71, 3, '2018-08-28 19:27:00', '<p>&nbsp;</p>'),
('INVC/JUAL/280818/1535459461', 132, 14, '2018-08-28 19:28:00', '<p>&nbsp;</p>'),
('INVC/JUAL/280818/1535460017', 133, 3, '2018-08-28 19:39:00', '<p>&nbsp;</p>'),
('INVC/JUAL/280818/1535460113', 134, 14, '2018-08-28 19:40:00', '<p>&nbsp;</p>'),
('INVC/JUAL/280918/1538071815', NULL, 3, '2018-09-28 01:10:00', '<p>&nbsp;</p>'),
('INVC/JUAL/281118/1543338585', NULL, 3, '2018-11-28 00:07:00', '<p>&nbsp;</p>'),
('INVC/JUAL/281118/1543338649', NULL, 3, '2018-11-28 00:09:00', '<p>&nbsp;</p>'),
('INVC/JUAL/281118/1543338773', NULL, 3, '2018-11-28 00:11:00', '<p>&nbsp;</p>'),
('INVC/JUAL/281118/1543339309', NULL, 3, '2018-11-28 00:14:00', '<p>&nbsp;</p>'),
('INVC/JUAL/281218/1545936395', NULL, 3, '2018-12-28 01:45:00', '<p>&nbsp;</p>'),
('INVC/JUAL/281218/1545973313', NULL, 3, '2018-12-28 12:00:00', '<p>&nbsp;</p>'),
('INVC/JUAL/290818/1535555789', 135, 14, '2018-08-29 22:15:00', '<p>&nbsp;</p>'),
('INVC/JUAL/290818/1535555830', 136, 3, '2018-08-29 22:16:00', '<p>&nbsp;</p>'),
('INVC/JUAL/290818/1535556074', 137, 3, '2018-08-29 22:19:00', '<p>&nbsp;</p>'),
('INVC/JUAL/290818/1535558345', 138, 3, '2018-08-29 22:57:00', '<p>&nbsp;</p>'),
('INVC/JUAL/290918/1538184576', NULL, 3, '2018-09-29 08:29:00', '<p>&nbsp;</p>'),
('INVC/JUAL/290918/1538186133', NULL, 3, '2018-09-29 08:29:00', '<p>&nbsp;</p>'),
('INVC/JUAL/290918/1538188940', NULL, 3, '2018-09-29 09:41:00', '<p>&nbsp;</p>'),
('INVC/JUAL/290918/1538193981', NULL, 3, '2018-09-29 11:06:00', '<p>&nbsp;</p>'),
('INVC/JUAL/291118/1543445756', NULL, 3, '2018-11-29 05:55:00', '<p>&nbsp;</p>'),
('INVC/JUAL/291118/1543445794', NULL, 3, '2018-11-29 05:56:00', '<p>&nbsp;</p>'),
('INVC/JUAL/291118/1543445824', NULL, 3, '2018-11-29 05:56:00', '<p>&nbsp;</p>'),
('INVC/JUAL/291118/1543445841', NULL, 3, '2018-11-29 05:57:00', '<p>&nbsp;</p>'),
('INVC/JUAL/291118/1543446066', NULL, 3, '2018-11-29 05:59:00', '<p>&nbsp;</p>'),
('INVC/JUAL/291118/1543446156', NULL, 3, '2018-11-29 06:02:00', '<p>&nbsp;</p>'),
('INVC/JUAL/291118/1543449556', NULL, 3, '2018-11-29 06:58:00', '<p>&nbsp;</p>'),
('INVC/JUAL/291118/1543493632', NULL, 3, '2018-11-29 19:09:00', '<p>&nbsp;</p>'),
('INVC/JUAL/291118/1543493770', NULL, 3, '2018-11-29 19:15:00', '<p>&nbsp;</p>'),
('INVC/JUAL/291118/1543507865', NULL, 3, '2018-11-29 23:09:00', '<p>&nbsp;</p>'),
('INVC/JUAL/300119/1548787261', NULL, 3, '2019-01-30 01:09:00', '<p>&nbsp;</p>'),
('INVC/JUAL/300119/1548825112', NULL, 3, '2019-01-30 12:09:00', '<p>&nbsp;</p>'),
('INVC/JUAL/300818/1535604665', 139, 3, '2018-08-30 11:50:00', '<p>&nbsp;</p>'),
('INVC/JUAL/300818/1535605386', 142, 3, '2018-08-30 11:59:00', '<p>&nbsp;</p>'),
('INVC/JUAL/300818/1535605484', 147, 3, '2018-08-30 12:04:00', '<p>&nbsp;</p>'),
('INVC/JUAL/300818/1535605574', 25, 3, '2018-08-30 12:05:00', '<p>&nbsp;</p>'),
('INVC/JUAL/300818/1535605750', 67, 3, '2018-08-30 12:08:00', '<p>&nbsp;</p>'),
('INVC/JUAL/300818/1535618717', 148, 3, '2018-08-30 15:40:00', '<p>&nbsp;</p>'),
('INVC/JUAL/300818/1535618875', 149, 3, '2018-08-30 15:46:00', '<p>&nbsp;</p>'),
('INVC/JUAL/300818/1535642962', 151, 3, '2018-08-30 22:28:00', '<p>&nbsp;</p>'),
('INVC/JUAL/300818/1535643071', 152, 3, '2018-08-30 22:29:00', '<p>&nbsp;</p>'),
('INVC/JUAL/300818/1535643133', 153, 3, '2018-08-30 22:31:00', '<p>&nbsp;</p>'),
('INVC/JUAL/301018/1540866520', NULL, 3, '2018-10-30 09:28:00', '<p>&nbsp;</p>'),
('INVC/JUAL/301018/1540866586', NULL, 3, '2018-10-30 09:28:00', '<p>&nbsp;</p>'),
('INVC/JUAL/301018/1540866607', NULL, 3, '2018-10-30 09:29:00', '<p>&nbsp;</p>'),
('INVC/JUAL/301018/1540866631', NULL, 3, '2018-10-30 09:30:00', '<p>&nbsp;</p>'),
('INVC/JUAL/301018/1540866649', NULL, 3, '2018-10-30 09:30:00', '<p>&nbsp;</p>'),
('INVC/JUAL/301018/1540866670', NULL, 3, '2018-10-30 09:30:00', '<p>&nbsp;</p>'),
('INVC/JUAL/301018/1540866705', NULL, 3, '2018-10-30 09:31:00', '<p>&nbsp;</p>'),
('INVC/JUAL/301018/1540916937', NULL, 2, '2018-10-30 23:27:00', '<p>&nbsp;</p>'),
('INVC/JUAL/301018/1540916987', NULL, 14, '2018-10-30 23:29:00', '<p>&nbsp;</p>'),
('INVC/JUAL/301018/1540917055', NULL, 14, '2018-10-30 23:29:00', '<p>&nbsp;</p>'),
('INVC/JUAL/301018/1540917125', NULL, 3, '2018-10-30 23:31:00', '<p>&nbsp;</p>'),
('INVC/JUAL/301018/1540917235', NULL, 14, '2018-10-30 23:32:00', '<p>&nbsp;</p>'),
('INVC/JUAL/301018/1540917294', NULL, 3, '2018-10-30 23:34:00', '<p>&nbsp;</p>'),
('INVC/JUAL/301018/1540917329', NULL, 3, '2018-10-30 23:35:00', '<p>&nbsp;</p>'),
('INVC/JUAL/301018/1540918346', NULL, 3, '2018-10-30 23:51:00', '<p>&nbsp;</p>'),
('INVC/JUAL/310818/1535734640', 154, 3, '2018-08-31 23:56:00', '<p>&nbsp;</p>'),
('INVC/JUAL/310818/1535734667', 152, 3, '2018-08-31 23:57:00', '<p>&nbsp;</p>'),
('INVC/JUAL/311018/1540990879', NULL, 1, '2018-10-31 19:58:00', '<p>&nbsp;</p>'),
('INVC/JUAL/311018/1540991191', NULL, 1, '2018-10-31 20:03:00', '<p>&nbsp;</p>'),
('INVC/JUAL/311018/1540991460', NULL, 3, '2018-10-31 20:07:00', '<p>&nbsp;</p>'),
('INVC/JUAL/311018/1540991529', NULL, 14, '2018-10-31 20:11:00', '<p>&nbsp;</p>'),
('INVC/JUAL/311018/1540991657', NULL, 3, '2018-10-31 20:13:00', '<p>&nbsp;</p>'),
('INVC/JUAL/311018/1540991848', NULL, 3, '2018-10-31 20:14:00', '<p>&nbsp;</p>'),
('INVC/JUAL/311018/1540992135', NULL, 3, '2018-10-31 20:17:00', '<p>&nbsp;</p>'),
('INVC/JUAL/311218/1546192254', NULL, 3, '2018-12-31 00:49:00', '<p>&nbsp;</p>'),
('INVC/JUAL/311218/1546192514', NULL, 3, '2018-12-31 00:52:00', '<p>&nbsp;</p>'),
('INVC/JUAL/311218/1546227969', NULL, 3, '2018-12-31 10:43:00', '<p>&nbsp;</p>'),
('INVC/JUAL/311218/1546231825', NULL, 3, '2018-12-31 11:49:00', '<p>&nbsp;</p>'),
('INVC/JUAL/311218/1546244251', NULL, 3, '2018-12-31 15:16:00', '<p>&nbsp;</p>'),
('INVC/JUAL/311218/1546244364', NULL, 3, '2018-12-31 15:17:00', '<p>&nbsp;</p>');

-- --------------------------------------------------------

--
-- Table structure for table `tbl_jualdetail`
--

CREATE TABLE `tbl_jualdetail` (
  `jual_invoice` varchar(150) NOT NULL,
  `barang_kd` int(11) NOT NULL,
  `jual_harga` int(11) NOT NULL,
  `beli_harga` int(11) NOT NULL,
  `jual_diskon` int(11) NOT NULL,
  `jual_jumlah` int(11) NOT NULL
) ENGINE=InnoDB DEFAULT CHARSET=latin1;

--
-- Dumping data for table `tbl_jualdetail`
--

INSERT INTO `tbl_jualdetail` (`jual_invoice`, `barang_kd`, `jual_harga`, `beli_harga`, `jual_diskon`, `jual_jumlah`) VALUES
('INVC/JUAL/050818/1533484411', 25, 25000, 10000, 0, 1),
('INVC/JUAL/050818/1533485513', 76, 100000, 50000, 0, 1),
('INVC/JUAL/050818/1533485650', 38, 25000, 16000, 0, 2),
('INVC/JUAL/060818/1533552664', 22, 160000, 120000, 0, 1),
('INVC/JUAL/060818/1533552766', 130, 20000, 8000, 0, 1),
('INVC/JUAL/060818/1533552766', 38, 30000, 16000, 0, 1),
('INVC/JUAL/060818/1533552939', 151, 50000, 20000, 0, 1),
('INVC/JUAL/060818/1533552939', 153, 50000, 20000, 0, 1),
('INVC/JUAL/060818/1533553124', 166, 15000, 5000, 0, 1),
('INVC/JUAL/060818/1533553487', 84, 100000, 50000, 0, 1),
('INVC/JUAL/060818/1533560467', 138, 20000, 8000, 0, 1),
('INVC/JUAL/060818/1533560467', 11, 50000, 25000, 0, 1),
('INVC/JUAL/060818/1533560467', 17, 65000, 35000, 0, 1),
('INVC/JUAL/060818/1533560550', 82, 150000, 110000, 0, 1),
('INVC/JUAL/060818/1533561042', 25, 25000, 10000, 0, 1),
('INVC/JUAL/060818/1533562005', 155, 50000, 20000, 0, 1),
('INVC/JUAL/060818/1533562005', 13, 65000, 35000, 0, 1),
('INVC/JUAL/060818/1533564365', 126, 0, 8000, 0, 5),
('INVC/JUAL/060818/1533564365', 32, 0, 30000, 0, 1),
('INVC/JUAL/060818/1533564365', 39, 0, 18500, 0, 2),
('INVC/JUAL/060818/1533564559', 166, 15000, 5000, 0, 1),
('INVC/JUAL/060818/1533564559', 41, 20000, 9300, 0, 1),
('INVC/JUAL/060818/1533564559', 138, 20000, 8000, 0, 1),
('INVC/JUAL/060818/1533564559', 23, 240000, 210000, 0, 1),
('INVC/JUAL/060818/1533564559', 33, 10000, 3000, 0, 1),
('INVC/JUAL/060818/1533565150', 39, 0, 18500, 0, 2),
('INVC/JUAL/060818/1533565150', 32, 0, 30000, 0, 1),
('INVC/JUAL/060818/1533565150', 158, 0, 8000, 0, 5),
('INVC/JUAL/070818/1533578119', 25, 25000, 10000, 0, 2),
('INVC/JUAL/070818/1533578392', 147, 50000, 20000, 0, 2),
('INVC/JUAL/070818/1533578392', 149, 50000, 20000, 0, 2),
('INVC/JUAL/070818/1533578639', 83, 150000, 110000, 0, 1),
('INVC/JUAL/070818/1533578639', 35, 120000, 110000, 0, 1),
('INVC/JUAL/070818/1533578639', 165, 20000, 8000, 0, 1),
('INVC/JUAL/070818/1533578639', 21, 50000, 25000, 0, 1),
('INVC/JUAL/070818/1533578639', 49, 225000, 220000, 0, 1),
('INVC/JUAL/070818/1533578984', 72, 10000, 2500, 0, 1),
('INVC/JUAL/070818/1533578984', 150, 20000, 8000, 0, 1),
('INVC/JUAL/070818/1533579357', 5, 50000, 10000, 0, 2),
('INVC/JUAL/070818/1533579357', 138, 20000, 8000, 0, 2),
('INVC/JUAL/070818/1533579357', 141, 50000, 20000, 0, 1),
('INVC/JUAL/070818/1533643807', 27, 70000, 56000, 0, 1),
('INVC/JUAL/070818/1533644596', 27, 70000, 56000, 0, 1),
('INVC/JUAL/070818/1533644596', 160, 50000, 20000, 0, 1),
('INVC/JUAL/070818/1533652191', 66, 130000, 90000, 0, 1),
('INVC/JUAL/070818/1533652191', 139, 50000, 20000, 0, 1),
('INVC/JUAL/070818/1533652191', 8, 50000, 18000, 0, 1),
('INVC/JUAL/070818/1533652431', 41, 20000, 9300, 0, 1),
('INVC/JUAL/070818/1533653002', 72, 10000, 2500, 0, 1),
('INVC/JUAL/070818/1533653002', 35, 120000, 110000, 0, 1),
('INVC/JUAL/070818/1533653002', 21, 50000, 25000, 0, 0),
('INVC/JUAL/070818/1533653002', 12, 50000, 20000, 0, 1),
('INVC/JUAL/070818/1533653002', 19, 75000, 45000, 0, 1),
('INVC/JUAL/070818/1533653193', 49, 225000, 220000, 0, 1),
('INVC/JUAL/070818/1533653193', 165, 20000, 8000, 0, 1),
('INVC/JUAL/070818/1533653263', 36, 65000, 45000, 0, 1),
('INVC/JUAL/070818/1533654112', 19, 75000, 45000, 0, 1),
('INVC/JUAL/070818/1533654112', 5, 50000, 10000, 0, 1),
('INVC/JUAL/070818/1533654112', 58, 215000, 150000, 40000, 1),
('INVC/JUAL/070818/1533654112', 35, 120000, 110000, 0, 1),
('INVC/JUAL/070818/1533654112', 154, 20000, 8000, 0, 1),
('INVC/JUAL/070818/1533654153', 72, 10000, 2500, 0, 1),
('INVC/JUAL/070818/1533654303', 82, 150000, 110000, 0, 1),
('INVC/JUAL/070818/1533654378', 82, 150000, 110000, 0, 1),
('INVC/JUAL/070818/1533654378', 165, 20000, 8000, 0, 1),
('INVC/JUAL/070818/1533654461', 83, 150000, 110000, 0, 1),
('INVC/JUAL/070818/1533655139', 138, 20000, 8000, 0, 2),
('INVC/JUAL/070818/1533655139', 1, 0, 3500, 0, 4),
('INVC/JUAL/070818/1533655139', 4, 0, 2000, 0, 2),
('INVC/JUAL/070818/1533655733', 1, 0, 3500, 0, 1),
('INVC/JUAL/070818/1533655733', 152, 50000, 20000, 0, 1),
('INVC/JUAL/070818/1533655733', 47, 160000, 150000, 0, 1),
('INVC/JUAL/070818/1533655733', 5, 50000, 10000, 0, 1),
('INVC/JUAL/070818/1533657944', 19, 75000, 45000, 0, 1),
('INVC/JUAL/070818/1533657944', 12, 50000, 20000, 0, 1),
('INVC/JUAL/070818/1533657944', 72, 10000, 2500, 0, 1),
('INVC/JUAL/080818/1533746816', 25, 25000, 10000, 0, 2),
('INVC/JUAL/080818/1533746843', 25, 25000, 10000, 0, 1),
('INVC/JUAL/080818/1533746978', 25, 25000, 10000, 0, 1),
('INVC/JUAL/080818/1533747053', 118, 0, 8000, 0, 5),
('INVC/JUAL/080818/1533747053', 25, 0, 10000, 0, 1),
('INVC/JUAL/080818/1533747053', 32, 0, 30000, 0, 1),
('INVC/JUAL/080818/1533747053', 39, 0, 18500, 0, 2),
('INVC/JUAL/080818/1533747206', 60, 0, 250000, 0, 1),
('INVC/JUAL/080818/1533747288', 17, 65000, 35000, 0, 1),
('INVC/JUAL/080818/1533747288', 25, 25000, 10000, 0, 1),
('INVC/JUAL/080818/1533747288', 38, 30000, 16000, 0, 1),
('INVC/JUAL/090818/1533750737', 170, 600000, 585000, 0, 1),
('INVC/JUAL/090818/1533750737', 132, 50000, 20000, 0, 1),
('INVC/JUAL/090818/1533750737', 11, 50000, 25000, 0, 1),
('INVC/JUAL/090818/1533750793', 36, 65000, 45000, 0, 1),
('INVC/JUAL/090818/1533790337', 4, 0, 2000, 0, 1),
('INVC/JUAL/090818/1533790337', 159, 50000, 20000, 0, 1),
('INVC/JUAL/090818/1533790337', 161, 50000, 20000, 0, 1),
('INVC/JUAL/090818/1533815708', 30, 50000, 40000, 0, 1),
('INVC/JUAL/090818/1533815708', 27, 70000, 56000, 0, 1),
('INVC/JUAL/090818/1533817104', 111, 20000, 8000, 0, 5),
('INVC/JUAL/090818/1533817104', 114, 50000, 20000, 0, 1),
('INVC/JUAL/090818/1533817782', 66, 130000, 90000, 0, 1),
('INVC/JUAL/090818/1533817782', 36, 65000, 45000, 0, 1),
('INVC/JUAL/090818/1533818792', 39, 35000, 18500, 0, 1),
('INVC/JUAL/090818/1533818792', 36, 65000, 45000, 0, 1),
('INVC/JUAL/090818/1533818792', 165, 20000, 8000, 0, 1),
('INVC/JUAL/090818/1533819351', 11, 50000, 25000, 0, 1),
('INVC/JUAL/090818/1533819351', 142, 20000, 8000, 0, 2),
('INVC/JUAL/090818/1533819351', 41, 20000, 9300, 10000, 1),
('INVC/JUAL/090818/1533819351', 29, 50000, 35000, 0, 1),
('INVC/JUAL/090818/1533819351', 161, 50000, 20000, 0, 1),
('INVC/JUAL/090818/1533821966', 25, 25000, 10000, 0, 1),
('INVC/JUAL/100818/1533901305', 61, 185000, 170000, 0, 1),
('INVC/JUAL/100818/1533901305', 66, 130000, 90000, 0, 1),
('INVC/JUAL/100818/1533901305', 29, 50000, 35000, 0, 1),
('INVC/JUAL/100818/1533904555', 99, 100000, 50000, 0, 1),
('INVC/JUAL/100818/1533907434', 36, 65000, 45000, 0, 1),
('INVC/JUAL/100818/1533908846', 41, 20000, 9300, 0, 2),
('INVC/JUAL/100818/1533908846', 154, 20000, 8000, 0, 1),
('INVC/JUAL/110818/1533970678', 41, 20000, 9300, 0, 1),
('INVC/JUAL/110818/1533970678', 29, 50000, 35000, 0, 1),
('INVC/JUAL/110818/1533970857', 25, 25000, 10000, 0, 1),
('INVC/JUAL/110818/1533971282', 178, 100000, 50000, 0, 1),
('INVC/JUAL/110818/1533971456', 83, 150000, 110000, 0, 1),
('INVC/JUAL/110818/1533971456', 61, 185000, 170000, 0, 1),
('INVC/JUAL/110818/1533971456', 140, 50000, 20000, 0, 1),
('INVC/JUAL/110818/1533971456', 67, 130000, 90000, 0, 1),
('INVC/JUAL/110818/1533971456', 8, 50000, 18000, 0, 1),
('INVC/JUAL/110818/1533971786', 174, 100000, 60000, 0, 1),
('INVC/JUAL/110818/1533972528', 154, 20000, 8000, 0, 1),
('INVC/JUAL/120818/1534011041', 21, 50000, 25000, 0, 1),
('INVC/JUAL/120818/1534011041', 49, 225000, 220000, 0, 1),
('INVC/JUAL/120818/1534011041', 72, 10000, 2500, 0, 1),
('INVC/JUAL/120818/1534011041', 19, 75000, 45000, 0, 1),
('INVC/JUAL/120818/1534011041', 35, 120000, 110000, 10000, 1),
('INVC/JUAL/120818/1534011276', 57, 215000, 150000, 10000, 1),
('INVC/JUAL/120818/1534011276', 35, 120000, 110000, 0, 1),
('INVC/JUAL/120818/1534011276', 19, 75000, 45000, 0, 1),
('INVC/JUAL/120818/1534011276', 1, 0, 3500, 0, 2),
('INVC/JUAL/120818/1534011429', 54, 200000, 150000, 0, 1),
('INVC/JUAL/120818/1534011429', 133, 50000, 20000, 0, 1),
('INVC/JUAL/120818/1534011429', 1, 0, 3500, 0, 1),
('INVC/JUAL/120818/1534039005', 154, 10000, 8000, 0, 5),
('INVC/JUAL/120818/1534039005', 138, 10000, 8000, 0, 10),
('INVC/JUAL/120818/1534039005', 130, 10000, 8000, 0, 5),
('INVC/JUAL/120818/1534039005', 164, 30000, 20000, 0, 5),
('INVC/JUAL/120818/1534039005', 163, 30000, 20000, 0, 5),
('INVC/JUAL/120818/1534039005', 162, 30000, 20000, 0, 5),
('INVC/JUAL/140818/1534216437', 15, 65000, 35000, 0, 1),
('INVC/JUAL/140818/1534221718', 72, 10000, 2500, 0, 2),
('INVC/JUAL/140818/1534221809', 66, 130000, 90000, 0, 1),
('INVC/JUAL/140818/1534222040', 35, 120000, 110000, 0, 1),
('INVC/JUAL/140818/1534222040', 19, 75000, 45000, 0, 1),
('INVC/JUAL/140818/1534222040', 58, 215000, 150000, 10000, 1),
('INVC/JUAL/140818/1534222040', 5, 50000, 10000, 20000, 1),
('INVC/JUAL/140818/1534222040', 154, 20000, 8000, 0, 1),
('INVC/JUAL/140818/1534222040', 1, 0, 3500, 0, 1),
('INVC/JUAL/140818/1534222290', 35, 120000, 110000, 0, 1),
('INVC/JUAL/140818/1534222290', 20, 145000, 120000, 0, 1),
('INVC/JUAL/140818/1534232837', 39, 35000, 18500, 0, 1),
('INVC/JUAL/140818/1534232837', 44, 185000, 125000, 0, 1),
('INVC/JUAL/140818/1534232917', 38, 30000, 16000, 0, 1),
('INVC/JUAL/140818/1534232917', 29, 50000, 35000, 0, 1),
('INVC/JUAL/140818/1534232917', 25, 25000, 10000, 0, 1),
('INVC/JUAL/140818/1534232917', 41, 20000, 9300, 0, 1),
('INVC/JUAL/150818/1534337409', 67, 130000, 90000, 0, 1),
('INVC/JUAL/150818/1534337409', 139, 50000, 20000, 0, 1),
('INVC/JUAL/150818/1534337409', 140, 50000, 20000, 0, 1),
('INVC/JUAL/150818/1534337409', 8, 50000, 18000, 0, 2),
('INVC/JUAL/150818/1534337505', 138, 20000, 8000, 0, 1),
('INVC/JUAL/150818/1534337505', 8, 50000, 18000, 0, 1),
('INVC/JUAL/150818/1534337658', 25, 25000, 10000, 0, 1),
('INVC/JUAL/150818/1534337658', 177, 100000, 60000, 0, 1),
('INVC/JUAL/150818/1534337719', 98, 100000, 50000, 0, 1),
('INVC/JUAL/150818/1534337719', 177, 100000, 60000, 0, 1),
('INVC/JUAL/150818/1534342009', 25, 25000, 10000, 0, 1),
('INVC/JUAL/150818/1534342209', 38, 30000, 16000, 0, 1),
('INVC/JUAL/150818/1534342209', 41, 20000, 9300, 0, 1),
('INVC/JUAL/150818/1534342209', 146, 20000, 8000, 0, 1),
('INVC/JUAL/150818/1534346952', 73, 100000, 50000, 0, 1),
('INVC/JUAL/150818/1534348687', 158, 18000, 8000, 0, 5),
('INVC/JUAL/150818/1534350378', 1, 0, 3500, 0, 1),
('INVC/JUAL/150818/1534350378', 82, 150000, 110000, 0, 1),
('INVC/JUAL/150818/1534350378', 157, 50000, 20000, 0, 1),
('INVC/JUAL/150818/1534350451', 20, 145000, 120000, 0, 1),
('INVC/JUAL/150818/1534350451', 72, 10000, 2500, 0, 1),
('INVC/JUAL/150818/1534350542', 1, 0, 3500, 0, 1),
('INVC/JUAL/150818/1534350542', 83, 150000, 110000, 0, 1),
('INVC/JUAL/150818/1534350748', 1, 0, 3500, 0, 1),
('INVC/JUAL/150818/1534350748', 5, 50000, 10000, 0, 1),
('INVC/JUAL/150818/1534350748', 138, 20000, 8000, 0, 1),
('INVC/JUAL/150818/1534351058', 21, 50000, 25000, 0, 1),
('INVC/JUAL/150818/1534351058', 49, 225000, 220000, 0, 1),
('INVC/JUAL/150818/1534351058', 72, 10000, 2500, 0, 1),
('INVC/JUAL/150818/1534351058', 35, 120000, 110000, 0, 1),
('INVC/JUAL/150818/1534351058', 19, 75000, 45000, 0, 1),
('INVC/JUAL/150818/1534351058', 165, 20000, 8000, 0, 1),
('INVC/JUAL/150818/1534351058', 8, 50000, 18000, 0, 1),
('INVC/JUAL/150818/1534351058', 1, 0, 3500, 0, 1),
('INVC/JUAL/150818/1534351514', 25, 25000, 10000, 0, 1),
('INVC/JUAL/150818/1534351514', 71, 0, 330000, 0, 1),
('INVC/JUAL/150818/1534351514', 63, 0, 170000, 0, 1),
('INVC/JUAL/160818/1534352726', 179, 0, 8000, 0, 3),
('INVC/JUAL/160818/1534352726', 37, 0, 8000, 0, 2),
('INVC/JUAL/160818/1534413770', 164, 50000, 20000, 0, 2),
('INVC/JUAL/160818/1534413770', 39, 35000, 18500, 0, 1),
('INVC/JUAL/160818/1534413846', 47, 160000, 150000, 0, 1),
('INVC/JUAL/160818/1534413846', 153, 50000, 20000, 0, 1),
('INVC/JUAL/160818/1534413846', 5, 50000, 10000, 0, 1),
('INVC/JUAL/160818/1534436872', 26, 18000, 10000, 0, 1),
('INVC/JUAL/160818/1534436990', 35, 120000, 110000, 0, 1),
('INVC/JUAL/160818/1534436990', 21, 50000, 25000, 0, 1),
('INVC/JUAL/160818/1534436990', 19, 75000, 45000, 0, 1),
('INVC/JUAL/160818/1534436990', 72, 10000, 2500, 0, 1),
('INVC/JUAL/160818/1534436990', 49, 225000, 220000, 0, 1),
('INVC/JUAL/160818/1534436990', 165, 20000, 8000, 0, 1),
('INVC/JUAL/160818/1534436990', 12, 50000, 20000, 0, 1),
('INVC/JUAL/160818/1534437117', 180, 100000, 50000, 0, 1),
('INVC/JUAL/160818/1534437117', 1, 0, 3500, 0, 1),
('INVC/JUAL/160818/1534437245', 76, 100000, 50000, 0, 1),
('INVC/JUAL/160818/1534437245', 1, 0, 3500, 0, 1),
('INVC/JUAL/160818/1534437342', 41, 20000, 9300, 0, 1),
('INVC/JUAL/160818/1534437342', 29, 50000, 35000, 0, 1),
('INVC/JUAL/170818/1534483883', 21, 50000, 25000, 0, 1),
('INVC/JUAL/170818/1534483883', 20, 145000, 120000, 0, 1),
('INVC/JUAL/170818/1534483883', 5, 50000, 10000, 0, 1),
('INVC/JUAL/170818/1534483983', 67, 130000, 90000, 0, 1),
('INVC/JUAL/170818/1534483983', 141, 50000, 20000, 0, 1),
('INVC/JUAL/170818/1534483983', 12, 50000, 20000, 0, 1),
('INVC/JUAL/170818/1534484141', 1, 0, 3500, 0, 2),
('INVC/JUAL/170818/1534484141', 21, 50000, 25000, 0, 1),
('INVC/JUAL/170818/1534484141', 163, 50000, 20000, 30000, 1),
('INVC/JUAL/170818/1534484141', 12, 50000, 20000, 0, 1),
('INVC/JUAL/170818/1534484141', 35, 120000, 110000, 0, 1),
('INVC/JUAL/170818/1534484141', 19, 75000, 45000, 0, 1),
('INVC/JUAL/170818/1534484141', 72, 10000, 2500, 0, 1),
('INVC/JUAL/170818/1534484141', 49, 225000, 220000, 0, 1),
('INVC/JUAL/170818/1534513406', 39, 30000, 18500, 0, 2),
('INVC/JUAL/170818/1534513406', 26, 18000, 10000, 0, 1),
('INVC/JUAL/170818/1534517739', 20, 145000, 120000, 0, 1),
('INVC/JUAL/170818/1534517864', 66, 130000, 90000, 0, 1),
('INVC/JUAL/170818/1534517907', 39, 35000, 18500, 0, 1),
('INVC/JUAL/180818/1534561738', 37, 20000, 8000, 0, 1),
('INVC/JUAL/180818/1534561738', 115, 50000, 20000, 0, 1),
('INVC/JUAL/180818/1534561738', 41, 20000, 9300, 0, 1),
('INVC/JUAL/180818/1534561738', 27, 70000, 56000, 0, 1),
('INVC/JUAL/180818/1534610265', 1, 0, 3500, 0, 1),
('INVC/JUAL/180818/1534610265', 47, 160000, 150000, 0, 2),
('INVC/JUAL/180818/1534610356', 32, 40000, 30000, 0, 1),
('INVC/JUAL/180818/1534610356', 41, 20000, 9300, 0, 1),
('INVC/JUAL/180818/1534610356', 138, 20000, 8000, 0, 2),
('INVC/JUAL/190818/1534654577', 38, 30000, 16000, 0, 1),
('INVC/JUAL/190818/1534654577', 41, 20000, 9300, 0, 1),
('INVC/JUAL/190818/1534654577', 32, 40000, 30000, 10000, 1),
('INVC/JUAL/190818/1534654577', 27, 70000, 56000, 0, 1),
('INVC/JUAL/190818/1534669286', 66, 130000, 90000, 0, 1),
('INVC/JUAL/190818/1534669286', 78, 100000, 50000, 0, 1),
('INVC/JUAL/190818/1534669286', 1, 0, 3500, 0, 1),
('INVC/JUAL/190818/1534669347', 33, 10000, 3000, 0, 2),
('INVC/JUAL/190818/1534669347', 12, 50000, 20000, 0, 1),
('INVC/JUAL/190818/1534676527', 25, 25000, 10000, 0, 1),
('INVC/JUAL/190818/1534676527', 139, 50000, 20000, 0, 1),
('INVC/JUAL/200818/1534737283', 93, 100000, 50000, 0, 1),
('INVC/JUAL/200818/1534737314', 27, 70000, 56000, 0, 1),
('INVC/JUAL/200818/1534772452', 4, 0, 2000, 0, 1),
('INVC/JUAL/200818/1534772452', 39, 35000, 18500, 0, 1),
('INVC/JUAL/200818/1534772452', 117, 50000, 20000, 0, 1),
('INVC/JUAL/200818/1534772502', 12, 50000, 20000, 0, 1),
('INVC/JUAL/200818/1534772502', 138, 20000, 8000, 0, 1),
('INVC/JUAL/200818/1534772551', 26, 18000, 10000, 0, 1),
('INVC/JUAL/200818/1534772587', 134, 20000, 8000, 0, 1),
('INVC/JUAL/200818/1534772642', 39, 35000, 18500, 0, 1),
('INVC/JUAL/200818/1534772642', 72, 10000, 2500, 0, 1),
('INVC/JUAL/200818/1534772642', 165, 20000, 8000, 0, 1),
('INVC/JUAL/200818/1534772705', 26, 18000, 10000, 0, 1),
('INVC/JUAL/210818/1534845529', 72, 5000, 2500, 0, 30),
('INVC/JUAL/210818/1534846830', 138, 20000, 8000, 0, 1),
('INVC/JUAL/210818/1534846830', 12, 50000, 20000, 0, 1),
('INVC/JUAL/210818/1534858818', 41, 20000, 9300, 0, 2),
('INVC/JUAL/210818/1534858866', 95, 100000, 50000, 0, 1),
('INVC/JUAL/210818/1534858866', 67, 130000, 90000, 0, 1),
('INVC/JUAL/210818/1534859504', 41, 20000, 9300, 0, 1),
('INVC/JUAL/210818/1534859504', 29, 50000, 35000, 0, 1),
('INVC/JUAL/210818/1534863856', 29, 50000, 35000, 0, 1),
('INVC/JUAL/210818/1534863856', 98, 100000, 50000, 0, 1),
('INVC/JUAL/220818/1534911228', 145, 50000, 20000, 0, 2),
('INVC/JUAL/220818/1534911446', 167, 550000, 400000, 0, 1),
('INVC/JUAL/220818/1534921414', 49, 225000, 220000, 0, 1),
('INVC/JUAL/220818/1534921414', 1, 0, 3500, 0, 1),
('INVC/JUAL/220818/1534926981', 34, 30000, 0, 0, 1),
('INVC/JUAL/220818/1534927036', 41, 20000, 9300, 0, 1),
('INVC/JUAL/220818/1534927036', 29, 50000, 35000, 0, 1),
('INVC/JUAL/220818/1534927036', 27, 70000, 56000, 0, 1),
('INVC/JUAL/230818/1534998019', 39, 0, 18500, 0, 1),
('INVC/JUAL/230818/1534998019', 9, 0, 20000, 0, 1),
('INVC/JUAL/230818/1534998019', 130, 0, 8000, 0, 1),
('INVC/JUAL/230818/1534998133', 1, 0, 3500, 0, 1),
('INVC/JUAL/230818/1534998133', 47, 165000, 150000, 0, 1),
('INVC/JUAL/230818/1535037728', 171, 100000, 60000, 0, 1),
('INVC/JUAL/230818/1535038049', 138, 20000, 8000, 0, 1),
('INVC/JUAL/230818/1535038342', 182, 180000, 110000, 0, 1),
('INVC/JUAL/230818/1535038342', 139, 50000, 20000, 0, 1),
('INVC/JUAL/230818/1535043312', 26, 18000, 10000, 0, 1),
('INVC/JUAL/230818/1535043312', 25, 25000, 10000, 0, 1),
('INVC/JUAL/230818/1535043312', 38, 30000, 16000, 0, 1),
('INVC/JUAL/230818/1535043312', 173, 100000, 60000, 0, 1),
('INVC/JUAL/230818/1535043406', 38, 30000, 16000, 0, 1),
('INVC/JUAL/240818/1535048661', 62, 185000, 170000, 0, 1),
('INVC/JUAL/240818/1535048661', 1, 0, 3500, 0, 1),
('INVC/JUAL/240818/1535085048', 27, 70000, 56000, 0, 1),
('INVC/JUAL/240818/1535085048', 183, 180000, 110000, 0, 1),
('INVC/JUAL/240818/1535085144', 1, 0, 3500, 0, 1),
('INVC/JUAL/240818/1535085144', 107, 20000, 8000, 0, 2),
('INVC/JUAL/240818/1535085144', 110, 50000, 20000, 0, 1),
('INVC/JUAL/240818/1535085144', 16, 65000, 35000, 0, 1),
('INVC/JUAL/240818/1535085144', 98, 100000, 50000, 0, 1),
('INVC/JUAL/240818/1535085204', 97, 100000, 50000, 0, 1),
('INVC/JUAL/240818/1535085204', 1, 0, 3500, 0, 1),
('INVC/JUAL/250818/1535163180', 76, 100000, 50000, 0, 1),
('INVC/JUAL/250818/1535163180', 1, 0, 3500, 0, 1),
('INVC/JUAL/250818/1535163255', 38, 30000, 16000, 10000, 2),
('INVC/JUAL/250818/1535175830', 39, 35000, 18500, 0, 1),
('INVC/JUAL/250818/1535180681', 39, 35000, 18500, 0, 2),
('INVC/JUAL/250818/1535181681', 25, 25000, 10000, 0, 1),
('INVC/JUAL/250818/1535181681', 154, 20000, 8000, 0, 1),
('INVC/JUAL/250818/1535181708', 25, 25000, 10000, 0, 1),
('INVC/JUAL/250818/1535181787', 1, 0, 3500, 0, 1),
('INVC/JUAL/250818/1535181787', 66, 130000, 90000, 0, 1),
('INVC/JUAL/260818/1535265306', 42, 180000, 125000, 0, 1),
('INVC/JUAL/260818/1535265306', 140, 50000, 20000, 0, 1),
('INVC/JUAL/270818/1535362296', 181, 100000, 50000, 0, 2),
('INVC/JUAL/270818/1535362296', 1, 0, 3500, 0, 1),
('INVC/JUAL/270818/1535366203', 27, 70000, 56000, 0, 1),
('INVC/JUAL/270818/1535369002', 66, 130000, 90000, 0, 1),
('INVC/JUAL/280818/1535459159', 114, 50000, 20000, 0, 1),
('INVC/JUAL/280818/1535459232', 138, 20000, 8000, 0, 1),
('INVC/JUAL/280818/1535459232', 12, 50000, 20000, 0, 1),
('INVC/JUAL/280818/1535459232', 66, 130000, 90000, 0, 1),
('INVC/JUAL/280818/1535459306', 154, 20000, 8000, 0, 1),
('INVC/JUAL/280818/1535459306', 63, 185000, 170000, 0, 1),
('INVC/JUAL/280818/1535459306', 4, 0, 2000, 0, 1),
('INVC/JUAL/280818/1535459461', 186, 150000, 100000, 0, 1),
('INVC/JUAL/280818/1535459461', 35, 120000, 110000, 0, 1),
('INVC/JUAL/280818/1535459461', 19, 75000, 45000, 0, 1),
('INVC/JUAL/280818/1535459461', 72, 10000, 2500, 5000, 1),
('INVC/JUAL/280818/1535459461', 153, 50000, 20000, 0, 1),
('INVC/JUAL/280818/1535459461', 6, 50000, 10000, 0, 1),
('INVC/JUAL/280818/1535460017', 82, 150000, 110000, 0, 1),
('INVC/JUAL/280818/1535460113', 1, 0, 3500, 0, 2),
('INVC/JUAL/280818/1535460113', 33, 10000, 3000, 0, 1),
('INVC/JUAL/280818/1535460113', 34, 30000, 0, 0, 1),
('INVC/JUAL/280818/1535460113', 22, 160000, 110000, 0, 1),
('INVC/JUAL/290818/1535555789', 122, 20000, 8000, 0, 1),
('INVC/JUAL/290818/1535555830', 29, 50000, 35000, 0, 1),
('INVC/JUAL/290818/1535555830', 41, 20000, 9300, 0, 1),
('INVC/JUAL/290818/1535556074', 25, 25000, 10000, 0, 1),
('INVC/JUAL/290818/1535556074', 195, 250000, 240000, 0, 1),
('INVC/JUAL/290818/1535558345', 193, 250000, 200000, 0, 1),
('INVC/JUAL/290818/1535558345', 83, 150000, 110000, 0, 1),
('INVC/JUAL/300818/1535604665', 194, 250000, 250000, 0, 1),
('INVC/JUAL/300818/1535605386', 194, 250000, 250000, 0, 1),
('INVC/JUAL/300818/1535605484', 195, 250000, 240000, 0, 1),
('INVC/JUAL/300818/1535605574', 194, 250000, 250000, 0, 1),
('INVC/JUAL/300818/1535605750', 195, 250000, 240000, 0, 2),
('INVC/JUAL/300818/1535618717', 194, 250000, 250000, 0, 1),
('INVC/JUAL/300818/1535618717', 83, 150000, 110000, 0, 1),
('INVC/JUAL/300818/1535618717', 1, 0, 3500, 0, 1),
('INVC/JUAL/300818/1535618875', 1, 0, 3500, 0, 1),
('INVC/JUAL/300818/1535618875', 193, 250000, 200000, 0, 1),
('INVC/JUAL/300818/1535642962', 75, 100000, 50000, 0, 1),
('INVC/JUAL/300818/1535642962', 1, 0, 3500, 0, 1),
('INVC/JUAL/300818/1535643071', 83, 150000, 110000, 0, 1),
('INVC/JUAL/300818/1535643071', 154, 20000, 8000, 0, 1),
('INVC/JUAL/300818/1535643071', 5, 50000, 10000, 0, 1),
('INVC/JUAL/300818/1535643133', 165, 0, 8000, 0, 1),
('INVC/JUAL/310818/1535734640', 28, 70000, 56000, 0, 1),
('INVC/JUAL/310818/1535734640', 41, 20000, 9300, 0, 1),
('INVC/JUAL/310818/1535734640', 25, 25000, 10000, 0, 1),
('INVC/JUAL/310818/1535734667', 22, 160000, 110000, 0, 1),
('INVC/JUAL/010918/1535734863', 58, 215000, 150000, 0, 1),
('INVC/JUAL/010918/1535734863', 35, 120000, 110000, 0, 1),
('INVC/JUAL/010918/1535734863', 19, 75000, 45000, 0, 1),
('INVC/JUAL/010918/1535734863', 154, 20000, 8000, 0, 1),
('INVC/JUAL/010918/1535734863', 9, 50000, 20000, 40000, 1),
('INVC/JUAL/010918/1535734863', 72, 10000, 2500, 0, 1),
('INVC/JUAL/010918/1535735082', 1, 0, 3500, 0, 2),
('INVC/JUAL/010918/1535735082', 120, 50000, 20000, 10000, 1),
('INVC/JUAL/010918/1535735082', 59, 310000, 210000, 0, 1),
('INVC/JUAL/010918/1535735165', 172, 100000, 60000, 0, 1),
('INVC/JUAL/010918/1535735165', 1, 0, 3500, 0, 1),
('INVC/JUAL/010918/1535735235', 39, 35000, 18500, 0, 1),
('INVC/JUAL/010918/1535738797', 193, 250000, 195000, 0, 1),
('INVC/JUAL/010918/1535740956', 1, 0, 3500, 0, 3),
('INVC/JUAL/010918/1535740956', 76, 100000, 50000, 0, 1),
('INVC/JUAL/010918/1535786202', 193, 250000, 195000, 0, 1),
('INVC/JUAL/010918/1535787024', 39, 35000, 18500, 0, 2),
('INVC/JUAL/010918/1535788531', 1, 0, 3500, 0, 1),
('INVC/JUAL/010918/1535788531', 76, 100000, 50000, 0, 1),
('INVC/JUAL/010918/1535788585', 1, 0, 3500, 0, 1),
('INVC/JUAL/010918/1535788585', 76, 100000, 50000, 0, 1),
('INVC/JUAL/010918/1535788720', 8, 50000, 18000, 0, 1),
('INVC/JUAL/010918/1535788720', 137, 50000, 20000, 6000, 1),
('INVC/JUAL/010918/1535791041', 146, 20000, 8000, 0, 2),
('INVC/JUAL/010918/1535791041', 122, 20000, 8000, 0, 2),
('INVC/JUAL/010918/1535802419', 184, 215000, 150000, 0, 1),
('INVC/JUAL/010918/1535802419', 19, 75000, 45000, 0, 1),
('INVC/JUAL/010918/1535802419', 12, 50000, 20000, 0, 1),
('INVC/JUAL/010918/1535802419', 154, 20000, 8000, 0, 1),
('INVC/JUAL/010918/1535802537', 35, 120000, 110000, 50000, 1),
('INVC/JUAL/010918/1535803015', 193, 250000, 195000, 0, 1),
('INVC/JUAL/010918/1535803015', 1, 0, 3500, 0, 1),
('INVC/JUAL/010918/1535803177', 193, 250000, 195000, 0, 1),
('INVC/JUAL/010918/1535808862', 23, 260000, 230000, 0, 1),
('INVC/JUAL/010918/1535808862', 138, 20000, 8000, 0, 1),
('INVC/JUAL/010918/1535808862', 180, 100000, 50000, 0, 1),
('INVC/JUAL/010918/1535811425', 39, 35000, 18500, 0, 1),
('INVC/JUAL/010918/1535811425', 27, 70000, 56000, 0, 1),
('INVC/JUAL/010918/1535811425', 41, 20000, 9300, 0, 1),
('INVC/JUAL/010918/1535813107', 82, 150000, 110000, 0, 1),
('INVC/JUAL/010918/1535813107', 138, 20000, 8000, 0, 1),
('INVC/JUAL/020918/1535868439', 39, 35000, 18500, 0, 1),
('INVC/JUAL/020918/1535868439', 193, 230000, 195000, 0, 1),
('INVC/JUAL/020918/1535868676', 126, 20000, 8000, 0, 5),
('INVC/JUAL/020918/1535868676', 28, 70000, 56000, 0, 1),
('INVC/JUAL/020918/1535868676', 27, 70000, 56000, 0, 1),
('INVC/JUAL/020918/1535875201', 194, 250000, 250000, 0, 1),
('INVC/JUAL/020918/1535875234', 194, 250000, 250000, 0, 1),
('INVC/JUAL/020918/1535875273', 180, 100000, 50000, 0, 1),
('INVC/JUAL/020918/1535875273', 138, 20000, 8000, 0, 1),
('INVC/JUAL/020918/1535903775', 82, 150000, 110000, 0, 1),
('INVC/JUAL/020918/1535903775', 196, 230000, 180000, 0, 1),
('INVC/JUAL/020918/1535903775', 141, 50000, 20000, 0, 1),
('INVC/JUAL/020918/1535903775', 1, 1000, 3500, 0, 1),
('INVC/JUAL/020918/1535904806', 39, 35000, 18500, 0, 1),
('INVC/JUAL/040918/1535996886', 54, 200000, 150000, 0, 1),
('INVC/JUAL/040918/1535996886', 1, 0, 3500, 0, 1),
('INVC/JUAL/040918/1535996963', 72, 10000, 2500, 0, 1),
('INVC/JUAL/040918/1535996963', 39, 35000, 18500, 0, 1),
('INVC/JUAL/040918/1535997109', 118, 20000, 8000, 0, 1),
('INVC/JUAL/040918/1535997109', 121, 50000, 20000, 0, 1),
('INVC/JUAL/040918/1535997109', 59, 310000, 210000, 10000, 1),
('INVC/JUAL/040918/1535997210', 138, 20000, 8000, 0, 1),
('INVC/JUAL/040918/1535997210', 1, 0, 3500, 0, 1),
('INVC/JUAL/040918/1535998935', 39, 35000, 18500, 0, 1),
('INVC/JUAL/040918/1535998935', 125, 50000, 20000, 0, 1),
('INVC/JUAL/040918/1535998935', 25, 25000, 10000, 0, 2),
('INVC/JUAL/040918/1535998966', 25, 25000, 10000, 0, 2),
('INVC/JUAL/040918/1536070728', 193, 230000, 190000, 0, 1),
('INVC/JUAL/040918/1536070728', 138, 20000, 8000, 0, 1),
('INVC/JUAL/040918/1536072826', 193, 0, 190000, 0, 1),
('INVC/JUAL/040918/1536072826', 138, 2500, 8000, 0, 2),
('INVC/JUAL/040918/1536072896', 138, 0, 8000, 0, 1),
('INVC/JUAL/040918/1536073049', 138, 20000, 8000, 0, 1),
('INVC/JUAL/040918/1536073049', 23, 270000, 230000, 0, 1),
('INVC/JUAL/040918/1536073049', 1, 0, 3500, 0, 1),
('INVC/JUAL/040918/1536073049', 166, 15000, 5000, 0, 1),
('INVC/JUAL/040918/1536074202', 39, 35000, 18500, 0, 1),
('INVC/JUAL/040918/1536074202', 181, 100000, 50000, 0, 1),
('INVC/JUAL/040918/1536074202', 8, 50000, 18000, 0, 1),
('INVC/JUAL/040918/1536074202', 38, 30000, 16000, 0, 1),
('INVC/JUAL/040918/1536074202', 197, 30000, 19000, 0, 1),
('INVC/JUAL/040918/1536074421', 39, 35000, 18500, 0, 1),
('INVC/JUAL/040918/1536074421', 193, 230000, 190000, 0, 1),
('INVC/JUAL/040918/1536078592', 193, 0, 190000, 0, 1),
('INVC/JUAL/050918/1536146325', 72, 10000, 2500, 0, 1),
('INVC/JUAL/050918/1536146368', 82, 150000, 110000, 0, 1),
('INVC/JUAL/050918/1536148053', 139, 50000, 20000, 0, 1),
('INVC/JUAL/050918/1536149966', 201, 0, 95000, 0, 1),
('INVC/JUAL/050918/1536149966', 199, 0, 81000, 0, 1),
('INVC/JUAL/060918/1536205702', 66, 130000, 90000, 0, 1),
('INVC/JUAL/060918/1536234410', 1, 0, 3500, 0, 1),
('INVC/JUAL/060918/1536234410', 98, 100000, 50000, 0, 1),
('INVC/JUAL/060918/1536234410', 62, 185000, 170000, 0, 1),
('INVC/JUAL/060918/1536234457', 199, 100000, 81000, 0, 1),
('INVC/JUAL/060918/1536234556', 193, 230000, 190000, 0, 1),
('INVC/JUAL/060918/1536234556', 38, 30000, 16000, 0, 1),
('INVC/JUAL/060918/1536234556', 23, 270000, 230000, 0, 1),
('INVC/JUAL/060918/1536234556', 141, 50000, 20000, 0, 1),
('INVC/JUAL/060918/1536234621', 27, 70000, 56000, 0, 1),
('INVC/JUAL/060918/1536234621', 29, 50000, 35000, 0, 1),
('INVC/JUAL/060918/1536234621', 28, 70000, 56000, 5000, 1),
('INVC/JUAL/060918/1536234621', 41, 20000, 9300, 5000, 1),
('INVC/JUAL/060918/1536234663', 98, 100000, 50000, 0, 1),
('INVC/JUAL/060918/1536234663', 1, 0, 3500, 0, 1),
('INVC/JUAL/060918/1536234706', 32, 40000, 29000, 0, 1),
('INVC/JUAL/060918/1536234706', 154, 20000, 8000, 0, 1),
('INVC/JUAL/060918/1536234706', 199, 100000, 81000, 0, 1),
('INVC/JUAL/060918/1536244632', 39, 35000, 18500, 0, 1),
('INVC/JUAL/060918/1536244703', 117, 40000, 20000, 0, 1),
('INVC/JUAL/060918/1536251061', 29, 50000, 35000, 0, 1),
('INVC/JUAL/060918/1536251061', 38, 30000, 16000, 0, 1),
('INVC/JUAL/080918/1536391805', 72, 10000, 2500, 0, 1),
('INVC/JUAL/080918/1536391856', 72, 10000, 2500, 0, 1),
('INVC/JUAL/080918/1536391975', 178, 100000, 50000, 0, 1),
('INVC/JUAL/080918/1536391975', 1, 0, 3500, 0, 1),
('INVC/JUAL/080918/1536392025', 27, 70000, 56000, 0, 1),
('INVC/JUAL/080918/1536392025', 41, 20000, 9300, 0, 1),
('INVC/JUAL/080918/1536392117', 130, 20000, 8000, 0, 1),
('INVC/JUAL/080918/1536392117', 8, 50000, 18000, 0, 1),
('INVC/JUAL/080918/1536392117', 18, 65000, 35000, 0, 1),
('INVC/JUAL/080918/1536392185', 68, 65000, 40000, 0, 1),
('INVC/JUAL/080918/1536394593', 82, 150000, 110000, 0, 1),
('INVC/JUAL/080918/1536400469', 39, 35000, 18500, 0, 1),
('INVC/JUAL/080918/1536400567', 146, 20000, 8000, 0, 3),
('INVC/JUAL/080918/1536400567', 9, 50000, 20000, 0, 1),
('INVC/JUAL/080918/1536400567', 82, 150000, 110000, 0, 1),
('INVC/JUAL/090918/1536483773', 154, 20000, 8000, 10000, 2),
('INVC/JUAL/090918/1536484196', 193, 200000, 140000, 0, 1),
('INVC/JUAL/090918/1536484196', 1, 0, 3500, 0, 1),
('INVC/JUAL/090918/1536485158', 205, 100000, 84000, 0, 1),
('INVC/JUAL/100918/1536581279', 39, 35000, 18500, 0, 1),
('INVC/JUAL/100918/1536581323', 32, 40000, 29000, 0, 2),
('INVC/JUAL/100918/1536589748', 197, 35000, 19000, 0, 1),
('INVC/JUAL/100918/1536589748', 193, 200000, 140000, 0, 1),
('INVC/JUAL/100918/1536593181', 38, 30000, 16000, 0, 1),
('INVC/JUAL/100918/1536593181', 39, 35000, 18500, 0, 1),
('INVC/JUAL/110918/1536665501', 1, 0, 3500, 0, 1),
('INVC/JUAL/110918/1536665501', 23, 270000, 230000, 0, 1),
('INVC/JUAL/110918/1536665501', 96, 100000, 50000, 0, 1),
('INVC/JUAL/110918/1536665501', 72, 5000, 2500, 0, 2),
('INVC/JUAL/110918/1536665501', 34, 30000, 0, 0, 1),
('INVC/JUAL/110918/1536665679', 1, 0, 3500, 0, 1),
('INVC/JUAL/110918/1536665679', 140, 40000, 20000, 0, 1),
('INVC/JUAL/110918/1536665679', 193, 200000, 140000, 0, 1),
('INVC/JUAL/110918/1536665679', 166, 10000, 5000, 0, 1),
('INVC/JUAL/110918/1536665679', 32, 40000, 29000, 0, 1),
('INVC/JUAL/110918/1536666160', 203, 100000, 84000, 0, 1),
('INVC/JUAL/110918/1536666160', 154, 20000, 8000, 0, 1),
('INVC/JUAL/110918/1536666195', 25, 25000, 10000, 0, 2),
('INVC/JUAL/110918/1536666325', 193, 200000, 140000, 0, 1),
('INVC/JUAL/110918/1536666968', 1, 0, 3500, 0, 1),
('INVC/JUAL/110918/1536666968', 66, 130000, 90000, 0, 1),
('INVC/JUAL/110918/1536666968', 141, 40000, 20000, 0, 1),
('INVC/JUAL/110918/1536666968', 6, 50000, 10000, 0, 1),
('INVC/JUAL/110918/1536667021', 18, 65000, 35000, 0, 1),
('INVC/JUAL/110918/1536667021', 39, 35000, 18500, 0, 1),
('INVC/JUAL/110918/1536667087', 138, 20000, 8000, 0, 1),
('INVC/JUAL/110918/1536667087', 206, 20000, 8000, 0, 1),
('INVC/JUAL/110918/1536667087', 206, 20000, 8000, 0, 1),
('INVC/JUAL/110918/1536667335', 23, 260000, 230000, 0, 1),
('INVC/JUAL/110918/1536667335', 181, 100000, 50000, 0, 1),
('INVC/JUAL/110918/1536667335', 141, 50000, 20000, 0, 1),
('INVC/JUAL/110918/1536667335', 193, 230000, 140000, 0, 1),
('INVC/JUAL/110918/1536667335', 1, 0, 3500, 0, 1),
('INVC/JUAL/110918/1536667335', 38, 30000, 16000, 0, 1),
('INVC/JUAL/110918/1536667335', 38, 30000, 16000, 0, 1),
('INVC/JUAL/110918/1536671261', 195, 250000, 240000, 0, 1),
('INVC/JUAL/110918/1536671261', 76, 100000, 50000, 0, 1),
('INVC/JUAL/110918/1536671261', 206, 20000, 8000, 0, 1),
('INVC/JUAL/110918/1536672954', 1, 0, 3500, 0, 1),
('INVC/JUAL/110918/1536672954', 195, 250000, 240000, 0, 1),
('INVC/JUAL/110918/1536675793', 26, 18000, 10000, 0, 1),
('INVC/JUAL/110918/1536676256', 195, 250000, 240000, 0, 1),
('INVC/JUAL/110918/1536676256', 1, 0, 3500, 0, 2),
('INVC/JUAL/110918/1536680283', 154, 20000, 8000, 0, 1),
('INVC/JUAL/120918/1536759366', 196, 200000, 140000, 0, 1),
('INVC/JUAL/120918/1536759366', 206, 20000, 8000, 0, 1),
('INVC/JUAL/120918/1536759703', 25, 0, 10000, 0, 1),
('INVC/JUAL/120918/1536759703', 130, 0, 8000, 0, 6),
('INVC/JUAL/120918/1536759703', 12, 0, 20000, 0, 1),
('INVC/JUAL/120918/1536759703', 29, 0, 40000, 0, 1),
('INVC/JUAL/120918/1536759703', 41, 0, 9300, 0, 1),
('INVC/JUAL/120918/1536759703', 32, 0, 29000, 0, 1),
('INVC/JUAL/120918/1536759802', 29, 0, 40000, 0, 1),
('INVC/JUAL/120918/1536759802', 41, 0, 9300, 0, 1),
('INVC/JUAL/120918/1536759802', 32, 0, 29000, 0, 1),
('INVC/JUAL/120918/1536759802', 25, 0, 10000, 0, 1),
('INVC/JUAL/120918/1536760243', 138, 0, 8000, 0, 6),
('INVC/JUAL/120918/1536760243', 41, 0, 9300, 0, 1),
('INVC/JUAL/120918/1536760243', 32, 0, 29000, 0, 1),
('INVC/JUAL/120918/1536760243', 29, 0, 40000, 0, 1),
('INVC/JUAL/120918/1536760445', 25, 0, 10000, 0, 1),
('INVC/JUAL/120918/1536760445', 126, 0, 8000, 0, 5),
('INVC/JUAL/120918/1536760445', 41, 0, 9300, 0, 1),
('INVC/JUAL/120918/1536760445', 32, 0, 29000, 0, 1),
('INVC/JUAL/120918/1536760445', 29, 0, 40000, 0, 1),
('INVC/JUAL/120918/1536760879', 193, 0, 140000, 0, 1),
('INVC/JUAL/120918/1536760879', 206, 0, 8000, 0, 4),
('INVC/JUAL/120918/1536760879', 41, 0, 9300, 0, 1),
('INVC/JUAL/120918/1536760879', 32, 0, 29000, 0, 1),
('INVC/JUAL/120918/1536760879', 29, 0, 40000, 0, 1),
('INVC/JUAL/120918/1536770023', 62, 185000, 170000, 0, 1),
('INVC/JUAL/120918/1536770062', 162, 40000, 20000, 0, 1),
('INVC/JUAL/120918/1536770062', 165, 20000, 8000, 0, 1),
('INVC/JUAL/120918/1536770106', 66, 130000, 90000, 0, 1),
('INVC/JUAL/120918/1536770106', 1, 0, 3500, 0, 1),
('INVC/JUAL/120918/1536770170', 195, 250000, 240000, 0, 1),
('INVC/JUAL/130918/1536850726', 39, 35000, 18500, 0, 2),
('INVC/JUAL/130918/1536850726', 206, 20000, 8000, 0, 1),
('INVC/JUAL/130918/1536850800', 196, 200000, 140000, 0, 1),
('INVC/JUAL/130918/1536850800', 206, 20000, 8000, 0, 2),
('INVC/JUAL/140918/1536932714', 39, 35000, 18500, 0, 1),
('INVC/JUAL/140918/1536932785', 32, 40000, 29000, 0, 1),
('INVC/JUAL/140918/1536932785', 206, 20000, 8000, 0, 1),
('INVC/JUAL/140918/1536932922', 192, 65000, 45000, 15000, 1),
('INVC/JUAL/140918/1536932922', 206, 20000, 8000, 0, 1),
('INVC/JUAL/140918/1536932922', 193, 200000, 140000, 0, 1),
('INVC/JUAL/140918/1536933283', 194, 250000, 250000, 0, 1),
('INVC/JUAL/140918/1536934433', 181, 100000, 50000, 0, 1),
('INVC/JUAL/140918/1536938273', 138, 20000, 8000, 0, 2),
('INVC/JUAL/140918/1536938273', 141, 40000, 20000, 0, 1),
('INVC/JUAL/140918/1536938273', 11, 50000, 25000, 0, 1),
('INVC/JUAL/140918/1536938347', 1, 0, 3500, 0, 1),
('INVC/JUAL/140918/1536938347', 200, 100000, 81000, 0, 1),
('INVC/JUAL/140918/1536938347', 194, 250000, 250000, 0, 1),
('INVC/JUAL/140918/1536938403', 1, 0, 3500, 0, 1),
('INVC/JUAL/140918/1536938403', 97, 100000, 50000, 0, 1),
('INVC/JUAL/140918/1536938445', 83, 150000, 110000, 0, 1),
('INVC/JUAL/140918/1536938445', 1, 0, 3500, 0, 1),
('INVC/JUAL/150918/1536989323', 66, 130000, 90000, 0, 1),
('INVC/JUAL/150918/1536989376', 72, 10000, 2500, 0, 3),
('INVC/JUAL/150918/1536989376', 17, 65000, 35000, 0, 1),
('INVC/JUAL/150918/1536989405', 39, 35000, 18500, 0, 2),
('INVC/JUAL/150918/1536989405', 99, 100000, 50000, 0, 1),
('INVC/JUAL/150918/1536989508', 195, 250000, 240000, 0, 1),
('INVC/JUAL/150918/1536989508', 192, 65000, 45000, 0, 1),
('INVC/JUAL/150918/1536989508', 1, 0, 3500, 0, 1),
('INVC/JUAL/150918/1536989643', 23, 270000, 235000, 11000, 1),
('INVC/JUAL/150918/1536989643', 41, 0, 9300, 0, 1),
('INVC/JUAL/180918/1537236065', 1, 0, 3500, 0, 1),
('INVC/JUAL/180918/1537236065', 180, 100000, 50000, 0, 1),
('INVC/JUAL/180918/1537236065', 195, 250000, 240000, 0, 1),
('INVC/JUAL/180918/1537236124', 8, 50000, 18000, 0, 1),
('INVC/JUAL/180918/1537236124', 165, 20000, 8000, 0, 1),
('INVC/JUAL/180918/1537236124', 1, 0, 3500, 0, 1),
('INVC/JUAL/180918/1537236195', 1, 0, 3500, 0, 1),
('INVC/JUAL/180918/1537236195', 193, 200000, 140000, 0, 1),
('INVC/JUAL/180918/1537236195', 210, 40000, 20000, 0, 1),
('INVC/JUAL/180918/1537236270', 195, 250000, 240000, 0, 1),
('INVC/JUAL/180918/1537236270', 195, 250000, 240000, 0, 1),
('INVC/JUAL/180918/1537236270', 1, 0, 3500, 0, 2),
('INVC/JUAL/180918/1537237339', 1, 0, 3500, 0, 1),
('INVC/JUAL/180918/1537237339', 193, 200000, 140000, 0, 1),
('INVC/JUAL/180918/1537237339', 192, 70000, 45000, 0, 1),
('INVC/JUAL/180918/1537286487', 38, 30000, 16000, 0, 1),
('INVC/JUAL/180918/1537286487', 72, 10000, 2500, 0, 1),
('INVC/JUAL/180918/1537286487', 152, 50000, 20000, 0, 1),
('INVC/JUAL/180918/1537286487', 34, 30000, 0, 0, 1),
('INVC/JUAL/180918/1537286487', 169, 450000, 375000, 0, 1),
('INVC/JUAL/180918/1537286487', 37, 20000, 8000, 0, 1),
('INVC/JUAL/180918/1537286487', 117, 40000, 20000, 0, 1),
('INVC/JUAL/180918/1537286487', 193, 200000, 140000, 0, 1),
('INVC/JUAL/180918/1537286487', 206, 0, 8000, 0, 1),
('INVC/JUAL/190918/1537319614', 27, 70000, 56000, 0, 1),
('INVC/JUAL/190918/1537365795', 66, 130000, 90000, 0, 1),
('INVC/JUAL/190918/1537365820', 25, 25000, 10000, 0, 1),
('INVC/JUAL/190918/1537366048', 25, 25000, 10000, 0, 1),
('INVC/JUAL/190918/1537366048', 26, 18000, 10000, 0, 4),
('INVC/JUAL/190918/1537376164', 67, 130000, 90000, 0, 1),
('INVC/JUAL/190918/1537376164', 8, 50000, 18000, 0, 1),
('INVC/JUAL/190918/1537376164', 17, 65000, 35000, 0, 1),
('INVC/JUAL/190918/1537376164', 138, 20000, 8000, 0, 1),
('INVC/JUAL/200918/1537446662', 194, 250000, 235000, 0, 1),
('INVC/JUAL/200918/1537446662', 1, 0, 3500, 0, 1),
('INVC/JUAL/200918/1537446704', 195, 250000, 235000, 0, 1),
('INVC/JUAL/200918/1537446704', 1, 0, 3500, 0, 1),
('INVC/JUAL/200918/1537446743', 206, 20000, 8000, 0, 1),
('INVC/JUAL/200918/1537446743', 117, 40000, 20000, 0, 1),
('INVC/JUAL/200918/1537449949', 67, 0, 90000, 0, 1),
('INVC/JUAL/200918/1537449949', 7, 0, 10000, 0, 1),
('INVC/JUAL/200918/1537449949', 207, 0, 20000, 0, 1),
('INVC/JUAL/200918/1537449949', 209, 0, 20000, 0, 1),
('INVC/JUAL/200918/1537449949', 210, 0, 20000, 0, 1),
('INVC/JUAL/200918/1537449949', 208, 0, 20000, 0, 1),
('INVC/JUAL/200918/1537449949', 41, 0, 9300, 0, 1),
('INVC/JUAL/200918/1537449949', 1, 0, 3500, 0, 3),
('INVC/JUAL/200918/1537450026', 172, 0, 60000, 0, 1),
('INVC/JUAL/200918/1537450026', 72, 0, 2500, 0, 1),
('INVC/JUAL/200918/1537452004', 178, 100000, 50000, 0, 1),
('INVC/JUAL/200918/1537452004', 1, 0, 3500, 0, 1),
('INVC/JUAL/200918/1537452172', 194, 250000, 235000, 0, 1),
('INVC/JUAL/200918/1537452172', 1, 0, 3500, 0, 1),
('INVC/JUAL/200918/1537452299', 194, 250000, 235000, 0, 1),
('INVC/JUAL/210918/1537498646', 4, 0, 2000, 0, 1),
('INVC/JUAL/210918/1537498646', 20, 145000, 120000, 0, 1),
('INVC/JUAL/210918/1537498646', 165, 20000, 8000, 0, 1),
('INVC/JUAL/210918/1537498851', 26, 18000, 10000, 4000, 3),
('INVC/JUAL/210918/1537498890', 192, 70000, 45000, 0, 1),
('INVC/JUAL/210918/1537543103', 206, 20000, 8000, 0, 2),
('INVC/JUAL/220918/1537582600', 193, 200000, 140000, 0, 1),
('INVC/JUAL/220918/1537582600', 206, 20000, 8000, 0, 1),
('INVC/JUAL/220918/1537635324', 38, 30000, 16000, 0, 1),
('INVC/JUAL/220918/1537635324', 37, 20000, 8000, 0, 1),
('INVC/JUAL/220918/1537635324', 206, 10000, 8000, 0, 2),
('INVC/JUAL/220918/1537635324', 66, 130000, 90000, 0, 1),
('INVC/JUAL/220918/1537635324', 1, 0, 3500, 0, 2),
('INVC/JUAL/220918/1537635324', 121, 40000, 20000, 0, 1),
('INVC/JUAL/220918/1537635324', 59, 310000, 210000, 0, 1),
('INVC/JUAL/220918/1537635324', 194, 250000, 235000, 0, 1),
('INVC/JUAL/220918/1537635324', 146, 20000, 8000, 0, 3),
('INVC/JUAL/220918/1537635428', 191, 60000, 25000, 0, 1),
('INVC/JUAL/220918/1537635428', 191, 60000, 25000, 0, 1),
('INVC/JUAL/220918/1537635428', 185, 230000, 140000, 0, 1),
('INVC/JUAL/220918/1537635428', 72, 0, 2500, 0, 1),
('INVC/JUAL/230918/1537716408', 38, 30000, 16000, 30000, 2),
('INVC/JUAL/230918/1537716601', 4, 0, 2000, 0, 1),
('INVC/JUAL/230918/1537716601', 133, 40000, 20000, 0, 1),
('INVC/JUAL/230918/1537716601', 6, 50000, 10000, 0, 1),
('INVC/JUAL/240918/1537807823', 196, 200000, 150000, 0, 1),
('INVC/JUAL/240918/1537807823', 206, 20000, 8000, 0, 2),
('INVC/JUAL/240918/1537807823', 209, 40000, 20000, 0, 1),
('INVC/JUAL/240918/1537807823', 72, 10000, 2500, 10000, 2),
('INVC/JUAL/240918/1537807823', 1, 0, 3500, 0, 1),
('INVC/JUAL/240918/1537807903', 174, 100000, 60000, 0, 1),
('INVC/JUAL/240918/1537807903', 39, 35000, 18500, 0, 1),
('INVC/JUAL/240918/1537807903', 1, 0, 3500, 0, 1),
('INVC/JUAL/250918/1537840039', 1, 0, 3500, 0, 1),
('INVC/JUAL/250918/1537840039', 123, 40000, 20000, 0, 1),
('INVC/JUAL/250918/1537840039', 191, 60000, 25000, 0, 1),
('INVC/JUAL/250918/1537840039', 188, 75000, 25000, 0, 1),
('INVC/JUAL/250918/1537840039', 185, 215000, 140000, 0, 1),
('INVC/JUAL/250918/1537840059', 1, 0, 3500, 0, 1),
('INVC/JUAL/250918/1537840059', 97, 100000, 50000, 0, 1),
('INVC/JUAL/250918/1537888363', 1, 0, 3500, 0, 1),
('INVC/JUAL/250918/1537888363', 196, 200000, 150000, 0, 1),
('INVC/JUAL/250918/1537888363', 210, 40000, 20000, 0, 1),
('INVC/JUAL/250918/1537888637', 25, 25000, 10000, 0, 1),
('INVC/JUAL/250918/1537888637', 139, 40000, 20000, 0, 1),
('INVC/JUAL/250918/1537888637', 40, 80000, 0, 0, 1),
('INVC/JUAL/250918/1537888637', 41, 30000, 16000, 0, 1),
('INVC/JUAL/250918/1537888637', 195, 250000, 240000, 0, 1),
('INVC/JUAL/250918/1537889025', 193, 200000, 140000, 0, 1),
('INVC/JUAL/250918/1537889025', 209, 40000, 20000, 0, 1),
('INVC/JUAL/250918/1537889025', 23, 260000, 235000, 0, 1),
('INVC/JUAL/250918/1537889025', 1, 0, 3500, 0, 2),
('INVC/JUAL/270918/1538052792', 4, 0, 2000, 0, 2),
('INVC/JUAL/270918/1538052792', 208, 40000, 20000, 0, 1),
('INVC/JUAL/270918/1538052792', 210, 40000, 20000, 0, 1),
('INVC/JUAL/270918/1538052792', 158, 20000, 8000, 0, 2),
('INVC/JUAL/270918/1538052792', 160, 40000, 20000, 0, 1),
('INVC/JUAL/270918/1538052792', 161, 40000, 20000, 0, 1),
('INVC/JUAL/270918/1538052891', 193, 200000, 140000, 0, 1),
('INVC/JUAL/270918/1538053139', 1, 0, 3500, 0, 1),
('INVC/JUAL/270918/1538053139', 178, 100000, 50000, 0, 1),
('INVC/JUAL/270918/1538053139', 61, 185000, 170000, 0, 1),
('INVC/JUAL/270918/1538053139', 193, 200000, 140000, 0, 1),
('INVC/JUAL/280918/1538071815', 41, 20000, 9300, 0, 2),
('INVC/JUAL/280918/1538071815', 29, 50000, 40000, 0, 1),
('INVC/JUAL/290918/1538184576', 162, 40000, 20000, 0, 1),
('INVC/JUAL/290918/1538184576', 164, 40000, 20000, 0, 1),
('INVC/JUAL/290918/1538184576', 4, 0, 2000, 0, 1),
('INVC/JUAL/290918/1538186133', 4, 0, 2000, 0, 0),
('INVC/JUAL/290918/1538186133', 99, 100000, 50000, 0, 1),
('INVC/JUAL/290918/1538186133', 18, 65000, 35000, 0, 1),
('INVC/JUAL/290918/1538186133', 141, 40000, 20000, 0, 1),
('INVC/JUAL/290918/1538188940', 193, 200000, 140000, 0, 1),
('INVC/JUAL/290918/1538188940', 206, 20000, 8000, 0, 1),
('INVC/JUAL/290918/1538188940', 1, 0, 3500, 0, 1),
('INVC/JUAL/290918/1538193981', 25, 25000, 10000, 0, 1),
('INVC/JUAL/011018/1538377686', 163, 40000, 20000, 0, 1),
('INVC/JUAL/011018/1538377686', 1, 0, 3500, 0, 1),
('INVC/JUAL/011018/1538377836', 194, 250000, 235000, 0, 1),
('INVC/JUAL/011018/1538377836', 195, 250000, 240000, 0, 1),
('INVC/JUAL/011018/1538377836', 206, 20000, 8000, 0, 1),
('INVC/JUAL/011018/1538377836', 193, 200000, 140000, 0, 1),
('INVC/JUAL/011018/1538377836', 1, 0, 3500, 0, 3),
('INVC/JUAL/011018/1538391849', 54, 200000, 150000, 0, 1),
('INVC/JUAL/011018/1538391849', 14, 65000, 35000, 0, 1),
('INVC/JUAL/011018/1538391849', 5, 50000, 10000, 0, 1),
('INVC/JUAL/011018/1538393055', 26, 18000, 10000, 0, 1),
('INVC/JUAL/021018/1538422554', 1, 0, 3500, 0, 1),
('INVC/JUAL/021018/1538422554', 194, 250000, 235000, 0, 1),
('INVC/JUAL/021018/1538422554', 192, 70000, 45000, 0, 1),
('INVC/JUAL/021018/1538422554', 180, 100000, 50000, 0, 1),
('INVC/JUAL/021018/1538422554', 206, 20000, 8000, 0, 1),
('INVC/JUAL/021018/1538422843', 212, 1000000, 880000, 0, 1),
('INVC/JUAL/021018/1538422843', 99, 100000, 50000, 0, 1),
('INVC/JUAL/021018/1538422843', 138, 20000, 8000, 0, 1),
('INVC/JUAL/021018/1538422843', 11, 50000, 25000, 0, 1),
('INVC/JUAL/021018/1538422843', 66, 130000, 90000, 0, 1),
('INVC/JUAL/021018/1538422996', 215, 50000, 25000, 0, 1),
('INVC/JUAL/021018/1538422996', 195, 250000, 240000, 0, 1),
('INVC/JUAL/021018/1538422996', 83, 150000, 110000, 0, 1),
('INVC/JUAL/021018/1538491374', 32, 40000, 29000, 0, 1),
('INVC/JUAL/021018/1538491374', 27, 70000, 56000, 0, 1),
('INVC/JUAL/021018/1538491374', 1, 0, 3500, 0, 1),
('INVC/JUAL/021018/1538491374', 193, 200000, 140000, 0, 1),
('INVC/JUAL/021018/1538491374', 192, 65000, 45000, 0, 1),
('INVC/JUAL/021018/1538491374', 138, 20000, 8000, 0, 2),
('INVC/JUAL/021018/1538491374', 9, 50000, 20000, 0, 1),
('INVC/JUAL/021018/1538491374', 139, 40000, 20000, 0, 1),
('INVC/JUAL/021018/1538491374', 54, 200000, 150000, 0, 1),
('INVC/JUAL/031018/1538564941', 217, 190000, 140000, 0, 1),
('INVC/JUAL/031018/1538564941', 78, 100000, 50000, 0, 1),
('INVC/JUAL/031018/1538564941', 1, 0, 3500, 0, 3),
('INVC/JUAL/031018/1538565001', 78, 100000, 50000, 0, 1),
('INVC/JUAL/031018/1538565001', 138, 20000, 8000, 0, 2),
('INVC/JUAL/031018/1538565047', 216, 190000, 140000, 0, 1),
('INVC/JUAL/031018/1538579269', 66, 130000, 90000, 0, 2),
('INVC/JUAL/031018/1538579269', 68, 60000, 40000, 0, 2),
('INVC/JUAL/031018/1538579269', 217, 190000, 140000, 0, 1),
('INVC/JUAL/031018/1538579269', 78, 100000, 50000, 0, 1),
('INVC/JUAL/031018/1538579325', 154, 20000, 8000, 5000, 2),
('INVC/JUAL/031018/1538579325', 66, 130000, 90000, 0, 1),
('INVC/JUAL/031018/1538579325', 38, 30000, 16000, 0, 1),
('INVC/JUAL/031018/1538581072', 35, 125000, 105000, 0, 1),
('INVC/JUAL/031018/1538581072', 162, 40000, 20000, 0, 1),
('INVC/JUAL/031018/1538581164', 178, 100000, 50000, 0, 1),
('INVC/JUAL/041018/1538628172', 154, 20000, 8000, 0, 1),
('INVC/JUAL/041018/1538628172', 4, 0, 2000, 0, 0),
('INVC/JUAL/041018/1538628172', 156, 40000, 20000, 0, 1),
('INVC/JUAL/041018/1538628484', 1, 0, 3500, 0, 2),
('INVC/JUAL/041018/1538628484', 209, 40000, 20000, 0, 1),
('INVC/JUAL/041018/1538628484', 218, 190000, 140000, 0, 1),
('INVC/JUAL/041018/1538628484', 41, 20000, 9300, 0, 2),
('INVC/JUAL/041018/1538628542', 193, 200000, 140000, 0, 2),
('INVC/JUAL/041018/1538636256', 189, 180000, 0, 0, 1),
('INVC/JUAL/041018/1538636256', 133, 40000, 20000, 0, 1),
('INVC/JUAL/041018/1538636256', 8, 50000, 18000, 0, 1),
('INVC/JUAL/051018/1538674659', 195, 250000, 240000, 0, 1),
('INVC/JUAL/051018/1538674659', 1, 0, 3500, 0, 1),
('INVC/JUAL/051018/1538742826', 1, 0, 3500, 0, 0),
('INVC/JUAL/051018/1538742826', 62, 185000, 170000, 0, 1),
('INVC/JUAL/051018/1538742826', 1, 0, 3500, 0, 1),
('INVC/JUAL/051018/1538742885', 83, 150000, 110000, 0, 1),
('INVC/JUAL/051018/1538742885', 206, 20000, 8000, 0, 1),
('INVC/JUAL/051018/1538742973', 66, 130000, 90000, 0, 1),
('INVC/JUAL/051018/1538742973', 79, 100000, 50000, 0, 1),
('INVC/JUAL/051018/1538742973', 18, 65000, 35000, 0, 1),
('INVC/JUAL/051018/1538742973', 138, 20000, 8000, 0, 1),
('INVC/JUAL/051018/1538742973', 98, 100000, 50000, 0, 1),
('INVC/JUAL/051018/1538754916', 25, 25000, 10000, 0, 1),
('INVC/JUAL/051018/1538754916', 26, 18000, 10000, 0, 1),
('INVC/JUAL/051018/1538754916', 63, 185000, 170000, 0, 1),
('INVC/JUAL/071018/1538881157', 26, 18000, 10000, 0, 1),
('INVC/JUAL/071018/1538881157', 1, 0, 3500, 0, 1),
('INVC/JUAL/071018/1538881157', 8, 50000, 18000, 0, 1),
('INVC/JUAL/071018/1538881157', 86, 100000, 50000, 0, 1),
('INVC/JUAL/071018/1538881157', 98, 100000, 50000, 0, 1),
('INVC/JUAL/081018/1538954865', 77, 100000, 50000, 0, 1),
('INVC/JUAL/081018/1538954865', 8, 50000, 18000, 0, 1),
('INVC/JUAL/081018/1538954865', 141, 40000, 20000, 0, 1),
('INVC/JUAL/081018/1538954865', 33, 10000, 3000, 0, 1),
('INVC/JUAL/081018/1538954865', 22, 160000, 115000, 0, 1),
('INVC/JUAL/081018/1538954865', 34, 30000, 0, 0, 1),
('INVC/JUAL/081018/1538954865', 86, 100000, 50000, 0, 1),
('INVC/JUAL/081018/1539008811', 15, 65000, 35000, 0, 1),
('INVC/JUAL/081018/1539008811', 206, 20000, 8000, 0, 3),
('INVC/JUAL/081018/1539008811', 86, 100000, 50000, 0, 1),
('INVC/JUAL/081018/1539008811', 25, 25000, 10000, 0, 1),
('INVC/JUAL/091018/1539025106', 1, 0, 3500, 0, 2),
('INVC/JUAL/091018/1539025106', 191, 60000, 25000, 0, 1),
('INVC/JUAL/091018/1539025106', 185, 215000, 140000, 0, 1),
('INVC/JUAL/091018/1539025106', 188, 75000, 25000, 0, 1),
('INVC/JUAL/091018/1539025106', 98, 100000, 50000, 0, 1),
('INVC/JUAL/091018/1539062583', 54, 200000, 150000, 0, 1),
('INVC/JUAL/091018/1539094402', 138, 20000, 8000, 0, 4),
('INVC/JUAL/091018/1539094402', 4, 0, 2000, 0, 2),
('INVC/JUAL/091018/1539094440', 1, 0, 3500, 0, 1),
('INVC/JUAL/091018/1539094440', 194, 250000, 220000, 0, 1),
('INVC/JUAL/091018/1539094477', 195, 250000, 220000, 0, 1),
('INVC/JUAL/091018/1539094477', 38, 30000, 16000, 0, 1),
('INVC/JUAL/091018/1539094477', 1, 0, 3500, 0, 1),
('INVC/JUAL/091018/1539094607', 183, 180000, 94000, 0, 1),
('INVC/JUAL/091018/1539094713', 69, 160000, 250000, 0, 1),
('INVC/JUAL/091018/1539094713', 1, 0, 3500, 0, 1),
('INVC/JUAL/091018/1539096014', 41, 20000, 9300, 0, 1),
('INVC/JUAL/091018/1539096014', 166, 15000, 5000, 0, 1),
('INVC/JUAL/101018/1539183912', 25, 25000, 10000, 0, 1),
('INVC/JUAL/111018/1539260401', 195, 250000, 220000, 0, 1),
('INVC/JUAL/111018/1539260401', 193, 200000, 140000, 0, 1),
('INVC/JUAL/111018/1539260401', 1, 0, 3500, 0, 1),
('INVC/JUAL/111018/1539260456', 78, 100000, 50000, 0, 1),
('INVC/JUAL/111018/1539260456', 1, 0, 3500, 0, 1),
('INVC/JUAL/111018/1539260456', 138, 20000, 8000, 0, 1),
('INVC/JUAL/111018/1539260554', 35, 120000, 105000, 0, 1),
('INVC/JUAL/111018/1539260554', 19, 75000, 45000, 0, 1),
('INVC/JUAL/111018/1539260554', 164, 40000, 20000, 0, 1),
('INVC/JUAL/111018/1539260554', 49, 225000, 220000, 0, 1),
('INVC/JUAL/111018/1539260554', 6, 50000, 10000, 0, 1),
('INVC/JUAL/111018/1539260554', 21, 20000, 25000, 0, 1),
('INVC/JUAL/111018/1539260554', 72, 0, 2500, 0, 1),
('INVC/JUAL/111018/1539265265', 171, 100000, 60000, 0, 1),
('INVC/JUAL/111018/1539265265', 206, 20000, 8000, 0, 3),
('INVC/JUAL/111018/1539265265', 208, 40000, 20000, 0, 1),
('INVC/JUAL/111018/1539266918', 206, 20000, 8000, 0, 1),
('INVC/JUAL/111018/1539266918', 95, 100000, 50000, 0, 1),
('INVC/JUAL/111018/1539266918', 8, 50000, 18000, 0, 1),
('INVC/JUAL/111018/1539266957', 218, 180000, 140000, 0, 1),
('INVC/JUAL/121018/1539333012', 122, 20000, 8000, 0, 1),
('INVC/JUAL/121018/1539333012', 158, 20000, 8000, 0, 1),
('INVC/JUAL/121018/1539333346', 25, 25000, 10000, 0, 2),
('INVC/JUAL/121018/1539334120', 38, 30000, 16000, 0, 1),
('INVC/JUAL/121018/1539334120', 176, 100000, 60000, 0, 1),
('INVC/JUAL/121018/1539334507', 172, 100000, 60000, 0, 1),
('INVC/JUAL/131018/1539404458', 25, 25000, 10000, 0, 1),
('INVC/JUAL/131018/1539404494', 38, 30000, 16000, 0, 1),
('INVC/JUAL/131018/1539404494', 196, 185000, 150000, 0, 1),
('INVC/JUAL/131018/1539404582', 230, 215000, 195000, 0, 1),
('INVC/JUAL/131018/1539404582', 19, 75000, 45000, 0, 1),
('INVC/JUAL/131018/1539404582', 35, 125000, 105000, 0, 1),
('INVC/JUAL/131018/1539404582', 72, 10000, 2500, 0, 1),
('INVC/JUAL/131018/1539404582', 1, 0, 3500, 0, 0),
('INVC/JUAL/131018/1539405071', 38, 30000, 16000, 0, 1),
('INVC/JUAL/131018/1539405071', 141, 40000, 20000, 0, 1),
('INVC/JUAL/131018/1539405071', 193, 200000, 140000, 0, 1),
('INVC/JUAL/131018/1539405071', 72, 10000, 2500, 0, 1),
('INVC/JUAL/141018/1539496670', 1, 0, 3500, 0, 1),
('INVC/JUAL/141018/1539496670', 82, 150000, 105000, 0, 1),
('INVC/JUAL/141018/1539496752', 82, 150000, 105000, 0, 1),
('INVC/JUAL/141018/1539496790', 25, 25000, 10000, 0, 1),
('INVC/JUAL/141018/1539496815', 206, 20000, 8000, 0, 1),
('INVC/JUAL/141018/1539498503', 195, 250000, 220000, 0, 1),
('INVC/JUAL/141018/1539498503', 1, 0, 3500, 0, 1),
('INVC/JUAL/141018/1539502206', 11, 50000, 25000, 0, 1),
('INVC/JUAL/141018/1539503160', 195, 250000, 220000, 0, 1),
('INVC/JUAL/141018/1539526583', 1, 0, 3500, 0, 1),
('INVC/JUAL/141018/1539526583', 66, 130000, 90000, 0, 1),
('INVC/JUAL/141018/1539526583', 140, 40000, 20000, 0, 1),
('INVC/JUAL/141018/1539526583', 6, 50000, 10000, 0, 1),
('INVC/JUAL/151018/1539582390', 195, 250000, 220000, 0, 1),
('INVC/JUAL/151018/1539582390', 1, 0, 3500, 0, 1),
('INVC/JUAL/151018/1539582390', 192, 65000, 45000, 0, 1);
INSERT INTO `tbl_jualdetail` (`jual_invoice`, `barang_kd`, `jual_harga`, `beli_harga`, `jual_diskon`, `jual_jumlah`) VALUES
('INVC/JUAL/151018/1539610028', 223, 100000, 50000, 0, 1),
('INVC/JUAL/151018/1539610028', 220, 190000, 100000, 0, 1),
('INVC/JUAL/151018/1539612018', 193, 200000, 145000, 0, 1),
('INVC/JUAL/151018/1539612018', 1, 0, 3500, 0, 1),
('INVC/JUAL/151018/1539612507', 25, 25000, 10000, 0, 2),
('INVC/JUAL/161018/1539658664', 39, 35000, 18000, 0, 1),
('INVC/JUAL/161018/1539661362', 1, 0, 3500, 0, 1),
('INVC/JUAL/161018/1539661362', 83, 150000, 105000, 0, 1),
('INVC/JUAL/161018/1539661362', 126, 20000, 8000, 0, 2),
('INVC/JUAL/161018/1539690891', 64, 170000, 58000, 0, 1),
('INVC/JUAL/161018/1539690928', 192, 70000, 45000, 0, 1),
('INVC/JUAL/161018/1539691027', 23, 265000, 235000, 0, 1),
('INVC/JUAL/161018/1539691027', 206, 20000, 8000, 0, 2),
('INVC/JUAL/161018/1539691087', 1, 0, 3500, 0, 2),
('INVC/JUAL/161018/1539691087', 76, 100000, 50000, 0, 1),
('INVC/JUAL/161018/1539691087', 140, 40000, 20000, 0, 1),
('INVC/JUAL/161018/1539691087', 8, 50000, 18000, 0, 1),
('INVC/JUAL/161018/1539694070', 214, 650000, 580000, 0, 1),
('INVC/JUAL/171018/1539777674', 76, 100000, 50000, 0, 1),
('INVC/JUAL/171018/1539785382', 195, 250000, 220000, 0, 1),
('INVC/JUAL/171018/1539788037', 209, 40000, 20000, 0, 1),
('INVC/JUAL/171018/1539788037', 1, 0, 3500, 0, 1),
('INVC/JUAL/171018/1539788037', 6, 50000, 10000, 0, 1),
('INVC/JUAL/181018/1539797204', 1, 0, 3500, 0, 1),
('INVC/JUAL/181018/1539797204', 221, 100000, 60000, 0, 1),
('INVC/JUAL/181018/1539871126', 195, 250000, 220000, 0, 1),
('INVC/JUAL/181018/1539871663', 118, 10000, 8000, 0, 1),
('INVC/JUAL/181018/1539871663', 59, 300000, 210000, 0, 1),
('INVC/JUAL/181018/1539871663', 121, 40000, 20000, 0, 1),
('INVC/JUAL/181018/1539871683', 25, 25000, 10000, 0, 2),
('INVC/JUAL/181018/1539871795', 38, 30000, 16000, 0, 1),
('INVC/JUAL/181018/1539871795', 39, 35000, 18000, 0, 1),
('INVC/JUAL/181018/1539871815', 180, 100000, 50000, 0, 2),
('INVC/JUAL/181018/1539872059', 1, 0, 3500, 0, 1),
('INVC/JUAL/181018/1539872059', 231, 230000, 150000, 0, 1),
('INVC/JUAL/181018/1539872059', 166, 15000, 5000, 0, 1),
('INVC/JUAL/181018/1539872113', 1, 0, 3500, 0, 1),
('INVC/JUAL/181018/1539872113', 231, 230000, 150000, 0, 1),
('INVC/JUAL/181018/1539872113', 17, 65000, 35000, 0, 1),
('INVC/JUAL/181018/1539872113', 152, 50000, 20000, 0, 1),
('INVC/JUAL/181018/1539872113', 166, 15000, 5000, 0, 0),
('INVC/JUAL/191018/1539882982', 25, 25000, 10000, 0, 1),
('INVC/JUAL/191018/1539882982', 41, 20000, 9300, 0, 1),
('INVC/JUAL/191018/1539950594', 86, 100000, 50000, 0, 1),
('INVC/JUAL/191018/1539950594', 5, 50000, 10000, 0, 1),
('INVC/JUAL/191018/1539950697', 39, 30000, 18000, 0, 1),
('INVC/JUAL/191018/1539950697', 142, 20000, 8000, 0, 1),
('INVC/JUAL/191018/1539953325', 146, 20000, 8000, 0, 1),
('INVC/JUAL/191018/1539953406', 138, 20000, 8000, 0, 1),
('INVC/JUAL/191018/1539953406', 25, 25000, 10000, 0, 1),
('INVC/JUAL/221018/1540174290', 1, 0, 3500, 0, 1),
('INVC/JUAL/221018/1540174290', 221, 100000, 60000, 0, 1),
('INVC/JUAL/221018/1540174332', 39, 35000, 18000, 0, 1),
('INVC/JUAL/221018/1540216136', 214, 650000, 615000, 0, 1),
('INVC/JUAL/221018/1540216136', 193, 200000, 145000, 0, 1),
('INVC/JUAL/221018/1540216136', 180, 100000, 50000, 0, 1),
('INVC/JUAL/221018/1540216176', 25, 25000, 10000, 0, 1),
('INVC/JUAL/221018/1540216266', 125, 40000, 20000, 0, 1),
('INVC/JUAL/221018/1540216266', 11, 50000, 25000, 0, 1),
('INVC/JUAL/221018/1540216546', 195, 250000, 220000, 0, 1),
('INVC/JUAL/221018/1540216546', 56, 170000, 135000, 0, 1),
('INVC/JUAL/221018/1540216593', 231, 230000, 150000, 0, 1),
('INVC/JUAL/221018/1540216593', 25, 25000, 10000, 0, 1),
('INVC/JUAL/221018/1540216710', 25, 25000, 10000, 0, 1),
('INVC/JUAL/221018/1540216967', 25, 25000, 10000, 0, 2),
('INVC/JUAL/221018/1540218251', 100, 20000, 8000, 5000, 1),
('INVC/JUAL/221018/1540218251', 158, 20000, 8000, 20000, 3),
('INVC/JUAL/231018/1540269468', 39, 35000, 18000, 0, 1),
('INVC/JUAL/231018/1540269468', 41, 20000, 9300, 0, 1),
('INVC/JUAL/231018/1540269468', 28, 70000, 56000, 0, 1),
('INVC/JUAL/231018/1540269468', 63, 185000, 170000, 0, 1),
('INVC/JUAL/231018/1540269468', 1, 0, 3500, 0, 1),
('INVC/JUAL/231018/1540269529', 140, 40000, 20000, 0, 1),
('INVC/JUAL/231018/1540269529', 4, 0, 2000, 0, 0),
('INVC/JUAL/231018/1540269595', 97, 100000, 50000, 0, 1),
('INVC/JUAL/231018/1540269595', 1, 0, 3500, 0, 1),
('INVC/JUAL/231018/1540303563', 142, 20000, 8000, 10000, 2),
('INVC/JUAL/231018/1540303563', 158, 20000, 8000, 25000, 5),
('INVC/JUAL/231018/1540303596', 206, 20000, 8000, 0, 1),
('INVC/JUAL/251018/1540466013', 118, 20000, 8000, 0, 2),
('INVC/JUAL/251018/1540466013', 141, 44000, 20000, 0, 1),
('INVC/JUAL/251018/1540466108', 220, 190000, 100000, 0, 1),
('INVC/JUAL/251018/1540466108', 157, 40000, 20000, 0, 1),
('INVC/JUAL/251018/1540466108', 6, 50000, 10000, 0, 1),
('INVC/JUAL/251018/1540466108', 1, 0, 3500, 0, 1),
('INVC/JUAL/251018/1540466340', 176, 100000, 60000, 0, 1),
('INVC/JUAL/251018/1540466355', 39, 35000, 18000, 0, 1),
('INVC/JUAL/251018/1540466402', 82, 150000, 105000, 0, 1),
('INVC/JUAL/251018/1540466424', 86, 100000, 50000, 0, 1),
('INVC/JUAL/251018/1540466443', 176, 100000, 60000, 0, 1),
('INVC/JUAL/251018/1540467964', 37, 20000, 8000, 0, 2),
('INVC/JUAL/251018/1540467964', 206, 20000, 8000, 0, 1),
('INVC/JUAL/251018/1540467986', 158, 20000, 8000, 0, 1),
('INVC/JUAL/251018/1540473342', 82, 150000, 105000, 150000, 2),
('INVC/JUAL/251018/1540473418', 41, 20000, 9300, 0, 1),
('INVC/JUAL/251018/1540473418', 206, 20000, 8000, 0, 1),
('INVC/JUAL/251018/1540473454', 177, 100000, 60000, 0, 1),
('INVC/JUAL/251018/1540473454', 61, 185000, 170000, 0, 1),
('INVC/JUAL/251018/1540473563', 24, 415000, 365000, 0, 1),
('INVC/JUAL/251018/1540473563', 141, 40000, 20000, 0, 1),
('INVC/JUAL/251018/1540473563', 25, 25000, 10000, 0, 2),
('INVC/JUAL/251018/1540473563', 26, 0, 10000, 0, 1),
('INVC/JUAL/251018/1540476016', 39, 35000, 18000, 0, 1),
('INVC/JUAL/251018/1540476095', 25, 25000, 10000, 0, 1),
('INVC/JUAL/251018/1540476095', 99, 100000, 50000, 0, 1),
('INVC/JUAL/271018/1540578300', 178, 100000, 50000, 0, 1),
('INVC/JUAL/271018/1540578352', 180, 100000, 50000, 0, 1),
('INVC/JUAL/271018/1540578392', 111, 20000, 8000, 10000, 3),
('INVC/JUAL/271018/1540578462', 39, 35000, 18000, 0, 1),
('INVC/JUAL/271018/1540578462', 140, 40000, 20000, 0, 1),
('INVC/JUAL/271018/1540578593', 192, 65000, 45000, 0, 1),
('INVC/JUAL/271018/1540578593', 193, 200000, 145000, 0, 1),
('INVC/JUAL/271018/1540578593', 1, 0, 3500, 0, 2),
('INVC/JUAL/271018/1540578668', 41, 0, 9300, 0, 1),
('INVC/JUAL/271018/1540578668', 28, 70000, 56000, 0, 1),
('INVC/JUAL/271018/1540578668', 5, 50000, 10000, 0, 1),
('INVC/JUAL/271018/1540578668', 157, 40000, 20000, 0, 1),
('INVC/JUAL/271018/1540579285', 138, 10000, 8000, 0, 5),
('INVC/JUAL/271018/1540579285', 139, 30000, 20000, 0, 5),
('INVC/JUAL/271018/1540579285', 130, 10000, 8000, 0, 5),
('INVC/JUAL/271018/1540579285', 133, 30000, 20000, 0, 5),
('INVC/JUAL/271018/1540579285', 131, 30000, 20000, 0, 5),
('INVC/JUAL/271018/1540624964', 206, 20000, 8000, 0, 1),
('INVC/JUAL/271018/1540624994', 25, 25000, 10000, 0, 1),
('INVC/JUAL/271018/1540625784', 1, 0, 3500, 0, 1),
('INVC/JUAL/271018/1540625784', 185, 215000, 140000, 0, 1),
('INVC/JUAL/271018/1540625784', 191, 60000, 25000, 0, 1),
('INVC/JUAL/271018/1540625784', 188, 70000, 25000, 0, 1),
('INVC/JUAL/271018/1540625784', 22, 160000, 115000, 0, 1),
('INVC/JUAL/271018/1540625784', 154, 5000, 8000, 0, 1),
('INVC/JUAL/271018/1540625784', 11, 50000, 25000, 0, 1),
('INVC/JUAL/271018/1540627824', 206, 20000, 8000, 0, 1),
('INVC/JUAL/301018/1540866520', 176, 100000, 60000, 0, 1),
('INVC/JUAL/301018/1540866586', 231, 230000, 150000, 0, 1),
('INVC/JUAL/301018/1540866586', 150, 20000, 8000, 0, 1),
('INVC/JUAL/301018/1540866586', 13, 65000, 35000, 0, 1),
('INVC/JUAL/301018/1540866607', 176, 100000, 60000, 0, 1),
('INVC/JUAL/301018/1540866631', 37, 20000, 8000, 0, 2),
('INVC/JUAL/301018/1540866649', 25, 25000, 10000, 0, 1),
('INVC/JUAL/301018/1540866670', 195, 250000, 195000, 0, 1),
('INVC/JUAL/301018/1540866705', 216, 190000, 140000, 0, 1),
('INVC/JUAL/301018/1540866705', 1, 0, 3500, 0, 1),
('INVC/JUAL/301018/1540916937', 1, 0, 3500, 0, 1),
('INVC/JUAL/301018/1540916937', 83, 150000, 105000, 0, 1),
('INVC/JUAL/301018/1540916987', 1, 0, 3500, 0, 1),
('INVC/JUAL/301018/1540916987', 231, 230000, 150000, 0, 1),
('INVC/JUAL/301018/1540917055', 76, 100000, 50000, 0, 1),
('INVC/JUAL/301018/1540917055', 1, 0, 3500, 0, 1),
('INVC/JUAL/301018/1540917125', 233, 160000, 125000, 0, 2),
('INVC/JUAL/301018/1540917235', 1, 0, 3500, 0, 2),
('INVC/JUAL/301018/1540917235', 64, 170000, 58000, 0, 1),
('INVC/JUAL/301018/1540917235', 14, 65000, 35000, 0, 1),
('INVC/JUAL/301018/1540917294', 82, 150000, 105000, 0, 1),
('INVC/JUAL/301018/1540917329', 96, 100000, 50000, 0, 1),
('INVC/JUAL/301018/1540917329', 1, 0, 3500, 0, 0),
('INVC/JUAL/301018/1540918346', 25, 25000, 10000, 0, 1),
('INVC/JUAL/301018/1540918346', 218, 190000, 140000, 0, 1),
('INVC/JUAL/311018/1540990879', 76, 100000, 50000, 0, 1),
('INVC/JUAL/311018/1540990879', 1, 0, 3500, 0, 1),
('INVC/JUAL/311018/1540991191', 138, 20000, 8000, 0, 1),
('INVC/JUAL/311018/1540991191', 67, 130000, 90000, 0, 1),
('INVC/JUAL/311018/1540991191', 1, 0, 3500, 0, 0),
('INVC/JUAL/311018/1540991460', 193, 200000, 145000, 0, 1),
('INVC/JUAL/311018/1540991460', 1, 0, 3500, 0, 1),
('INVC/JUAL/311018/1540991460', 208, 40000, 20000, 0, 1),
('INVC/JUAL/311018/1540991529', 82, 150000, 105000, 0, 1),
('INVC/JUAL/311018/1540991529', 1, 0, 3500, 0, 1),
('INVC/JUAL/311018/1540991657', 228, 100000, 50000, 0, 1),
('INVC/JUAL/311018/1540991848', 194, 250000, 195000, 0, 1),
('INVC/JUAL/311018/1540992135', 173, 100000, 60000, 0, 1),
('INVC/JUAL/311018/1540992135', 192, 65000, 45000, 0, 1),
('INVC/JUAL/311018/1540992135', 196, 185000, 150000, 0, 1),
('INVC/JUAL/311018/1540992135', 195, 250000, 195000, 0, 1),
('INVC/JUAL/311018/1540992135', 197, 15000, 19000, 0, 2),
('INVC/JUAL/011118/1541006352', 165, 20000, 8000, 0, 1),
('INVC/JUAL/011118/1541006352', 72, 10000, 2500, 0, 1),
('INVC/JUAL/011118/1541006352', 39, 35000, 18000, 0, 1),
('INVC/JUAL/021118/1541101627', 195, 250000, 195000, 0, 1),
('INVC/JUAL/021118/1541101723', 130, 20000, 8000, 20000, 5),
('INVC/JUAL/021118/1541101723', 12, 50000, 20000, 0, 1),
('INVC/JUAL/021118/1541101723', 41, 0, 9300, 0, 1),
('INVC/JUAL/021118/1541101918', 221, 100000, 60000, 0, 1),
('INVC/JUAL/021118/1541101918', 1, 0, 3500, 0, 2),
('INVC/JUAL/021118/1541101918', 232, 230000, 195000, 0, 1),
('INVC/JUAL/021118/1541101918', 150, 20000, 8000, 0, 1),
('INVC/JUAL/021118/1541102022', 6, 50000, 10000, 0, 1),
('INVC/JUAL/021118/1541102022', 156, 40000, 20000, 0, 1),
('INVC/JUAL/021118/1541102022', 64, 170000, 58000, 0, 1),
('INVC/JUAL/021118/1541102022', 1, 0, 3500, 0, 1),
('INVC/JUAL/021118/1541163558', 76, 100000, 50000, 0, 1),
('INVC/JUAL/021118/1541163558', 1, 0, 3500, 0, 1),
('INVC/JUAL/021118/1541163620', 69, 175000, 250000, 0, 1),
('INVC/JUAL/021118/1541163755', 206, 20000, 8000, 10000, 3),
('INVC/JUAL/021118/1541163785', 153, 40000, 20000, 0, 1),
('INVC/JUAL/021118/1541163839', 132, 40000, 20000, 0, 1),
('INVC/JUAL/021118/1541163977', 22, 160000, 115000, 0, 1),
('INVC/JUAL/021118/1541163977', 231, 230000, 150000, 0, 1),
('INVC/JUAL/021118/1541163977', 152, 40000, 20000, 0, 1),
('INVC/JUAL/021118/1541163977', 5, 50000, 10000, 0, 1),
('INVC/JUAL/021118/1541164128', 1, 0, 3500, 0, 2),
('INVC/JUAL/021118/1541164128', 240, 100000, 60000, 0, 1),
('INVC/JUAL/021118/1541168140', 66, 130000, 90000, 0, 1),
('INVC/JUAL/021118/1541168140', 140, 40000, 20000, 0, 1),
('INVC/JUAL/021118/1541168140', 78, 100000, 50000, 0, 1),
('INVC/JUAL/021118/1541168140', 8, 50000, 18000, 0, 1),
('INVC/JUAL/021118/1541169392', 25, 25000, 10000, 0, 1),
('INVC/JUAL/031118/1541252756', 18, 65000, 35000, 0, 1),
('INVC/JUAL/031118/1541252756', 133, 40000, 20000, 0, 1),
('INVC/JUAL/031118/1541253849', 67, 130000, 90000, 0, 1),
('INVC/JUAL/031118/1541253849', 12, 50000, 20000, 0, 1),
('INVC/JUAL/031118/1541253849', 209, 40000, 20000, 0, 0),
('INVC/JUAL/041118/1541333326', 191, 60000, 25000, 0, 2),
('INVC/JUAL/041118/1541333326', 188, 70000, 25000, 0, 2),
('INVC/JUAL/041118/1541333326', 186, 150000, 100000, 0, 1),
('INVC/JUAL/041118/1541333326', 185, 215000, 140000, 0, 1),
('INVC/JUAL/041118/1541333326', 6, 50000, 10000, 0, 1),
('INVC/JUAL/041118/1541333326', 154, 20000, 8000, 0, 2),
('INVC/JUAL/041118/1541333326', 5, 85000, 10000, 0, 1),
('INVC/JUAL/041118/1541333326', 1, 0, 3500, 0, 2),
('INVC/JUAL/041118/1541333364', 193, 200000, 145000, 0, 1),
('INVC/JUAL/041118/1541333679', 221, 100000, 60000, 0, 1),
('INVC/JUAL/041118/1541333679', 72, 10000, 2500, 0, 1),
('INVC/JUAL/041118/1541336108', 86, 100000, 50000, 0, 1),
('INVC/JUAL/041118/1541336108', 66, 130000, 90000, 0, 1),
('INVC/JUAL/041118/1541336108', 1, 0, 3500, 0, 1),
('INVC/JUAL/051118/1541384882', 118, 0, 8000, 0, 1),
('INVC/JUAL/051118/1541387283', 206, 20000, 8000, 0, 1),
('INVC/JUAL/061118/1541438447', 25, 25000, 10000, 0, 1),
('INVC/JUAL/061118/1541438511', 171, 100000, 60000, 0, 1),
('INVC/JUAL/071118/1541551937', 131, 40000, 20000, 0, 1),
('INVC/JUAL/071118/1541551937', 130, 20000, 8000, 0, 1),
('INVC/JUAL/071118/1541551937', 141, 40000, 20000, 0, 1),
('INVC/JUAL/071118/1541552045', 191, 60000, 25000, 0, 1),
('INVC/JUAL/071118/1541552045', 188, 70000, 25000, 0, 1),
('INVC/JUAL/071118/1541552045', 57, 200000, 140000, 0, 1),
('INVC/JUAL/071118/1541552045', 6, 50000, 10000, 0, 1),
('INVC/JUAL/071118/1541552045', 154, 20000, 8000, 0, 1),
('INVC/JUAL/071118/1541552045', 1, 0, 3500, 0, 1),
('INVC/JUAL/091118/1541736691', 235, 100000, 60000, 0, 1),
('INVC/JUAL/091118/1541736750', 1, 0, 3500, 0, 2),
('INVC/JUAL/091118/1541736750', 67, 130000, 90000, 0, 1),
('INVC/JUAL/091118/1541736750', 66, 130000, 90000, 0, 1),
('INVC/JUAL/091118/1541736791', 66, 130000, 90000, 0, 1),
('INVC/JUAL/091118/1541736791', 215, 35000, 25000, 0, 1),
('INVC/JUAL/091118/1541736841', 195, 250000, 195000, 0, 1),
('INVC/JUAL/091118/1541736841', 1, 0, 3500, 0, 1),
('INVC/JUAL/091118/1541736841', 82, 150000, 105000, 0, 1),
('INVC/JUAL/111118/1541944814', 191, 60000, 25000, 0, 1),
('INVC/JUAL/111118/1541944814', 188, 70000, 25000, 0, 1),
('INVC/JUAL/111118/1541944814', 187, 215000, 110000, 0, 1),
('INVC/JUAL/111118/1541944814', 154, 20000, 8000, 0, 2),
('INVC/JUAL/111118/1541944814', 157, 70000, 20000, 0, 1),
('INVC/JUAL/111118/1541944814', 22, 165000, 115000, 0, 1),
('INVC/JUAL/111118/1541944814', 1, 0, 3500, 0, 1),
('INVC/JUAL/111118/1541944863', 39, 35000, 18000, 0, 1),
('INVC/JUAL/111118/1541944863', 68, 60000, 40000, 0, 1),
('INVC/JUAL/111118/1541945447', 32, 40000, 29000, 0, 1),
('INVC/JUAL/111118/1541945447', 41, 20000, 9300, 0, 1),
('INVC/JUAL/111118/1541945537', 32, 0, 29000, 0, 1),
('INVC/JUAL/111118/1541945537', 138, 0, 8000, 0, 1),
('INVC/JUAL/111118/1541945537', 130, 0, 8000, 0, 1),
('INVC/JUAL/111118/1541945682', 66, 130000, 90000, 0, 1),
('INVC/JUAL/111118/1541945682', 5, 50000, 10000, 0, 1),
('INVC/JUAL/111118/1541945682', 139, 40000, 20000, 0, 1),
('INVC/JUAL/111118/1541945682', 1, 0, 3500, 0, 2),
('INVC/JUAL/111118/1541945773', 97, 100000, 50000, 0, 1),
('INVC/JUAL/111118/1541945773', 1, 0, 3500, 0, 1),
('INVC/JUAL/111118/1541946092', 138, 20000, 8000, 0, 1),
('INVC/JUAL/111118/1541946092', 64, 150000, 58000, 0, 1),
('INVC/JUAL/111118/1541946092', 34, 20000, 0, 0, 1),
('INVC/JUAL/111118/1541946092', 22, 160000, 115000, 0, 1),
('INVC/JUAL/111118/1541946092', 39, 20000, 18000, 0, 1),
('INVC/JUAL/111118/1541946143', 207, 40000, 20000, 0, 1),
('INVC/JUAL/111118/1541946143', 82, 150000, 105000, 0, 1),
('INVC/JUAL/111118/1541946143', 196, 185000, 150000, 0, 1),
('INVC/JUAL/111118/1541946171', 25, 25000, 10000, 0, 2),
('INVC/JUAL/111118/1541946921', 138, 0, 8000, 0, 1),
('INVC/JUAL/111118/1541946921', 206, 20000, 8000, 20000, 3),
('INVC/JUAL/111118/1541946921', 37, 20000, 8000, 0, 2),
('INVC/JUAL/111118/1541946921', 116, 0, 20000, 0, 1),
('INVC/JUAL/111118/1541946921', 23, 260000, 235000, 0, 1),
('INVC/JUAL/121118/1542040372', 194, 250000, 195000, 0, 1),
('INVC/JUAL/121118/1542040372', 1, 0, 3500, 0, 1),
('INVC/JUAL/121118/1542040533', 206, 20000, 8000, 0, 1),
('INVC/JUAL/121118/1542040641', 138, 20000, 8000, 0, 1),
('INVC/JUAL/121118/1542040641', 238, 100000, 60000, 0, 1),
('INVC/JUAL/121118/1542040710', 146, 20000, 8000, 20000, 5),
('INVC/JUAL/121118/1542040902', 25, 25000, 10000, 0, 1),
('INVC/JUAL/121118/1542040902', 39, 35000, 18000, 0, 1),
('INVC/JUAL/121118/1542040902', 72, 0, 2500, 0, 1),
('INVC/JUAL/121118/1542040902', 165, 20000, 8000, 0, 1),
('INVC/JUAL/121118/1542040902', 142, 20000, 8000, 0, 1),
('INVC/JUAL/121118/1542040902', 173, 100000, 60000, 0, 1),
('INVC/JUAL/121118/1542041209', 178, 100000, 50000, 0, 1),
('INVC/JUAL/121118/1542041266', 25, 25000, 10000, 0, 1),
('INVC/JUAL/121118/1542041266', 179, 20000, 8000, 0, 2),
('INVC/JUAL/121118/1542041266', 8, 50000, 18000, 0, 1),
('INVC/JUAL/121118/1542041356', 64, 170000, 58000, 0, 1),
('INVC/JUAL/121118/1542041356', 8, 50000, 18000, 0, 1),
('INVC/JUAL/121118/1542041356', 157, 40000, 20000, 0, 1),
('INVC/JUAL/121118/1542041356', 1, 0, 0, 0, 1),
('INVC/JUAL/121118/1542041517', 209, 40000, 20000, 0, 1),
('INVC/JUAL/121118/1542041517', 206, 20000, 8000, 0, 1),
('INVC/JUAL/141118/1542160977', 64, 160000, 58000, 0, 1),
('INVC/JUAL/141118/1542160977', 155, 40000, 20000, 0, 1),
('INVC/JUAL/141118/1542160977', 8, 50000, 18000, 0, 1),
('INVC/JUAL/141118/1542160977', 213, 460000, 390000, 0, 1),
('INVC/JUAL/141118/1542160977', 99, 100000, 50000, 0, 0),
('INVC/JUAL/141118/1542161008', 241, 50000, 27000, 0, 1),
('INVC/JUAL/141118/1542161034', 25, 25000, 10000, 0, 2),
('INVC/JUAL/141118/1542197369', 98, 100000, 50000, 0, 1),
('INVC/JUAL/141118/1542197369', 1, 0, 3500, 0, 1),
('INVC/JUAL/141118/1542198986', 237, 100000, 60000, 0, 1),
('INVC/JUAL/141118/1542199281', 1, 0, 3500, 0, 1),
('INVC/JUAL/141118/1542199281', 59, 310000, 210000, 0, 1),
('INVC/JUAL/141118/1542205319', 242, 30000, 25000, 0, 1),
('INVC/JUAL/161118/1542304089', 32, 40000, 29000, 0, 1),
('INVC/JUAL/161118/1542304089', 25, 25000, 10000, 0, 1),
('INVC/JUAL/161118/1542304159', 231, 220000, 150000, 0, 1),
('INVC/JUAL/161118/1542304159', 1, 0, 3500, 0, 2),
('INVC/JUAL/161118/1542304159', 97, 100000, 50000, 0, 1),
('INVC/JUAL/161118/1542304555', 25, 25000, 10000, 0, 2),
('INVC/JUAL/161118/1542304620', 138, 20000, 8000, 0, 1),
('INVC/JUAL/161118/1542304620', 206, 20000, 8000, 0, 1),
('INVC/JUAL/161118/1542304620', 72, 10000, 2500, 0, 1),
('INVC/JUAL/181118/1542534105', 39, 35000, 18000, 0, 1),
('INVC/JUAL/181118/1542534249', 191, 60000, 25000, 0, 1),
('INVC/JUAL/181118/1542534249', 188, 70000, 25000, 0, 1),
('INVC/JUAL/181118/1542534249', 185, 220000, 140000, 0, 1),
('INVC/JUAL/181118/1542534430', 39, 35000, 18000, 0, 1),
('INVC/JUAL/181118/1542534593', 67, 130000, 90000, 0, 1),
('INVC/JUAL/181118/1542534700', 220, 190000, 100000, 0, 1),
('INVC/JUAL/181118/1542534700', 156, 40000, 20000, 0, 1),
('INVC/JUAL/181118/1542534700', 6, 50000, 10000, 0, 1),
('INVC/JUAL/181118/1542534700', 1, 0, 3500, 0, 1),
('INVC/JUAL/181118/1542534820', 64, 170000, 58000, 0, 1),
('INVC/JUAL/181118/1542534820', 6, 50000, 10000, 0, 1),
('INVC/JUAL/181118/1542534820', 156, 40000, 20000, 0, 1),
('INVC/JUAL/181118/1542534820', 1, 0, 3500, 0, 1),
('INVC/JUAL/181118/1542534879', 128, 40000, 20000, 0, 1),
('INVC/JUAL/181118/1542534879', 71, 375000, 330000, 0, 1),
('INVC/JUAL/181118/1542534879', 1, 0, 3500, 0, 1),
('INVC/JUAL/181118/1542534974', 12, 50000, 20000, 0, 1),
('INVC/JUAL/181118/1542534974', 141, 40000, 20000, 0, 1),
('INVC/JUAL/181118/1542535020', 22, 160000, 115000, 0, 1),
('INVC/JUAL/181118/1542535020', 195, 250000, 195000, 0, 1),
('INVC/JUAL/211118/1542765480', 231, 220000, 150000, 0, 1),
('INVC/JUAL/211118/1542765480', 1, 0, 3500, 0, 1),
('INVC/JUAL/211118/1542765522', 35, 110000, 105000, 0, 1),
('INVC/JUAL/211118/1542765522', 19, 75000, 45000, 0, 1),
('INVC/JUAL/211118/1542765705', 1, 0, 3500, 0, 2),
('INVC/JUAL/211118/1542765705', 197, 30000, 19000, 0, 1),
('INVC/JUAL/211118/1542765705', 192, 65000, 45000, 0, 1),
('INVC/JUAL/211118/1542765769', 39, 0, 18000, 0, 2),
('INVC/JUAL/211118/1542765769', 32, 0, 29000, 0, 1),
('INVC/JUAL/211118/1542765769', 41, 0, 9300, 0, 1),
('INVC/JUAL/211118/1542765769', 1, 0, 3500, 0, 3),
('INVC/JUAL/211118/1542765814', 220, 190000, 100000, 0, 1),
('INVC/JUAL/211118/1542765814', 1, 0, 3500, 0, 1),
('INVC/JUAL/211118/1542765968', 39, 35000, 18000, 0, 2),
('INVC/JUAL/211118/1542765968', 180, 100000, 50000, 0, 1),
('INVC/JUAL/211118/1542766249', 199, 100000, 81000, 0, 1),
('INVC/JUAL/211118/1542766249', 204, 100000, 84000, 0, 1),
('INVC/JUAL/211118/1542766249', 195, 250000, 195000, 0, 1),
('INVC/JUAL/211118/1542766249', 198, 100000, 81000, 0, 1),
('INVC/JUAL/211118/1542766249', 1, 0, 3500, 0, 1),
('INVC/JUAL/211118/1542766277', 243, 175000, 150000, 0, 1),
('INVC/JUAL/211118/1542766277', 141, 40000, 20000, 0, 1),
('INVC/JUAL/211118/1542819031', 76, 100000, 50000, 0, 0),
('INVC/JUAL/211118/1542819031', 141, 40000, 20000, 0, 1),
('INVC/JUAL/211118/1542819031', 1, 0, 3500, 0, 2),
('INVC/JUAL/211118/1542819093', 140, 40000, 20000, 0, 1),
('INVC/JUAL/211118/1542819126', 154, 20000, 8000, 0, 1),
('INVC/JUAL/211118/1542819174', 25, 25000, 10000, 0, 2),
('INVC/JUAL/211118/1542819174', 142, 20000, 8000, 0, 1),
('INVC/JUAL/211118/1542819259', 243, 175000, 150000, 0, 1),
('INVC/JUAL/211118/1542819259', 141, 40000, 20000, 0, 1),
('INVC/JUAL/211118/1542819307', 25, 25000, 10000, 0, 1),
('INVC/JUAL/211118/1542819307', 126, 20000, 8000, 0, 2),
('INVC/JUAL/221118/1542820968', 131, 40000, 20000, 0, 1),
('INVC/JUAL/221118/1542820968', 244, 150000, 110000, 0, 1),
('INVC/JUAL/221118/1542820968', 33, 10000, 3000, 0, 1),
('INVC/JUAL/221118/1542820968', 181, 100000, 50000, 0, 1),
('INVC/JUAL/221118/1542901067', 194, 250000, 200000, 0, 1),
('INVC/JUAL/221118/1542901067', 210, 40000, 20000, 0, 1),
('INVC/JUAL/221118/1542901067', 1, 0, 3500, 0, 3),
('INVC/JUAL/221118/1542901151', 127, 40000, 20000, 0, 1),
('INVC/JUAL/221118/1542901151', 231, 230000, 150000, 0, 1),
('INVC/JUAL/221118/1542901192', 25, 25000, 10000, 0, 1),
('INVC/JUAL/221118/1542901192', 26, 18000, 10000, 0, 1),
('INVC/JUAL/221118/1542901354', 39, 35000, 18000, 0, 1),
('INVC/JUAL/221118/1542901354', 193, 200000, 145000, 0, 1),
('INVC/JUAL/221118/1542901354', 206, 0, 8000, 0, 1),
('INVC/JUAL/221118/1542901354', 23, 265000, 235000, 0, 1),
('INVC/JUAL/221118/1542902736', 39, 35000, 18000, 0, 1),
('INVC/JUAL/221118/1542902736', 118, 20000, 8000, 0, 1),
('INVC/JUAL/231118/1542973579', 188, 70000, 25000, 0, 1),
('INVC/JUAL/231118/1542973579', 191, 60000, 25000, 0, 1),
('INVC/JUAL/231118/1542973579', 154, 5000, 8000, 0, 1),
('INVC/JUAL/231118/1542973579', 6, 50000, 10000, 0, 1),
('INVC/JUAL/231118/1542973579', 185, 215000, 140000, 0, 1),
('INVC/JUAL/231118/1542973579', 1, 0, 3500, 0, 1),
('INVC/JUAL/231118/1542973612', 1, 0, 3500, 0, 1),
('INVC/JUAL/231118/1542973612', 243, 175000, 150000, 0, 1),
('INVC/JUAL/231118/1542973612', 141, 40000, 20000, 0, 1),
('INVC/JUAL/231118/1542973636', 192, 65000, 45000, 0, 1),
('INVC/JUAL/231118/1542973636', 154, 20000, 8000, 0, 1),
('INVC/JUAL/231118/1542973854', 246, 100000, 50000, 0, 1),
('INVC/JUAL/241118/1542993178', 191, 60000, 25000, 0, 1),
('INVC/JUAL/241118/1542993178', 188, 70000, 25000, 0, 1),
('INVC/JUAL/241118/1542993178', 185, 220000, 140000, 0, 1),
('INVC/JUAL/241118/1542995686', 194, 250000, 200000, 0, 1),
('INVC/JUAL/241118/1542995686', 1, 0, 3500, 0, 1),
('INVC/JUAL/241118/1543023871', 39, 35000, 18000, 0, 1),
('INVC/JUAL/241118/1543024364', 39, 35000, 18000, 0, 1),
('INVC/JUAL/251118/1543081212', 39, 35000, 18000, 0, 1),
('INVC/JUAL/251118/1543082464', 39, 35000, 18000, 0, 1),
('INVC/JUAL/251118/1543082464', 242, 30000, 25000, 0, 1),
('INVC/JUAL/261118/1543207132', 231, 230000, 150000, 0, 1),
('INVC/JUAL/261118/1543207132', 232, 220000, 195000, 0, 1),
('INVC/JUAL/261118/1543208938', 164, 40000, 20000, 0, 1),
('INVC/JUAL/261118/1543208938', 165, 20000, 8000, 0, 2),
('INVC/JUAL/261118/1543208938', 72, 10000, 2500, 0, 1),
('INVC/JUAL/261118/1543208938', 17, 65000, 35000, 0, 1),
('INVC/JUAL/261118/1543209023', 165, 20000, 8000, 0, 1),
('INVC/JUAL/261118/1543209023', 206, 20000, 8000, 0, 1),
('INVC/JUAL/261118/1543209023', 25, 25000, 10000, 0, 1),
('INVC/JUAL/261118/1543209023', 231, 230000, 85000, 0, 1),
('INVC/JUAL/261118/1543235339', 249, 150000, 65000, 0, 1),
('INVC/JUAL/261118/1543235339', 150, 20000, 8000, 0, 1),
('INVC/JUAL/261118/1543235339', 5, 50000, 10000, 0, 1),
('INVC/JUAL/261118/1543235339', 22, 160000, 115000, 0, 1),
('INVC/JUAL/261118/1543235484', 220, 170000, 100000, 0, 1),
('INVC/JUAL/261118/1543235484', 157, 40000, 20000, 0, 1),
('INVC/JUAL/261118/1543235484', 6, 50000, 10000, 0, 1),
('INVC/JUAL/261118/1543235645', 243, 150000, 90000, 0, 1),
('INVC/JUAL/261118/1543235645', 236, 100000, 60000, 0, 1),
('INVC/JUAL/261118/1543242355', 25, 25000, 10000, 0, 1),
('INVC/JUAL/261118/1543242380', 61, 185000, 170000, 0, 1),
('INVC/JUAL/271118/1543293098', 248, 175000, 70000, 0, 1),
('INVC/JUAL/281118/1543338585', 244, 160000, 110000, 0, 1),
('INVC/JUAL/281118/1543338585', 41, 20000, 9300, 0, 2),
('INVC/JUAL/281118/1543338585', 251, 150000, 110000, 0, 2),
('INVC/JUAL/281118/1543338649', 237, 100000, 60000, 0, 1),
('INVC/JUAL/281118/1543338773', 241, 50000, 27000, 0, 1),
('INVC/JUAL/281118/1543338773', 6, 50000, 10000, 0, 1),
('INVC/JUAL/281118/1543338773', 141, 40000, 20000, 0, 1),
('INVC/JUAL/281118/1543339309', 150, 0, 8000, 0, 1),
('INVC/JUAL/281118/1543339309', 14, 65000, 35000, 0, 1),
('INVC/JUAL/281118/1543339309', 139, 40000, 20000, 0, 1),
('INVC/JUAL/281118/1543339309', 72, 10000, 2500, 0, 2),
('INVC/JUAL/281118/1543339309', 41, 20000, 9300, 0, 1),
('INVC/JUAL/281118/1543339309', 34, 30000, 0, 0, 1),
('INVC/JUAL/291118/1543445756', 248, 175000, 130000, 0, 1),
('INVC/JUAL/291118/1543445756', 1, 0, 3500, 0, 5),
('INVC/JUAL/291118/1543445794', 235, 100000, 60000, 0, 1),
('INVC/JUAL/291118/1543445824', 82, 150000, 105000, 0, 1),
('INVC/JUAL/291118/1543445841', 25, 25000, 10000, 0, 3),
('INVC/JUAL/291118/1543446066', 82, 150000, 105000, 0, 1),
('INVC/JUAL/291118/1543446066', 253, 40000, 20000, 0, 1),
('INVC/JUAL/291118/1543446066', 194, 250000, 185000, 0, 1),
('INVC/JUAL/291118/1543446066', 206, 15000, 8000, 0, 1),
('INVC/JUAL/291118/1543446156', 206, 20000, 8000, 0, 2),
('INVC/JUAL/291118/1543449556', 243, 150000, 90000, 0, 1),
('INVC/JUAL/291118/1543449556', 141, 40000, 20000, 0, 1),
('INVC/JUAL/291118/1543493632', 118, 20000, 8000, 0, 1),
('INVC/JUAL/291118/1543493632', 119, 40000, 20000, 0, 1),
('INVC/JUAL/291118/1543493770', 231, 200000, 180000, 0, 1),
('INVC/JUAL/291118/1543507865', 253, 40000, 20000, 0, 1),
('INVC/JUAL/291118/1543507865', 25, 25000, 10000, 0, 1),
('INVC/JUAL/291118/1543507865', 39, 35000, 18000, 0, 1),
('INVC/JUAL/011218/1543650775', 254, 580000, 435000, 0, 1),
('INVC/JUAL/011218/1543650775', 140, 40000, 20000, 0, 1),
('INVC/JUAL/011218/1543650775', 23, 260000, 245000, 0, 1),
('INVC/JUAL/011218/1543650775', 6, 50000, 10000, 0, 1),
('INVC/JUAL/011218/1543650775', 72, 0, 2500, 0, 2),
('INVC/JUAL/011218/1543650775', 151, 40000, 20000, 0, 1),
('INVC/JUAL/011218/1543650775', 5, 50000, 10000, 0, 1),
('INVC/JUAL/011218/1543650775', 47, 150000, 100000, 0, 1),
('INVC/JUAL/011218/1543650775', 76, 100000, 50000, 0, 1),
('INVC/JUAL/011218/1543650930', 193, 200000, 145000, 0, 1),
('INVC/JUAL/011218/1543650930', 210, 40000, 20000, 0, 1),
('INVC/JUAL/011218/1543650930', 39, 35000, 18000, 0, 1),
('INVC/JUAL/011218/1543650930', 72, 10000, 2500, 0, 1),
('INVC/JUAL/011218/1543650965', 76, 100000, 50000, 0, 2),
('INVC/JUAL/011218/1543651034', 28, 70000, 56000, 0, 1),
('INVC/JUAL/011218/1543651034', 165, 20000, 8000, 0, 1),
('INVC/JUAL/011218/1543651034', 29, 50000, 35000, 0, 1),
('INVC/JUAL/011218/1543651034', 39, 35000, 18000, 0, 1),
('INVC/JUAL/011218/1543651198', 79, 100000, 50000, 0, 1),
('INVC/JUAL/011218/1543651198', 251, 175000, 110000, 0, 1),
('INVC/JUAL/011218/1543651198', 152, 50000, 20000, 0, 1),
('INVC/JUAL/011218/1543662363', 34, 30000, 0, 0, 1),
('INVC/JUAL/011218/1543662363', 71, 390000, 330000, 0, 1),
('INVC/JUAL/011218/1543662363', 98, 100000, 50000, 0, 1),
('INVC/JUAL/011218/1543662363', 63, 185000, 170000, 0, 1),
('INVC/JUAL/011218/1543662363', 27, 70000, 56000, 0, 1),
('INVC/JUAL/011218/1543662363', 41, 20000, 9300, 0, 1),
('INVC/JUAL/011218/1543662363', 25, 25000, 10000, 0, 1),
('INVC/JUAL/011218/1543662363', 67, 130000, 90000, 0, 1),
('INVC/JUAL/031218/1543850686', 248, 175000, 110000, 0, 2),
('INVC/JUAL/031218/1543850686', 140, 40000, 20000, 0, 1),
('INVC/JUAL/031218/1543852691', 251, 15000, 110000, 0, 1),
('INVC/JUAL/031218/1543852691', 231, 190000, 180000, 0, 1),
('INVC/JUAL/031218/1543852691', 63, 175000, 170000, 0, 1),
('INVC/JUAL/031218/1543852691', 206, 10000, 8000, 0, 8),
('INVC/JUAL/031218/1543852691', 138, 10000, 8000, 0, 6),
('INVC/JUAL/031218/1543855205', 251, 175000, 110000, 0, 1),
('INVC/JUAL/031218/1543855205', 98, 100000, 50000, 0, 1),
('INVC/JUAL/031218/1543855572', 22, 160000, 115000, 0, 1),
('INVC/JUAL/031218/1543855572', 25, 25000, 10000, 0, 1),
('INVC/JUAL/031218/1543855572', 27, 70000, 56000, 0, 1),
('INVC/JUAL/031218/1543855572', 41, 20000, 9300, 0, 1),
('INVC/JUAL/031218/1543855572', 39, 35000, 18000, 0, 1),
('INVC/JUAL/031218/1543855572', 37, 20000, 8000, 0, 2),
('INVC/JUAL/031218/1543855572', 165, 20000, 8000, 0, 1),
('INVC/JUAL/041218/1543931239', 176, 100000, 60000, 0, 1),
('INVC/JUAL/041218/1543931239', 226, 100000, 50000, 0, 1),
('INVC/JUAL/041218/1543931239', 27, 70000, 56000, 0, 1),
('INVC/JUAL/041218/1543931239', 252, 60000, 30000, 0, 1),
('INVC/JUAL/041218/1543931239', 29, 25000, 35000, 0, 2),
('INVC/JUAL/041218/1543931239', 181, 100000, 50000, 0, 1),
('INVC/JUAL/041218/1543931239', 194, 250000, 185000, 0, 1),
('INVC/JUAL/051218/1544015314', 200, 100000, 81000, 0, 1),
('INVC/JUAL/051218/1544015314', 195, 250000, 185000, 0, 1),
('INVC/JUAL/051218/1544015314', 206, 20000, 8000, 0, 1),
('INVC/JUAL/051218/1544015386', 41, 0, 9300, 0, 1),
('INVC/JUAL/051218/1544015386', 252, 60000, 30000, 0, 1),
('INVC/JUAL/051218/1544015386', 139, 40000, 20000, 0, 1),
('INVC/JUAL/051218/1544015386', 12, 50000, 20000, 0, 1),
('INVC/JUAL/051218/1544026067', 248, 175000, 110000, 0, 1),
('INVC/JUAL/051218/1544026067', 245, 100000, 55000, 0, 1),
('INVC/JUAL/051218/1544026335', 38, 30000, 15000, 0, 1),
('INVC/JUAL/051218/1544026335', 242, 25000, 25000, 0, 1),
('INVC/JUAL/051218/1544026621', 41, 0, 9300, 0, 2),
('INVC/JUAL/051218/1544026621', 27, 70000, 56000, 0, 2),
('INVC/JUAL/051218/1544026621', 29, 50000, 35000, 0, 2),
('INVC/JUAL/051218/1544026621', 32, 40000, 25000, 0, 2),
('INVC/JUAL/051218/1544026621', 72, 10000, 2500, 0, 1),
('INVC/JUAL/051218/1544026621', 138, 20000, 8000, 0, 1),
('INVC/JUAL/051218/1544026621', 180, 100000, 50000, 0, 1),
('INVC/JUAL/071218/1544117725', 39, 35000, 18000, 0, 3),
('INVC/JUAL/071218/1544117725', 27, 0, 56000, 0, 1),
('INVC/JUAL/071218/1544117725', 29, 0, 35000, 0, 1),
('INVC/JUAL/071218/1544117725', 32, 0, 25000, 0, 1),
('INVC/JUAL/071218/1544117839', 130, 20000, 8000, 0, 1),
('INVC/JUAL/071218/1544117839', 9, 50000, 20000, 0, 1),
('INVC/JUAL/071218/1544117839', 54, 200000, 150000, 0, 1),
('INVC/JUAL/071218/1544117951', 25, 25000, 10000, 0, 1),
('INVC/JUAL/071218/1544117951', 41, 20000, 9300, 0, 1),
('INVC/JUAL/071218/1544117951', 243, 150000, 90000, 0, 1),
('INVC/JUAL/071218/1544117951', 139, 40000, 20000, 0, 1),
('INVC/JUAL/071218/1544117951', 39, 35000, 18000, 0, 1),
('INVC/JUAL/081218/1544242521', 25, 25000, 10000, 0, 1),
('INVC/JUAL/081218/1544242521', 141, 5000, 20000, 0, 1),
('INVC/JUAL/081218/1544242521', 220, 170000, 100000, 0, 1),
('INVC/JUAL/081218/1544242521', 157, 40000, 20000, 0, 1),
('INVC/JUAL/081218/1544242521', 8, 50000, 18000, 0, 1),
('INVC/JUAL/081218/1544245940', 25, 25000, 10000, 0, 1),
('INVC/JUAL/081218/1544245940', 29, 50000, 35000, 0, 1),
('INVC/JUAL/081218/1544245940', 30, 50000, 40000, 0, 1),
('INVC/JUAL/081218/1544245940', 27, 70000, 56000, 0, 1),
('INVC/JUAL/081218/1544260894', 140, 40000, 20000, 0, 1),
('INVC/JUAL/081218/1544260894', 252, 60000, 30000, 0, 2),
('INVC/JUAL/081218/1544261621', 90, 100000, 50000, 0, 1),
('INVC/JUAL/091218/1544349223', 27, 70000, 56000, 0, 1),
('INVC/JUAL/091218/1544349223', 194, 250000, 185000, 0, 1),
('INVC/JUAL/091218/1544349223', 244, 150000, 110000, 0, 1),
('INVC/JUAL/101218/1544438939', 30, 50000, 40000, 0, 1),
('INVC/JUAL/101218/1544453411', 231, 200000, 180000, 0, 1),
('INVC/JUAL/101218/1544453411', 138, 20000, 8000, 0, 1),
('INVC/JUAL/101218/1544453474', 141, 40000, 20000, 0, 1),
('INVC/JUAL/101218/1544453474', 231, 170000, 180000, 0, 1),
('INVC/JUAL/111218/1544542015', 142, 20000, 8000, 0, 2),
('INVC/JUAL/111218/1544542015', 144, 40000, 20000, 0, 2),
('INVC/JUAL/111218/1544542143', 27, 70000, 56000, 0, 1),
('INVC/JUAL/111218/1544542143', 158, 20000, 8000, 0, 1),
('INVC/JUAL/111218/1544542143', 32, 40000, 25000, 0, 2),
('INVC/JUAL/111218/1544542143', 29, 50000, 35000, 0, 1),
('INVC/JUAL/111218/1544542143', 28, 70000, 56000, 0, 1),
('INVC/JUAL/111218/1544542143', 41, 20000, 9300, 0, 2),
('INVC/JUAL/111218/1544542266', 29, 50000, 35000, 0, 1),
('INVC/JUAL/111218/1544542266', 32, 40000, 25000, 0, 1),
('INVC/JUAL/111218/1544542326', 142, 20000, 8000, 0, 1),
('INVC/JUAL/111218/1544542326', 145, 40000, 20000, 0, 1),
('INVC/JUAL/111218/1544542326', 129, 40000, 20000, 0, 1),
('INVC/JUAL/111218/1544542434', 6, 50000, 10000, 0, 1),
('INVC/JUAL/111218/1544542434', 154, 20000, 8000, 0, 1),
('INVC/JUAL/111218/1544542584', 38, 30000, 15000, 0, 1),
('INVC/JUAL/111218/1544542584', 206, 20000, 8000, 0, 1),
('INVC/JUAL/121218/1544613037', 222, 100000, 60000, 0, 1),
('INVC/JUAL/121218/1544613037', 82, 150000, 105000, 0, 0),
('INVC/JUAL/121218/1544613037', 23, 260000, 245000, 0, 1),
('INVC/JUAL/121218/1544613037', 72, 10000, 2500, 0, 1),
('INVC/JUAL/121218/1544613169', 98, 100000, 50000, 0, 1),
('INVC/JUAL/121218/1544617613', 64, 170000, 58000, 0, 1),
('INVC/JUAL/121218/1544617613', 6, 50000, 10000, 0, 1),
('INVC/JUAL/121218/1544617613', 156, 40000, 20000, 0, 1),
('INVC/JUAL/121218/1544624089', 32, 40000, 25000, 0, 1),
('INVC/JUAL/121218/1544624089', 67, 130000, 90000, 0, 1),
('INVC/JUAL/141218/1544724422', 225, 100000, 50000, 0, 1),
('INVC/JUAL/141218/1544724422', 25, 25000, 10000, 0, 1),
('INVC/JUAL/141218/1544724422', 252, 60000, 30000, 0, 1),
('INVC/JUAL/141218/1544724422', 39, 35000, 18000, 0, 1),
('INVC/JUAL/141218/1544724422', 38, 30000, 15000, 0, 2),
('INVC/JUAL/141218/1544724422', 173, 105000, 60000, 0, 1),
('INVC/JUAL/141218/1544724422', 92, 100000, 50000, 0, 1),
('INVC/JUAL/141218/1544724422', 131, 0, 20000, 0, 1),
('INVC/JUAL/141218/1544724422', 81, 100000, 50000, 0, 1),
('INVC/JUAL/141218/1544724422', 251, 175000, 110000, 0, 1),
('INVC/JUAL/141218/1544772964', 86, 100000, 50000, 0, 1),
('INVC/JUAL/141218/1544772964', 243, 150000, 90000, 0, 1),
('INVC/JUAL/141218/1544779460', 154, 20000, 8000, 0, 1),
('INVC/JUAL/141218/1544779460', 32, 40000, 25000, 0, 1),
('INVC/JUAL/141218/1544791082', 257, 130000, 75000, 0, 1),
('INVC/JUAL/141218/1544791209', 218, 190000, 140000, 0, 1),
('INVC/JUAL/141218/1544791209', 76, 100000, 50000, 0, 1),
('INVC/JUAL/141218/1544791361', 193, 200000, 145000, 0, 1),
('INVC/JUAL/141218/1544791361', 206, 20000, 8000, 0, 1),
('INVC/JUAL/141218/1544791361', 192, 65000, 45000, 0, 1),
('INVC/JUAL/141218/1544795177', 22, 160000, 115000, 0, 1),
('INVC/JUAL/141218/1544795177', 41, 20000, 9300, 0, 1),
('INVC/JUAL/151218/1544853884', 208, 40000, 20000, 0, 1),
('INVC/JUAL/151218/1544853884', 257, 135000, 75000, 0, 1),
('INVC/JUAL/151218/1544853884', 242, 30000, 25000, 0, 1),
('INVC/JUAL/151218/1544853884', 29, 50000, 35000, 0, 1),
('INVC/JUAL/151218/1544853884', 41, 25000, 9300, 0, 1),
('INVC/JUAL/151218/1544853884', 32, 40000, 25000, 0, 1),
('INVC/JUAL/151218/1544853884', 64, 170000, 58000, 0, 1),
('INVC/JUAL/151218/1544853884', 5, 50000, 10000, 0, 1),
('INVC/JUAL/151218/1544853884', 156, 40000, 20000, 0, 1),
('INVC/JUAL/161218/1544931780', 257, 135000, 75000, 0, 1),
('INVC/JUAL/161218/1544975715', 257, 130000, 75000, 0, 1),
('INVC/JUAL/161218/1544975715', 220, 190000, 100000, 0, 1),
('INVC/JUAL/161218/1544975715', 245, 100000, 55000, 0, 1),
('INVC/JUAL/161218/1544975796', 26, 20000, 10000, 0, 2),
('INVC/JUAL/161218/1544975796', 252, 60000, 30000, 0, 2),
('INVC/JUAL/181218/1545072148', 22, 160000, 115000, 0, 1),
('INVC/JUAL/181218/1545072148', 34, 30000, 0, 0, 1),
('INVC/JUAL/181218/1545072148', 33, 10000, 3000, 0, 1),
('INVC/JUAL/181218/1545072148', 257, 140000, 75000, 0, 1),
('INVC/JUAL/181218/1545072148', 255, 750000, 630000, 0, 1),
('INVC/JUAL/181218/1545072148', 206, 0, 8000, 0, 1),
('INVC/JUAL/181218/1545072148', 195, 250000, 185000, 0, 1),
('INVC/JUAL/181218/1545072148', 246, 100000, 50000, 0, 1),
('INVC/JUAL/181218/1545072148', 70, 175000, 250000, 0, 1),
('INVC/JUAL/181218/1545072148', 220, 190000, 100000, 0, 1),
('INVC/JUAL/181218/1545072148', 257, 150000, 75000, 0, 1),
('INVC/JUAL/181218/1545072253', 193, 200000, 145000, 0, 1),
('INVC/JUAL/181218/1545072253', 208, 40000, 20000, 0, 1),
('INVC/JUAL/181218/1545072253', 246, 100000, 50000, 0, 1),
('INVC/JUAL/191218/1545221295', 25, 25000, 10000, 0, 1),
('INVC/JUAL/191218/1545221295', 141, 40000, 20000, 0, 1),
('INVC/JUAL/191218/1545221295', 8, 50000, 18000, 0, 1),
('INVC/JUAL/191218/1545221381', 32, 40000, 25000, 0, 1),
('INVC/JUAL/191218/1545221381', 130, 20000, 8000, 0, 2),
('INVC/JUAL/191218/1545221381', 248, 175000, 110000, 0, 1),
('INVC/JUAL/201218/1545283579', 34, 30000, 0, 0, 0),
('INVC/JUAL/201218/1545283579', 33, 10000, 3000, 0, 1),
('INVC/JUAL/201218/1545283579', 193, 200000, 145000, 0, 1),
('INVC/JUAL/201218/1545283579', 181, 100000, 50000, 0, 1),
('INVC/JUAL/201218/1545283579', 39, 20000, 18000, 0, 1),
('INVC/JUAL/201218/1545283769', 244, 150000, 110000, 0, 1),
('INVC/JUAL/201218/1545283769', 162, 40000, 20000, 0, 1),
('INVC/JUAL/201218/1545283769', 163, 40000, 20000, 0, 2),
('INVC/JUAL/211218/1545326323', 39, 35000, 18000, 0, 1),
('INVC/JUAL/211218/1545326323', 64, 150000, 58000, 0, 1),
('INVC/JUAL/211218/1545326323', 41, 25000, 9300, 0, 1),
('INVC/JUAL/211218/1545326323', 27, 70000, 56000, 0, 1),
('INVC/JUAL/211218/1545326323', 25, 25000, 10000, 0, 1),
('INVC/JUAL/211218/1545326323', 41, 20000, 9300, 0, 1),
('INVC/JUAL/221218/1545495165', 25, 25000, 10000, 0, 2),
('INVC/JUAL/221218/1545495165', 34, 20000, 0, 0, 1),
('INVC/JUAL/221218/1545495165', 38, 30000, 15000, 0, 1),
('INVC/JUAL/221218/1545495165', 41, 20000, 9300, 0, 2),
('INVC/JUAL/221218/1545495165', 27, 70000, 56000, 0, 1),
('INVC/JUAL/221218/1545495165', 253, 40000, 20000, 0, 1),
('INVC/JUAL/221218/1545495165', 140, 40000, 20000, 0, 2),
('INVC/JUAL/221218/1545495165', 5, 50000, 10000, 0, 1),
('INVC/JUAL/221218/1545495165', 67, 130000, 90000, 0, 1),
('INVC/JUAL/221218/1545495165', 6, 50000, 10000, 0, 1),
('INVC/JUAL/221218/1545495165', 38, 30000, 15000, 0, 1),
('INVC/JUAL/221218/1545495165', 23, 260000, 245000, 0, 1),
('INVC/JUAL/241218/1545644967', 39, 35000, 18000, 0, 1),
('INVC/JUAL/241218/1545644967', 25, 25000, 10000, 0, 1),
('INVC/JUAL/241218/1545644967', 28, 70000, 56000, 0, 1),
('INVC/JUAL/241218/1545644967', 41, 20000, 9300, 0, 1),
('INVC/JUAL/241218/1545647429', 27, 70000, 56000, 0, 3),
('INVC/JUAL/241218/1545647429', 28, 70000, 56000, 0, 3),
('INVC/JUAL/241218/1545647429', 32, 40000, 25000, 0, 1),
('INVC/JUAL/241218/1545647429', 41, 20000, 9300, 40000, 2),
('INVC/JUAL/251218/1545721029', 195, 240000, 185000, 0, 1),
('INVC/JUAL/251218/1545721029', 220, 190000, 100000, 0, 1),
('INVC/JUAL/251218/1545721029', 156, 40000, 20000, 0, 1),
('INVC/JUAL/251218/1545721029', 5, 50000, 10000, 0, 1),
('INVC/JUAL/251218/1545721029', 243, 150000, 90000, 0, 1),
('INVC/JUAL/251218/1545721029', 138, 20000, 8000, 0, 1),
('INVC/JUAL/251218/1545721127', 83, 150000, 105000, 0, 1),
('INVC/JUAL/251218/1545721127', 195, 240000, 185000, 0, 1),
('INVC/JUAL/251218/1545721127', 30, 50000, 40000, 0, 1),
('INVC/JUAL/271218/1545885536', 39, 35000, 18000, 0, 1),
('INVC/JUAL/271218/1545885536', 25, 25000, 10000, 0, 1),
('INVC/JUAL/271218/1545885536', 258, 80000, 40000, 0, 1),
('INVC/JUAL/271218/1545885536', 154, 20000, 8000, 0, 1),
('INVC/JUAL/271218/1545885648', 257, 125000, 65000, 0, 2),
('INVC/JUAL/271218/1545885648', 72, 10000, 2500, 0, 1),
('INVC/JUAL/271218/1545885771', 195, 230000, 185000, 0, 1),
('INVC/JUAL/271218/1545885771', 83, 150000, 105000, 0, 1),
('INVC/JUAL/271218/1545885771', 244, 150000, 110000, 0, 1),
('INVC/JUAL/271218/1545885771', 138, 20000, 8000, 0, 1),
('INVC/JUAL/271218/1545885771', 25, 25000, 10000, 0, 1),
('INVC/JUAL/271218/1545885771', 252, 60000, 30000, 0, 1),
('INVC/JUAL/281218/1545936395', 231, 230000, 180000, 0, 1),
('INVC/JUAL/281218/1545936395', 257, 125000, 65000, 0, 1),
('INVC/JUAL/281218/1545936395', 140, 40000, 20000, 0, 1),
('INVC/JUAL/281218/1545973313', 245, 100000, 55000, 0, 1),
('INVC/JUAL/281218/1545973313', 30, 50000, 40000, 0, 1),
('INVC/JUAL/281218/1545973313', 27, 70000, 56000, 0, 1),
('INVC/JUAL/281218/1545973313', 41, 0, 9300, 0, 1),
('INVC/JUAL/311218/1546192254', 257, 125000, 65000, 0, 1),
('INVC/JUAL/311218/1546192254', 64, 160000, 58000, 0, 1),
('INVC/JUAL/311218/1546192254', 140, 40000, 20000, 0, 1),
('INVC/JUAL/311218/1546192514', 63, 0, 170000, 0, 1),
('INVC/JUAL/311218/1546192514', 25, 0, 10000, 0, 1),
('INVC/JUAL/311218/1546192514', 6, 0, 10000, 0, 1),
('INVC/JUAL/311218/1546192514', 138, 0, 8000, 0, 1),
('INVC/JUAL/311218/1546192514', 176, 100000, 60000, 0, 1),
('INVC/JUAL/311218/1546227969', 138, 20000, 8000, 0, 1),
('INVC/JUAL/311218/1546227969', 252, 60000, 30000, 0, 2),
('INVC/JUAL/311218/1546231825', 99, 100000, 50000, 0, 1),
('INVC/JUAL/311218/1546231825', 154, 20000, 8000, 0, 1),
('INVC/JUAL/311218/1546244251', 83, 150000, 105000, 0, 1),
('INVC/JUAL/311218/1546244251', 206, 20000, 8000, 0, 2),
('INVC/JUAL/311218/1546244251', 27, 70000, 56000, 0, 2),
('INVC/JUAL/311218/1546244251', 41, 20000, 9300, 0, 1),
('INVC/JUAL/311218/1546244364', 78, 100000, 50000, 0, 1),
('INVC/JUAL/311218/1546244364', 257, 125000, 65000, 0, 2),
('INVC/JUAL/311218/1546244364', 72, 10000, 2500, 10000, 4),
('INVC/JUAL/010119/1546282681', 39, 35000, 18000, 0, 1),
('INVC/JUAL/010119/1546282681', 194, 240000, 185000, 0, 1),
('INVC/JUAL/020119/1546411368', 262, 550000, 300000, 0, 1),
('INVC/JUAL/020119/1546411368', 244, 150000, 110000, 0, 1),
('INVC/JUAL/020119/1546411463', 158, 0, 8000, 0, 5),
('INVC/JUAL/020119/1546411872', 140, 40000, 20000, 0, 1),
('INVC/JUAL/020119/1546411872', 138, 20000, 8000, 0, 1),
('INVC/JUAL/020119/1546411872', 8, 50000, 18000, 0, 1),
('INVC/JUAL/020119/1546411872', 193, 190000, 145000, 0, 1),
('INVC/JUAL/020119/1546411872', 248, 175000, 110000, 0, 1),
('INVC/JUAL/020119/1546411872', 221, 100000, 60000, 0, 1),
('INVC/JUAL/020119/1546411872', 41, 20000, 9300, 0, 1),
('INVC/JUAL/020119/1546411872', 72, 10000, 2500, 0, 1),
('INVC/JUAL/020119/1546411872', 257, 125000, 65000, 0, 2),
('INVC/JUAL/020119/1546411943', 77, 100000, 50000, 0, 1),
('INVC/JUAL/020119/1546433125', 39, 30000, 18000, 0, 1),
('INVC/JUAL/020119/1546433125', 27, 70000, 56000, 0, 1),
('INVC/JUAL/020119/1546433125', 29, 50000, 35000, 0, 1),
('INVC/JUAL/020119/1546433125', 41, 0, 9300, 0, 1),
('INVC/JUAL/020119/1546433125', 125, 40000, 20000, 0, 1),
('INVC/JUAL/020119/1546433223', 257, 165000, 65000, 0, 1),
('INVC/JUAL/020119/1546433223', 5, 40000, 10000, 0, 1),
('INVC/JUAL/020119/1546433223', 154, 20000, 8000, 0, 1),
('INVC/JUAL/020119/1546433223', 99, 100000, 50000, 0, 1),
('INVC/JUAL/020119/1546433296', 257, 125000, 65000, 0, 1),
('INVC/JUAL/020119/1546433296', 263, 550000, 300000, 0, 1),
('INVC/JUAL/020119/1546447552', 29, 50000, 35000, 0, 1),
('INVC/JUAL/020119/1546447552', 206, 20000, 8000, 0, 1),
('INVC/JUAL/020119/1546447552', 195, 240000, 185000, 0, 1),
('INVC/JUAL/020119/1546447552', 181, 100000, 50000, 0, 1),
('INVC/JUAL/030119/1546495915', 187, 180000, 110000, 0, 1),
('INVC/JUAL/030119/1546495915', 5, 50000, 10000, 0, 1),
('INVC/JUAL/030119/1546495915', 248, 175000, 110000, 0, 1),
('INVC/JUAL/040119/1546534919', 257, 125000, 65000, 0, 1),
('INVC/JUAL/040119/1546534919', 152, 50000, 20000, 50000, 2),
('INVC/JUAL/040119/1546534919', 25, 25000, 10000, 0, 2),
('INVC/JUAL/040119/1546534919', 252, 60000, 30000, 0, 1),
('INVC/JUAL/040119/1546534919', 142, 20000, 8000, 0, 3),
('INVC/JUAL/040119/1546534919', 146, 20000, 8000, 0, 1),
('INVC/JUAL/040119/1546534919', 27, 70000, 56000, 0, 1),
('INVC/JUAL/040119/1546534919', 248, 175000, 110000, 0, 1),
('INVC/JUAL/040119/1546535016', 242, 30000, 25000, 0, 1),
('INVC/JUAL/040119/1546535016', 25, 25000, 10000, 0, 2),
('INVC/JUAL/040119/1546535016', 68, 60000, 25000, 0, 1),
('INVC/JUAL/040119/1546535016', 257, 130000, 65000, 0, 1),
('INVC/JUAL/040119/1546535016', 258, 10000, 40000, 0, 1),
('INVC/JUAL/040119/1546586570', 195, 240000, 185000, 0, 1),
('INVC/JUAL/040119/1546586570', 246, 100000, 50000, 0, 1),
('INVC/JUAL/040119/1546586570', 243, 150000, 90000, 0, 1),
('INVC/JUAL/040119/1546586570', 72, 10000, 2500, 0, 1),
('INVC/JUAL/040119/1546586570', 27, 70000, 56000, 0, 1),
('INVC/JUAL/050119/1546697578', 257, 125000, 65000, 0, 1),
('INVC/JUAL/050119/1546697578', 24, 390000, 365000, 0, 1),
('INVC/JUAL/050119/1546697777', 27, 70000, 56000, 0, 1),
('INVC/JUAL/050119/1546697777', 41, 20000, 9300, 0, 1),
('INVC/JUAL/050119/1546697777', 258, 80000, 40000, 0, 1),
('INVC/JUAL/050119/1546697777', 22, 160000, 115000, 0, 2),
('INVC/JUAL/050119/1546697777', 29, 50000, 35000, 0, 1),
('INVC/JUAL/050119/1546697777', 252, 60000, 30000, 0, 1),
('INVC/JUAL/050119/1546697777', 248, 180000, 110000, 0, 1),
('INVC/JUAL/050119/1546697777', 99, 100000, 50000, 0, 1),
('INVC/JUAL/050119/1546697777', 64, 165000, 58000, 0, 1),
('INVC/JUAL/050119/1546697777', 138, 20000, 8000, 0, 1),
('INVC/JUAL/050119/1546697777', 6, 50000, 10000, 0, 1),
('INVC/JUAL/050119/1546697845', 27, 0, 56000, 0, 2),
('INVC/JUAL/050119/1546697845', 29, 0, 35000, 0, 2),
('INVC/JUAL/050119/1546697845', 41, 0, 9300, 0, 2),
('INVC/JUAL/050119/1546697845', 38, 0, 15000, 0, 2),
('INVC/JUAL/060119/1546785629', 194, 240000, 185000, 0, 1),
('INVC/JUAL/060119/1546785629', 38, 30000, 15000, 0, 1),
('INVC/JUAL/060119/1546785629', 81, 100000, 50000, 0, 2),
('INVC/JUAL/060119/1546785629', 222, 100000, 60000, 0, 1),
('INVC/JUAL/060119/1546785629', 151, 50000, 20000, 0, 1),
('INVC/JUAL/060119/1546785629', 5, 50000, 10000, 0, 1),
('INVC/JUAL/060119/1546785629', 78, 100000, 50000, 0, 1),
('INVC/JUAL/060119/1546785629', 38, 30000, 15000, 0, 1),
('INVC/JUAL/060119/1546785629', 220, 190000, 100000, 0, 1),
('INVC/JUAL/060119/1546785629', 155, 40000, 20000, 0, 1),
('INVC/JUAL/060119/1546785629', 6, 50000, 10000, 0, 1),
('INVC/JUAL/060119/1546785629', 27, 70000, 56000, 0, 2),
('INVC/JUAL/080119/1546925136', 38, 0, 15000, 0, 1),
('INVC/JUAL/080119/1546925136', 39, 0, 18000, 0, 1),
('INVC/JUAL/080119/1546925136', 150, 20000, 8000, 0, 2),
('INVC/JUAL/080119/1546925136', 8, 50000, 18000, 0, 1),
('INVC/JUAL/080119/1546925136', 6, 50000, 10000, 0, 1),
('INVC/JUAL/080119/1546925136', 32, 40000, 25000, 0, 1),
('INVC/JUAL/080119/1546925136', 251, 175000, 110000, 0, 1),
('INVC/JUAL/090119/1547007912', 77, 100000, 50000, 0, 1),
('INVC/JUAL/090119/1547007912', 139, 40000, 20000, 0, 1),
('INVC/JUAL/090119/1547009014', 243, 150000, 95000, 0, 1),
('INVC/JUAL/090119/1547009014', 39, 35000, 18000, 0, 2),
('INVC/JUAL/090119/1547009014', 206, 20000, 8000, 0, 1),
('INVC/JUAL/090119/1547009014', 154, 20000, 8000, 0, 1),
('INVC/JUAL/090119/1547009014', 157, 40000, 20000, 0, 1),
('INVC/JUAL/090119/1547009014', 29, 50000, 35000, 0, 1),
('INVC/JUAL/090119/1547009014', 41, 20000, 9300, 0, 1),
('INVC/JUAL/090119/1547009014', 195, 240000, 185000, 0, 1),
('INVC/JUAL/090119/1547009014', 118, 20000, 8000, 0, 1),
('INVC/JUAL/090119/1547009014', 258, 80000, 40000, 0, 1),
('INVC/JUAL/090119/1547009313', 130, 20000, 8000, 0, 1),
('INVC/JUAL/090119/1547009313', 41, 20000, 9300, 0, 1),
('INVC/JUAL/090119/1547009313', 76, 100000, 50000, 0, 1),
('INVC/JUAL/090119/1547009313', 139, 40000, 20000, 0, 1),
('INVC/JUAL/090119/1547009401', 130, 20000, 8000, 0, 1),
('INVC/JUAL/090119/1547009401', 41, 20000, 9300, 0, 1),
('INVC/JUAL/090119/1547009401', 76, 100000, 50000, 0, 1),
('INVC/JUAL/090119/1547009401', 139, 40000, 20000, 0, 1),
('INVC/JUAL/090119/1547048889', 257, 130000, 65000, 5000, 2),
('INVC/JUAL/090119/1547048889', 78, 100000, 50000, 0, 1),
('INVC/JUAL/090119/1547048889', 68, 0, 25000, 0, 1),
('INVC/JUAL/090119/1547048889', 39, 35000, 18000, 0, 1),
('INVC/JUAL/090119/1547048889', 139, 40000, 20000, 0, 1),
('INVC/JUAL/090119/1547048889', 12, 50000, 20000, 0, 1),
('INVC/JUAL/090119/1547048889', 252, 60000, 30000, 0, 1),
('INVC/JUAL/090119/1547048991', 257, 165000, 65000, 0, 1),
('INVC/JUAL/090119/1547048991', 23, 250000, 210000, 0, 1),
('INVC/JUAL/110119/1547222889', 38, 25000, 15000, 0, 5),
('INVC/JUAL/110119/1547222889', 252, 60000, 30000, 0, 1),
('INVC/JUAL/110119/1547222889', 248, 175000, 110000, 0, 1),
('INVC/JUAL/110119/1547222889', 100, 0, 8000, 0, 1),
('INVC/JUAL/110119/1547222889', 49, 225000, 180000, 0, 1),
('INVC/JUAL/110119/1547222889', 19, 75000, 45000, 0, 1),
('INVC/JUAL/110119/1547222889', 6, 50000, 10000, 0, 1),
('INVC/JUAL/110119/1547222889', 72, 10000, 2500, 0, 2),
('INVC/JUAL/110119/1547222889', 164, 40000, 20000, 0, 1),
('INVC/JUAL/110119/1547222889', 35, 100000, 105000, 0, 1),
('INVC/JUAL/110119/1547222889', 21, 0, 25000, 0, 1),
('INVC/JUAL/110119/1547222889', 195, 240000, 185000, 0, 1),
('INVC/JUAL/110119/1547222889', 97, 100000, 50000, 0, 1),
('INVC/JUAL/110119/1547222889', 257, 125000, 65000, 0, 1),
('INVC/JUAL/110119/1547222889', 243, 175000, 95000, 0, 1),
('INVC/JUAL/120119/1547278030', 85, 100000, 50000, 0, 1),
('INVC/JUAL/120119/1547278030', 177, 100000, 60000, 0, 1),
('INVC/JUAL/120119/1547278030', 181, 100000, 50000, 0, 1),
('INVC/JUAL/120119/1547278030', 26, 20000, 10000, 0, 1),
('INVC/JUAL/120119/1547278030', 72, 10000, 2500, 0, 2),
('INVC/JUAL/130119/1547355720', 243, 150000, 95000, 0, 1),
('INVC/JUAL/130119/1547355720', 181, 100000, 50000, 0, 1),
('INVC/JUAL/130119/1547355720', 38, 30000, 15000, 0, 1),
('INVC/JUAL/130119/1547355720', 222, 100000, 60000, 0, 1),
('INVC/JUAL/130119/1547355720', 38, 30000, 15000, 0, 1),
('INVC/JUAL/130119/1547355720', 72, 10000, 2500, 0, 2),
('INVC/JUAL/130119/1547355720', 155, 40000, 20000, 0, 1),
('INVC/JUAL/130119/1547393229', 248, 175000, 110000, 0, 1),
('INVC/JUAL/130119/1547393229', 245, 100000, 55000, 0, 1),
('INVC/JUAL/130119/1547393229', 177, 100000, 60000, 0, 1),
('INVC/JUAL/140119/1547473374', 258, 80000, 40000, 0, 1),
('INVC/JUAL/140119/1547473374', 99, 100000, 50000, 0, 1),
('INVC/JUAL/140119/1547473374', 257, 130000, 65000, 0, 1),
('INVC/JUAL/140119/1547473374', 78, 100000, 50000, 0, 1),
('INVC/JUAL/140119/1547473374', 64, 170000, 58000, 0, 1),
('INVC/JUAL/140119/1547473374', 9, 50000, 20000, 0, 1),
('INVC/JUAL/150119/1547528367', 78, 100000, 50000, 0, 1),
('INVC/JUAL/150119/1547528367', 64, 165000, 58000, 0, 1),
('INVC/JUAL/150119/1547528367', 92, 100000, 50000, 0, 1),
('INVC/JUAL/150119/1547528367', 196, 185000, 150000, 0, 1),
('INVC/JUAL/150119/1547528367', 206, 20000, 8000, 0, 1),
('INVC/JUAL/150119/1547528367', 197, 35000, 19000, 0, 1),
('INVC/JUAL/150119/1547528367', 192, 65000, 45000, 0, 1),
('INVC/JUAL/150119/1547528367', 173, 100000, 60000, 0, 1),
('INVC/JUAL/150119/1547528367', 32, 40000, 25000, 0, 1),
('INVC/JUAL/150119/1547528367', 29, 50000, 35000, 0, 1),
('INVC/JUAL/150119/1547528477', 67, 130000, 90000, 0, 1);
INSERT INTO `tbl_jualdetail` (`jual_invoice`, `barang_kd`, `jual_harga`, `beli_harga`, `jual_diskon`, `jual_jumlah`) VALUES
('INVC/JUAL/150119/1547528477', 23, 250000, 225000, 0, 1),
('INVC/JUAL/150119/1547549374', 22, 160000, 115000, 0, 1),
('INVC/JUAL/150119/1547549374', 257, 130000, 65000, 0, 2),
('INVC/JUAL/150119/1547549374', 194, 240000, 185000, 0, 1),
('INVC/JUAL/150119/1547549374', 25, 25000, 10000, 0, 1),
('INVC/JUAL/150119/1547549374', 23, 250000, 225000, 0, 1),
('INVC/JUAL/160119/1547576588', 38, 30000, 15000, 30000, 2),
('INVC/JUAL/160119/1547576588', 262, 550000, 300000, 0, 1),
('INVC/JUAL/160119/1547576588', 146, 20000, 8000, 20000, 5),
('INVC/JUAL/160119/1547576588', 258, 80000, 40000, 0, 1),
('INVC/JUAL/160119/1547576588', 192, 60000, 45000, 0, 1),
('INVC/JUAL/160119/1547576588', 195, 240000, 185000, 0, 1),
('INVC/JUAL/160119/1547576588', 206, 20000, 8000, 0, 1),
('INVC/JUAL/160119/1547576588', 197, 30000, 19000, 0, 1),
('INVC/JUAL/160119/1547579643', 90, 100000, 50000, 0, 1),
('INVC/JUAL/160119/1547579643', 25, 25000, 10000, 0, 1),
('INVC/JUAL/160119/1547631613', 25, 25000, 10000, 0, 1),
('INVC/JUAL/160119/1547631613', 177, 0, 60000, 0, 1),
('INVC/JUAL/160119/1547644486', 38, 30000, 15000, 0, 1),
('INVC/JUAL/160119/1547644486', 194, 240000, 185000, 0, 1),
('INVC/JUAL/160119/1547644486', 258, 80000, 40000, 0, 1),
('INVC/JUAL/160119/1547655513', 68, 60000, 25000, 0, 1),
('INVC/JUAL/160119/1547655513', 218, 160000, 140000, 0, 1),
('INVC/JUAL/160119/1547655513', 32, 40000, 25000, 0, 1),
('INVC/JUAL/170119/1547725382', 248, 175000, 110000, 0, 1),
('INVC/JUAL/170119/1547725382', 47, 150000, 100000, 0, 1),
('INVC/JUAL/170119/1547725382', 24, 390000, 365000, 0, 1),
('INVC/JUAL/170119/1547725382', 257, 130000, 65000, 0, 1),
('INVC/JUAL/170119/1547725732', 214, 700000, 600000, 0, 1),
('INVC/JUAL/170119/1547725732', 194, 240000, 185000, 480000, 3),
('INVC/JUAL/170119/1547725732', 72, 10000, 2500, 0, 1),
('INVC/JUAL/170119/1547725732', 206, 0, 8000, 0, 1),
('INVC/JUAL/170119/1547725732', 181, 100000, 50000, 0, 1),
('INVC/JUAL/170119/1547726676', 262, 550000, 300000, 0, 1),
('INVC/JUAL/200119/1547975089', 39, 35000, 18000, 0, 1),
('INVC/JUAL/200119/1547975089', 32, 40000, 25000, 0, 1),
('INVC/JUAL/200119/1547975089', 142, 20000, 8000, 0, 1),
('INVC/JUAL/200119/1547975089', 76, 100000, 50000, 0, 2),
('INVC/JUAL/200119/1547975089', 195, 235000, 185000, 0, 1),
('INVC/JUAL/200119/1547975089', 243, 150000, 95000, 0, 1),
('INVC/JUAL/200119/1547975089', 138, 20000, 8000, 0, 1),
('INVC/JUAL/200119/1547975089', 23, 260000, 225000, 0, 1),
('INVC/JUAL/200119/1547975089', 25, 25000, 10000, 0, 2),
('INVC/JUAL/200119/1547975089', 258, 80000, 40000, 0, 3),
('INVC/JUAL/200119/1547975089', 38, 35000, 15000, 0, 1),
('INVC/JUAL/200119/1547975089', 206, 20000, 8000, 0, 2),
('INVC/JUAL/200119/1547975390', 248, 175000, 100000, 0, 1),
('INVC/JUAL/200119/1547975390', 22, 160000, 115000, 0, 1),
('INVC/JUAL/200119/1547975390', 118, 20000, 8000, 0, 1),
('INVC/JUAL/200119/1547975390', 32, 40000, 25000, 0, 1),
('INVC/JUAL/200119/1547975390', 140, 40000, 20000, 0, 1),
('INVC/JUAL/200119/1547996175', 243, 150000, 90000, 0, 1),
('INVC/JUAL/200119/1547996175', 86, 100000, 50000, 0, 1),
('INVC/JUAL/200119/1547996175', 32, 40000, 25000, 0, 1),
('INVC/JUAL/210119/1548051610', 257, 100000, 65000, 0, 1),
('INVC/JUAL/220119/1548094048', 26, 20000, 10000, 0, 1),
('INVC/JUAL/220119/1548094048', 258, 80000, 40000, 0, 1),
('INVC/JUAL/220119/1548094048', 28, 70000, 50000, 0, 1),
('INVC/JUAL/220119/1548094048', 27, 70000, 50000, 0, 1),
('INVC/JUAL/220119/1548094048', 41, 0, 9300, 0, 1),
('INVC/JUAL/220119/1548094048', 195, 235000, 185000, 0, 1),
('INVC/JUAL/220119/1548094048', 243, 150000, 90000, 0, 1),
('INVC/JUAL/220119/1548094048', 138, 20000, 8000, 0, 1),
('INVC/JUAL/220119/1548094048', 38, 30000, 15000, 0, 1),
('INVC/JUAL/220119/1548137160', 27, 70000, 50000, 0, 1),
('INVC/JUAL/220119/1548137160', 32, 40000, 25000, 0, 1),
('INVC/JUAL/220119/1548137160', 41, 0, 9300, 0, 1),
('INVC/JUAL/220119/1548137160', 30, 50000, 40000, 0, 1),
('INVC/JUAL/220119/1548137160', 206, 20000, 8000, 0, 3),
('INVC/JUAL/220119/1548137160', 107, 20000, 8000, 0, 2),
('INVC/JUAL/230119/1548199420', 32, 40000, 25000, 0, 1),
('INVC/JUAL/230119/1548199420', 138, 20000, 8000, 0, 1),
('INVC/JUAL/230119/1548199420', 243, 150000, 90000, 0, 1),
('INVC/JUAL/230119/1548199420', 141, 40000, 20000, 0, 1),
('INVC/JUAL/230119/1548199420', 138, 20000, 8000, 0, 2),
('INVC/JUAL/230119/1548199420', 72, 10000, 2500, 0, 2),
('INVC/JUAL/230119/1548240178', 32, 40000, 25000, 0, 1),
('INVC/JUAL/230119/1548240178', 27, 70000, 50000, 0, 2),
('INVC/JUAL/230119/1548240178', 41, 20000, 9300, 0, 1),
('INVC/JUAL/230119/1548240178', 67, 130000, 90000, 0, 1),
('INVC/JUAL/230119/1548240178', 141, 50000, 20000, 0, 1),
('INVC/JUAL/230119/1548240178', 6, 50000, 10000, 0, 1),
('INVC/JUAL/230119/1548240381', 81, 90000, 50000, 0, 1),
('INVC/JUAL/230119/1548240381', 8, 40000, 18000, 0, 1),
('INVC/JUAL/230119/1548240381', 151, 40000, 20000, 0, 1),
('INVC/JUAL/230119/1548240381', 68, 60000, 25000, 0, 1),
('INVC/JUAL/230119/1548240381', 251, 175000, 110000, 0, 1),
('INVC/JUAL/230119/1548260228', 27, 70000, 50000, 0, 2),
('INVC/JUAL/230119/1548260228', 252, 60000, 30000, 0, 1),
('INVC/JUAL/230119/1548260228', 33, 30000, 3000, 0, 1),
('INVC/JUAL/230119/1548260228', 22, 160000, 115000, 0, 1),
('INVC/JUAL/230119/1548260228', 25, 25000, 10000, 0, 2),
('INVC/JUAL/230119/1548260228', 206, 20000, 8000, 0, 1),
('INVC/JUAL/230119/1548260228', 76, 100000, 50000, 0, 0),
('INVC/JUAL/230119/1548260228', 257, 200000, 65000, 0, 1),
('INVC/JUAL/230119/1548260228', 130, 20000, 8000, 0, 1),
('INVC/JUAL/230119/1548260228', 258, 80000, 40000, 0, 1),
('INVC/JUAL/240119/1548332648', 250, 350000, 330000, 0, 1),
('INVC/JUAL/240119/1548332648', 197, 30000, 19000, 0, 1),
('INVC/JUAL/240119/1548332648', 39, 0, 18000, 0, 1),
('INVC/JUAL/240119/1548332648', 83, 150000, 105000, 0, 1),
('INVC/JUAL/240119/1548332648', 248, 175000, 100000, 0, 1),
('INVC/JUAL/240119/1548332648', 245, 100000, 55000, 0, 1),
('INVC/JUAL/240119/1548332648', 27, 70000, 50000, 0, 1),
('INVC/JUAL/240119/1548332648', 28, 70000, 50000, 0, 1),
('INVC/JUAL/240119/1548332648', 29, 50000, 35000, 0, 1),
('INVC/JUAL/240119/1548332648', 32, 40000, 25000, 0, 1),
('INVC/JUAL/240119/1548332648', 41, 0, 9300, 0, 1),
('INVC/JUAL/240119/1548335633', 26, 20000, 10000, 0, 1),
('INVC/JUAL/240119/1548345190', 25, 25000, 10000, 0, 1),
('INVC/JUAL/240119/1548345190', 5, 40000, 10000, 0, 1),
('INVC/JUAL/240119/1548345190', 142, 20000, 8000, 0, 1),
('INVC/JUAL/260119/1548519205', 266, 180000, 50000, 0, 1),
('INVC/JUAL/260119/1548519205', 27, 70000, 50000, 0, 2),
('INVC/JUAL/260119/1548519205', 28, 70000, 50000, 0, 2),
('INVC/JUAL/260119/1548519205', 29, 50000, 35000, 0, 1),
('INVC/JUAL/260119/1548519205', 32, 40000, 25000, 0, 1),
('INVC/JUAL/260119/1548519205', 41, 20000, 9300, 0, 1),
('INVC/JUAL/260119/1548519205', 9, 40000, 20000, 0, 1),
('INVC/JUAL/260119/1548519205', 152, 50000, 20000, 0, 1),
('INVC/JUAL/260119/1548519205', 153, 40000, 20000, 0, 1),
('INVC/JUAL/260119/1548519205', 243, 150000, 90000, 0, 1),
('INVC/JUAL/260119/1548519205', 38, 30000, 15000, 0, 1),
('INVC/JUAL/260119/1548519205', 252, 60000, 30000, 0, 1),
('INVC/JUAL/260119/1548519205', 206, 20000, 8000, 20000, 2),
('INVC/JUAL/260119/1548519205', 255, 850000, 625000, 0, 1),
('INVC/JUAL/260119/1548519205', 251, 175000, 110000, 0, 1),
('INVC/JUAL/260119/1548519205', 194, 235000, 185000, 0, 1),
('INVC/JUAL/260119/1548519205', 25, 25000, 10000, 0, 1),
('INVC/JUAL/280119/1548650600', 133, 40000, 20000, 0, 1),
('INVC/JUAL/280119/1548650600', 6, 40000, 10000, 0, 1),
('INVC/JUAL/280119/1548650600', 261, 225000, 165000, 0, 1),
('INVC/JUAL/300119/1548787261', 248, 175000, 100000, 0, 1),
('INVC/JUAL/300119/1548787261', 39, 35000, 18000, 0, 1),
('INVC/JUAL/300119/1548787261', 25, 25000, 10000, 0, 2),
('INVC/JUAL/300119/1548787261', 77, 100000, 50000, 0, 1),
('INVC/JUAL/300119/1548787261', 97, 100000, 50000, 0, 1),
('INVC/JUAL/300119/1548787261', 22, 160000, 115000, 0, 2),
('INVC/JUAL/300119/1548787261', 34, 30000, 0, 0, 1),
('INVC/JUAL/300119/1548787261', 261, 225000, 165000, 0, 1),
('INVC/JUAL/300119/1548787261', 38, 30000, 15000, 0, 1),
('INVC/JUAL/300119/1548787261', 64, 160000, 58000, 0, 1),
('INVC/JUAL/300119/1548787261', 99, 100000, 50000, 0, 1),
('INVC/JUAL/300119/1548825112', 258, 80000, 40000, 0, 1),
('INVC/JUAL/300119/1548825112', 26, 20000, 10000, 0, 1),
('INVC/JUAL/300119/1548825112', 41, 25000, 9300, 0, 1),
('INVC/JUAL/300119/1548825112', 32, 35000, 25000, 0, 1);

--
-- Triggers `tbl_jualdetail`
--
DELIMITER $$
CREATE TRIGGER `rolllback_penjualan` AFTER DELETE ON `tbl_jualdetail` FOR EACH ROW UPDATE tbl_barang SET barang_stok = barang_stok + old.jual_jumlah WHERE barang_kd = old.barang_kd
$$
DELIMITER ;
DELIMITER $$
CREATE TRIGGER `stok_kurang` AFTER INSERT ON `tbl_jualdetail` FOR EACH ROW UPDATE tbl_barang SET
	barang_stok = barang_stok - new.jual_jumlah
WHERE
    barang_kd = new.barang_kd
$$
DELIMITER ;
DELIMITER $$
CREATE TRIGGER `update_kurangStok` AFTER UPDATE ON `tbl_jualdetail` FOR EACH ROW UPDATE tbl_barang SET
	barang_stok = barang_stok - (new.jual_jumlah - old.jual_jumlah)
WHERE
    barang_kd = new.barang_kd
$$
DELIMITER ;

-- --------------------------------------------------------

--
-- Table structure for table `tbl_juallog`
--

CREATE TABLE `tbl_juallog` (
  `log_id` int(11) NOT NULL,
  `akun_id` int(11) NOT NULL,
  `jual_invoice` varchar(150) NOT NULL,
  `log_tanggal` datetime NOT NULL,
  `log_biayaLain` int(11) NOT NULL,
  `log_bayar` int(11) NOT NULL
) ENGINE=InnoDB DEFAULT CHARSET=latin1;

--
-- Dumping data for table `tbl_juallog`
--

INSERT INTO `tbl_juallog` (`log_id`, `akun_id`, `jual_invoice`, `log_tanggal`, `log_biayaLain`, `log_bayar`) VALUES
(1, 2, 'INVC/JUAL/050818/1533484411', '2018-08-03 19:30:00', 0, 0),
(5, 2, 'INVC/JUAL/050818/1533485513', '2018-08-03 20:10:00', 0, 100000),
(6, 2, 'INVC/JUAL/050818/1533485650', '2018-08-03 21:13:00', 0, 50000),
(8, 1, 'INVC/JUAL/060818/1533552664', '2018-08-06 17:50:00', 0, 160000),
(9, 1, 'INVC/JUAL/060818/1533552766', '2018-08-06 17:51:00', 0, 50000),
(10, 1, 'INVC/JUAL/060818/1533552939', '2018-08-06 17:53:00', 0, 100000),
(11, 1, 'INVC/JUAL/060818/1533553124', '2018-08-06 17:58:00', 0, 15000),
(12, 1, 'INVC/JUAL/060818/1533553487', '2018-08-06 18:04:00', 0, 100000),
(13, 1, 'INVC/JUAL/060818/1533560467', '2018-08-06 19:58:00', 0, 135000),
(14, 1, 'INVC/JUAL/060818/1533560550', '2018-08-06 20:01:00', 0, 150000),
(15, 1, 'INVC/JUAL/050818/1533484411', '2018-08-06 20:09:00', 0, 25000),
(16, 1, 'INVC/JUAL/060818/1533561042', '2018-08-06 20:09:00', 0, 25000),
(17, 1, 'INVC/JUAL/060818/1533562005', '2018-08-06 20:25:00', 0, 115000),
(18, 1, 'INVC/JUAL/060818/1533564365', '2018-08-06 21:03:00', 0, -470000),
(19, 1, 'INVC/JUAL/060818/1533564559', '2018-08-06 21:07:00', 0, 0),
(20, 1, 'INVC/JUAL/060818/1533565150', '2018-08-06 21:12:00', 0, 0),
(21, 1, 'INVC/JUAL/060818/1533564365', '2018-08-06 21:20:00', 0, 470000),
(22, 1, 'INVC/JUAL/060818/1533564365', '2018-08-06 21:21:00', 0, 0),
(23, 1, 'INVC/JUAL/060818/1533560467', '2018-08-06 20:52:00', 0, 0),
(24, 1, 'INVC/JUAL/070818/1533578119', '2018-08-06 00:54:00', 0, 0),
(25, 1, 'INVC/JUAL/070818/1533578392', '2018-08-07 00:55:00', 11000, 211000),
(26, 1, 'INVC/JUAL/070818/1533578639', '2018-08-07 01:00:00', 23000, 565000),
(27, 1, 'INVC/JUAL/070818/1533578639', '2018-08-07 01:04:00', 0, 23000),
(30, 1, 'INVC/JUAL/070818/1533578984', '2018-08-07 01:08:00', 19000, 49000),
(31, 1, 'INVC/JUAL/070818/1533579357', '2018-08-07 01:14:00', 11000, 201000),
(33, 1, 'INVC/JUAL/070818/1533643807', '2018-08-07 19:06:00', 0, 70000),
(34, 1, 'INVC/JUAL/070818/1533644596', '2018-08-07 19:18:00', 0, 120000),
(35, 1, 'INVC/JUAL/070818/1533652191', '2018-08-07 21:19:00', 0, 230000),
(36, 1, 'INVC/JUAL/070818/1533652431', '2018-08-07 21:33:00', 0, 20000),
(37, 1, 'INVC/JUAL/070818/1533653002', '2018-08-07 21:35:00', 0, 255000),
(38, 1, 'INVC/JUAL/070818/1533653193', '2018-08-07 21:43:00', 20000, 265000),
(39, 1, 'INVC/JUAL/070818/1533653263', '2018-08-07 21:46:00', 11000, 76000),
(40, 1, 'INVC/JUAL/070818/1533654112', '2018-08-07 21:47:00', 16000, 456000),
(41, 1, 'INVC/JUAL/070818/1533654153', '2018-08-07 22:02:00', 0, 10000),
(42, 1, 'INVC/JUAL/070818/1533654303', '2018-08-07 22:04:00', 0, 150000),
(43, 1, 'INVC/JUAL/070818/1533654378', '2018-08-07 22:05:00', 0, 170000),
(44, 1, 'INVC/JUAL/070818/1533654461', '2018-08-07 22:06:00', 23000, 173000),
(45, 1, 'INVC/JUAL/070818/1533654461', '2018-08-07 22:08:00', 0, 0),
(46, 1, 'INVC/JUAL/070818/1533655139', '2018-08-07 22:16:00', 30000, 70000),
(47, 1, 'INVC/JUAL/070818/1533655733', '2018-08-07 22:25:00', 53000, 313000),
(48, 1, 'INVC/JUAL/070818/1533657944', '2018-08-07 23:04:00', 0, 135000),
(49, 1, 'INVC/JUAL/080818/1533746816', '2018-08-08 23:37:00', 0, 25000),
(50, 1, 'INVC/JUAL/080818/1533746843', '2018-08-08 23:47:00', 0, 0),
(51, 1, 'INVC/JUAL/080818/1533746843', '2018-08-08 23:47:00', 0, 25000),
(52, 1, 'INVC/JUAL/080818/1533746978', '2018-08-08 23:49:00', 0, 0),
(53, 1, 'INVC/JUAL/080818/1533747053', '2018-08-08 23:49:00', 0, 0),
(54, 1, 'INVC/JUAL/080818/1533747053', '2018-08-08 23:51:00', 0, 0),
(55, 1, 'INVC/JUAL/080818/1533747206', '2018-08-08 23:52:00', 0, 0),
(56, 1, 'INVC/JUAL/080818/1533747288', '2018-08-08 23:53:00', 0, 120000),
(57, 1, 'INVC/JUAL/070818/1533578119', '2018-08-08 23:55:00', 0, 50000),
(58, 1, 'INVC/JUAL/090818/1533750737', '2018-08-08 23:57:00', 0, 25000),
(59, 1, 'INVC/JUAL/090818/1533750793', '2018-08-09 00:52:00', 0, 65000),
(60, 1, 'INVC/JUAL/090818/1533790337', '2018-08-09 11:50:00', 17000, 117000),
(61, 1, 'INVC/JUAL/090818/1533815708', '2018-08-09 18:50:00', 0, 120000),
(62, 1, 'INVC/JUAL/090818/1533817104', '2018-08-09 19:16:00', 0, 150000),
(63, 1, 'INVC/JUAL/090818/1533817782', '2018-08-09 19:27:00', 0, 195000),
(64, 1, 'INVC/JUAL/090818/1533818792', '2018-08-09 19:42:00', 0, 120000),
(65, 1, 'INVC/JUAL/090818/1533819351', '2018-08-09 19:50:00', 0, 180000),
(66, 1, 'INVC/JUAL/090818/1533819351', '2018-08-09 20:37:00', 0, -80000),
(67, 1, 'INVC/JUAL/090818/1533821966', '2018-08-09 20:38:00', 0, 0),
(68, 1, 'INVC/JUAL/100818/1533901305', '2018-08-10 18:40:00', 0, 365000),
(69, 1, 'INVC/JUAL/100818/1533904555', '2018-08-10 19:35:00', 0, 100000),
(70, 1, 'INVC/JUAL/100818/1533907434', '2018-08-10 20:23:00', 0, 65000),
(71, 1, 'INVC/JUAL/100818/1533908846', '2018-08-10 20:46:00', 0, 60000),
(72, 1, 'INVC/JUAL/090818/1533821966', '2018-08-11 13:55:00', 0, 25000),
(73, 1, 'INVC/JUAL/110818/1533970678', '2018-08-11 13:56:00', 0, 70000),
(74, 1, 'INVC/JUAL/110818/1533970857', '2018-08-11 13:58:00', 0, 25000),
(75, 1, 'INVC/JUAL/110818/1533971282', '2018-08-11 14:07:00', 0, 100000),
(76, 1, 'INVC/JUAL/110818/1533971456', '2018-08-11 14:08:00', 0, 565000),
(77, 1, 'INVC/JUAL/110818/1533971786', '2018-08-11 14:11:00', 0, 100000),
(78, 1, 'INVC/JUAL/110818/1533972528', '2018-08-11 14:27:00', 0, 20000),
(79, 1, 'INVC/JUAL/120818/1534011041', '2018-08-12 01:06:00', 0, 0),
(80, 1, 'INVC/JUAL/120818/1534011041', '2018-08-12 01:11:00', 20000, 490000),
(81, 1, 'INVC/JUAL/120818/1534011276', '2018-08-12 01:13:00', 22000, 422000),
(82, 1, 'INVC/JUAL/120818/1534011429', '2018-08-12 01:15:00', 21500, 271500),
(83, 1, 'INVC/JUAL/120818/1534039005', '2018-08-12 08:45:00', 0, 0),
(84, 1, 'INVC/JUAL/140818/1534216437', '2018-08-12 10:13:00', 0, 65000),
(85, 1, 'INVC/JUAL/140818/1534221718', '2018-08-14 11:40:00', 0, 20000),
(86, 1, 'INVC/JUAL/140818/1534221809', '2018-08-14 11:43:00', 0, 130000),
(87, 1, 'INVC/JUAL/140818/1534222040', '2018-08-14 11:45:00', 11000, 461000),
(88, 1, 'INVC/JUAL/140818/1534222290', '2018-08-14 11:49:00', 18000, 283000),
(89, 1, 'INVC/JUAL/140818/1534222290', '2018-08-14 11:52:00', 0, 0),
(90, 1, 'INVC/JUAL/140818/1534232837', '2018-08-14 14:46:00', 0, 220000),
(91, 1, 'INVC/JUAL/140818/1534232917', '2018-08-14 14:47:00', 0, 0),
(92, 1, 'INVC/JUAL/150818/1534337409', '2018-08-15 19:43:00', 0, 330000),
(93, 1, 'INVC/JUAL/150818/1534337505', '2018-08-15 19:50:00', 0, 70000),
(94, 1, 'INVC/JUAL/150818/1534337658', '2018-08-15 19:53:00', 0, 125000),
(95, 1, 'INVC/JUAL/150818/1534337719', '2018-08-15 19:54:00', 0, 200000),
(97, 1, 'INVC/JUAL/150818/1534342009', '2018-08-15 20:39:00', 0, 25000),
(98, 1, 'INVC/JUAL/090818/1533819351', '2018-08-15 21:08:00', 0, 100000),
(99, 1, 'INVC/JUAL/150818/1534342209', '2018-08-15 21:09:00', 0, 70000),
(100, 1, 'INVC/JUAL/150818/1534346952', '2018-08-15 22:28:00', 0, 100000),
(101, 1, 'INVC/JUAL/080818/1533746978', '2018-08-15 22:46:00', 0, 25000),
(102, 1, 'INVC/JUAL/150818/1534348687', '2018-08-15 22:55:00', 0, 90000),
(103, 1, 'INVC/JUAL/150818/1534350378', '2018-08-15 23:24:00', 38000, 238000),
(104, 1, 'INVC/JUAL/150818/1534350451', '2018-08-15 23:26:00', 0, 155000),
(105, 1, 'INVC/JUAL/150818/1534350542', '2018-08-15 23:27:00', 0, 150000),
(106, 1, 'INVC/JUAL/150818/1534350748', '2018-08-15 23:31:00', 0, 70000),
(107, 1, 'INVC/JUAL/150818/1534351058', '2018-08-15 23:32:00', 0, 550000),
(109, 1, 'INVC/JUAL/150818/1534351514', '2018-08-15 23:43:00', 0, 25000),
(110, 1, 'INVC/JUAL/060818/1533564365', '2018-08-15 23:48:00', 0, 0),
(111, 1, 'INVC/JUAL/060818/1533565150', '2018-08-15 23:49:00', 0, 0),
(112, 1, 'INVC/JUAL/080818/1533747053', '2018-08-15 23:51:00', 0, 0),
(113, 1, 'INVC/JUAL/080818/1533747206', '2018-08-15 23:52:00', 0, 0),
(114, 1, 'INVC/JUAL/160818/1534352726', '2018-08-16 00:03:00', 0, 0),
(115, 1, 'INVC/JUAL/140818/1534232917', '2018-08-16 12:21:00', 0, 125000),
(116, 1, 'INVC/JUAL/160818/1534413770', '2018-08-16 16:21:00', 0, 135000),
(117, 1, 'INVC/JUAL/160818/1534413846', '2018-08-16 17:02:00', 0, 260000),
(118, 1, 'INVC/JUAL/160818/1534436872', '2018-08-16 23:27:00', 0, 18000),
(119, 1, 'INVC/JUAL/160818/1534436990', '2018-08-16 23:28:00', 0, 550000),
(120, 1, 'INVC/JUAL/160818/1534437117', '2018-08-16 23:30:00', 0, 100000),
(121, 1, 'INVC/JUAL/160818/1534437245', '2018-08-16 23:32:00', 0, 100000),
(122, 1, 'INVC/JUAL/160818/1534437342', '2018-08-16 23:34:00', 0, 70000),
(123, 1, 'INVC/JUAL/170818/1534483883', '2018-08-17 12:29:00', 20000, 265000),
(124, 1, 'INVC/JUAL/170818/1534483983', '2018-08-17 12:31:00', 54000, 284000),
(125, 1, 'INVC/JUAL/170818/1534484141', '2018-08-17 12:33:00', 0, 550000),
(126, 1, 'INVC/JUAL/170818/1534513406', '2018-08-17 20:42:00', 0, 60000),
(127, 1, 'INVC/JUAL/170818/1534484141', '2018-08-17 20:49:00', 0, 0),
(128, 1, 'INVC/JUAL/170818/1534517739', '2018-08-17 21:55:00', 0, 145000),
(129, 1, 'INVC/JUAL/170818/1534517739', '2018-08-17 21:55:00', 0, 0),
(130, 1, 'INVC/JUAL/170818/1534517864', '2018-08-17 21:56:00', 0, 130000),
(131, 1, 'INVC/JUAL/170818/1534517907', '2018-08-17 21:58:00', 0, 35000),
(132, 1, 'INVC/JUAL/180818/1534561738', '2018-08-18 10:07:00', 0, 160000),
(133, 1, 'INVC/JUAL/180818/1534610265', '2018-08-18 23:35:00', 26500, 346500),
(134, 1, 'INVC/JUAL/180818/1534610356', '2018-08-18 23:38:00', 29000, 129000),
(135, 1, 'INVC/JUAL/190818/1534654577', '2018-08-19 11:55:00', 0, 150000),
(136, 1, 'INVC/JUAL/190818/1534654577', '2018-08-19 15:59:00', 0, 0),
(137, 1, 'INVC/JUAL/190818/1534669286', '2018-08-19 15:59:00', 0, 230000),
(138, 1, 'INVC/JUAL/190818/1534669347', '2018-08-19 16:01:00', 0, 70000),
(139, 1, 'INVC/JUAL/190818/1534676527', '2018-08-19 18:01:00', 0, 75000),
(140, 1, 'INVC/JUAL/200818/1534737283', '2018-08-20 10:54:00', 0, 100000),
(141, 1, 'INVC/JUAL/200818/1534737314', '2018-08-20 10:54:00', 0, 70000),
(142, 1, 'INVC/JUAL/200818/1534772452', '2018-08-20 20:30:00', 23000, 108000),
(143, 1, 'INVC/JUAL/200818/1534772502', '2018-08-20 20:41:00', 0, 70000),
(144, 1, 'INVC/JUAL/200818/1534772551', '2018-08-20 20:41:00', 0, 18000),
(145, 1, 'INVC/JUAL/200818/1534772587', '2018-08-20 20:42:00', 0, 20000),
(146, 1, 'INVC/JUAL/200818/1534772642', '2018-08-20 20:43:00', 0, 65000),
(147, 1, 'INVC/JUAL/200818/1534772705', '2018-08-20 20:44:00', 0, 0),
(148, 1, 'INVC/JUAL/170818/1534513406', '2018-08-21 16:53:00', 0, 18000),
(149, 1, 'INVC/JUAL/210818/1534845529', '2018-08-21 16:57:00', 21000, 321000),
(150, 1, 'INVC/JUAL/210818/1534846830', '2018-08-21 17:18:00', 0, 70000),
(151, 1, 'INVC/JUAL/210818/1534845529', '2018-08-21 18:50:00', 9000, -141000),
(152, 1, 'INVC/JUAL/210818/1534858818', '2018-08-21 20:39:00', 0, 40000),
(153, 1, 'INVC/JUAL/210818/1534858866', '2018-08-21 20:40:00', 0, 230000),
(154, 1, 'INVC/JUAL/210818/1534859504', '2018-08-21 20:51:00', 0, 70000),
(155, 1, 'INVC/JUAL/210818/1534863856', '2018-08-21 22:03:00', 0, 150000),
(156, 1, 'INVC/JUAL/220818/1534911228', '2018-08-22 11:12:00', 11000, 111000),
(157, 1, 'INVC/JUAL/220818/1534911228', '2018-08-22 11:14:00', 0, 0),
(158, 1, 'INVC/JUAL/220818/1534911446', '2018-08-22 11:16:00', 0, 550000),
(159, 1, 'INVC/JUAL/220818/1534921414', '2018-08-22 14:03:00', 36000, 261000),
(160, 1, 'INVC/JUAL/220818/1534926981', '2018-08-22 15:36:00', 0, 30000),
(161, 1, 'INVC/JUAL/220818/1534927036', '2018-08-22 15:36:00', 0, 140000),
(162, 1, 'INVC/JUAL/230818/1534998019', '2018-08-23 11:18:00', 0, 0),
(163, 1, 'INVC/JUAL/230818/1534998133', '2018-08-23 11:20:00', 66000, 231000),
(164, 1, 'INVC/JUAL/090818/1533750737', '2018-08-23 22:02:00', 0, 675000),
(165, 1, 'INVC/JUAL/230818/1535037728', '2018-08-23 22:20:00', 0, 100000),
(166, 1, 'INVC/JUAL/230818/1535038049', '2018-08-23 22:22:00', 0, 20000),
(167, 1, 'INVC/JUAL/230818/1535038342', '2018-08-23 22:31:00', 0, 230000),
(168, 1, 'INVC/JUAL/200818/1534772705', '2018-08-23 22:32:00', 0, 18000),
(169, 1, 'INVC/JUAL/230818/1535043312', '2018-08-23 22:32:00', 0, 73000),
(170, 1, 'INVC/JUAL/230818/1535043406', '2018-08-23 23:56:00', 0, 30000),
(171, 1, 'INVC/JUAL/240818/1535048661', '2018-08-24 01:23:00', 0, 185000),
(172, 1, 'INVC/JUAL/240818/1535085048', '2018-08-24 11:30:00', 0, 250000),
(173, 1, 'INVC/JUAL/240818/1535085144', '2018-08-24 11:31:00', 5000, 260000),
(174, 1, 'INVC/JUAL/240818/1535085204', '2018-08-24 11:32:00', 23000, 123000),
(175, 1, 'INVC/JUAL/250818/1535163180', '2018-08-25 09:11:00', 35000, 135000),
(176, 1, 'INVC/JUAL/250818/1535163255', '2018-08-25 09:13:00', 0, 50000),
(177, 1, 'INVC/JUAL/250818/1535175830', '2018-08-25 12:43:00', 0, 35000),
(178, 1, 'INVC/JUAL/250818/1535180681', '2018-08-25 13:41:00', 0, 70000),
(179, 1, 'INVC/JUAL/250818/1535181681', '2018-08-25 14:20:00', 0, 45000),
(180, 1, 'INVC/JUAL/250818/1535181708', '2018-08-25 14:21:00', 0, 0),
(181, 1, 'INVC/JUAL/250818/1535181787', '2018-08-25 14:22:00', 27000, 157000),
(182, 1, 'INVC/JUAL/260818/1535265306', '2018-08-26 13:34:00', 0, 230000),
(184, 1, 'INVC/JUAL/270818/1535362296', '2018-08-27 16:29:00', 8000, 208000),
(185, 1, 'INVC/JUAL/060818/1533564559', '2018-08-27 16:59:00', 0, 305000),
(186, 1, 'INVC/JUAL/270818/1535366203', '2018-08-27 17:33:00', 29000, 99000),
(187, 1, 'INVC/JUAL/270818/1535369002', '2018-08-27 18:22:00', 0, 130000),
(188, 1, 'INVC/JUAL/280818/1535459159', '2018-08-28 19:25:00', 22000, 72000),
(189, 1, 'INVC/JUAL/280818/1535459232', '2018-08-28 19:26:00', 0, 200000),
(190, 1, 'INVC/JUAL/280818/1535459306', '2018-08-28 19:27:00', 0, 205000),
(191, 1, 'INVC/JUAL/280818/1535459461', '2018-08-28 19:28:00', 19000, 469000),
(195, 1, 'INVC/JUAL/280818/1535460017', '2018-08-28 19:39:00', 17000, 167000),
(196, 1, 'INVC/JUAL/280818/1535460113', '2018-08-28 19:40:00', 23000, 223000),
(197, 1, 'INVC/JUAL/290818/1535555789', '2018-08-29 22:15:00', 22000, 42000),
(198, 1, 'INVC/JUAL/290818/1535555830', '2018-08-29 22:16:00', 0, 70000),
(199, 1, 'INVC/JUAL/290818/1535556074', '2018-08-29 22:19:00', 0, 80000),
(200, 1, 'INVC/JUAL/290818/1535558345', '2018-08-29 22:57:00', 20000, 420000),
(201, 1, 'INVC/JUAL/300818/1535604665', '2018-08-30 11:50:00', 0, 0),
(203, 1, 'INVC/JUAL/300818/1535605386', '2018-08-30 11:59:00', 0, 0),
(204, 1, 'INVC/JUAL/300818/1535605484', '2018-08-30 12:04:00', 0, 0),
(205, 1, 'INVC/JUAL/300818/1535605574', '2018-08-30 12:05:00', 0, 0),
(206, 1, 'INVC/JUAL/300818/1535605750', '2018-08-30 12:08:00', 0, 500000),
(207, 1, 'INVC/JUAL/300818/1535605484', '2018-08-30 15:39:00', 0, 250000),
(208, 1, 'INVC/JUAL/300818/1535618717', '2018-08-30 15:40:00', 20000, 0),
(209, 1, 'INVC/JUAL/300818/1535618875', '2018-08-30 15:46:00', 17000, 100000),
(211, 1, 'INVC/JUAL/300818/1535605574', '2018-08-30 16:26:00', 0, 150000),
(212, 1, 'INVC/JUAL/300818/1535618717', '2018-08-30 19:36:00', 0, 420000),
(213, 1, 'INVC/JUAL/300818/1535642962', '2018-08-30 22:28:00', 0, 100000),
(214, 1, 'INVC/JUAL/300818/1535643071', '2018-08-30 22:29:00', 0, 220000),
(215, 1, 'INVC/JUAL/300818/1535643133', '2018-08-30 22:31:00', 0, 0),
(216, 1, 'INVC/JUAL/300818/1535605386', '2018-08-30 22:32:00', 0, 250000),
(217, 1, 'INVC/JUAL/310818/1535734640', '2018-08-31 23:56:00', 0, 115000),
(218, 1, 'INVC/JUAL/310818/1535734667', '2018-08-31 23:57:00', 0, 160000),
(219, 1, 'INVC/JUAL/010918/1535734863', '2018-08-31 23:57:00', 23000, 473000),
(220, 1, 'INVC/JUAL/010918/1535735082', '2018-09-01 00:02:00', 17000, 367000),
(221, 1, 'INVC/JUAL/010918/1535735165', '2018-09-01 00:05:00', 34000, 134000),
(222, 1, 'INVC/JUAL/010918/1535735235', '2018-09-01 00:06:00', 0, 35000),
(223, 1, 'INVC/JUAL/010918/1535738797', '2018-09-01 01:05:00', 25000, 275000),
(224, 1, 'INVC/JUAL/010918/1535738797', '2018-09-01 01:07:00', 0, 0),
(225, 1, 'INVC/JUAL/010918/1535738797', '2018-09-01 01:40:00', 0, 0),
(226, 1, 'INVC/JUAL/010918/1535740956', '2018-09-01 01:41:00', 17000, 117000),
(227, 1, 'INVC/JUAL/010918/1535786202', '2018-09-01 14:15:00', 7000, 257000),
(228, 1, 'INVC/JUAL/010918/1535787024', '2018-09-01 14:29:00', 0, 70000),
(229, 1, 'INVC/JUAL/010918/1535788531', '2018-09-01 14:54:00', 23000, 123000),
(230, 1, 'INVC/JUAL/010918/1535788585', '2018-09-01 14:55:00', 19000, 119000),
(231, 1, 'INVC/JUAL/010918/1535788720', '2018-09-01 14:57:00', 0, 94000),
(232, 1, 'INVC/JUAL/010918/1535791041', '2018-09-01 15:36:00', 20000, 100000),
(233, 1, 'INVC/JUAL/010918/1535786202', '2018-09-01 18:16:00', 0, 0),
(234, 1, 'INVC/JUAL/010918/1535735165', '2018-09-01 18:16:00', 0, 0),
(235, 1, 'INVC/JUAL/170818/1534513406', '2018-09-01 18:17:00', 0, 0),
(236, 1, 'INVC/JUAL/010918/1535802419', '2018-09-01 18:40:00', 0, 360000),
(237, 1, 'INVC/JUAL/010918/1535802537', '2018-09-01 18:48:00', 0, 70000),
(238, 1, 'INVC/JUAL/010918/1535803015', '2018-09-01 18:49:00', 19000, 269000),
(239, 1, 'INVC/JUAL/010918/1535803177', '2018-09-01 18:59:00', 0, 250000),
(240, 1, 'INVC/JUAL/010918/1535808862', '2018-09-01 20:33:00', 0, 380000),
(241, 1, 'INVC/JUAL/010918/1535811425', '2018-09-01 21:14:00', 0, 125000),
(242, 1, 'INVC/JUAL/010918/1535813107', '2018-09-01 21:44:00', 0, 170000),
(243, 1, 'INVC/JUAL/020918/1535868439', '2018-09-02 13:07:00', 0, 265000),
(244, 1, 'INVC/JUAL/020918/1535868676', '2018-09-02 13:10:00', 0, 240000),
(245, 1, 'INVC/JUAL/020918/1535875201', '2018-09-02 14:59:00', 0, 250000),
(246, 1, 'INVC/JUAL/020918/1535875234', '2018-09-02 15:00:00', 0, 250000),
(247, 1, 'INVC/JUAL/020918/1535875273', '2018-09-02 15:00:00', 0, 120000),
(248, 1, 'INVC/JUAL/290818/1535556074', '2018-09-02 15:01:00', 0, 195000),
(249, 1, 'INVC/JUAL/020918/1535903775', '2018-09-02 22:54:00', 19000, 450000),
(250, 1, 'INVC/JUAL/020918/1535904806', '2018-09-02 23:13:00', 0, 35000),
(251, 1, 'INVC/JUAL/230818/1535043312', '2018-09-04 00:46:00', 0, 50000),
(252, 1, 'INVC/JUAL/040918/1535996886', '2018-09-04 00:47:00', 0, 200000),
(253, 1, 'INVC/JUAL/040918/1535996963', '2018-09-04 00:48:00', 35000, 80000),
(254, 1, 'INVC/JUAL/040918/1535997109', '2018-09-04 00:49:00', 19000, 389000),
(255, 1, 'INVC/JUAL/040918/1535997210', '2018-09-04 00:52:00', 14000, 34000),
(256, 1, 'INVC/JUAL/020918/1535875234', '2018-09-04 01:19:00', 0, -250000),
(257, 1, 'INVC/JUAL/300818/1535618875', '2018-09-04 01:20:00', 0, 167000),
(258, 1, 'INVC/JUAL/170818/1534513406', '2018-09-04 01:21:00', 0, 0),
(259, 1, 'INVC/JUAL/040918/1535998935', '2018-09-04 01:21:00', 0, 85000),
(260, 1, 'INVC/JUAL/040918/1535998966', '2018-09-04 01:22:00', 0, 50000),
(261, 1, 'INVC/JUAL/300818/1535605574', '2018-09-04 21:17:00', 0, 100000),
(262, 1, 'INVC/JUAL/040918/1536070728', '2018-09-04 21:18:00', 0, 250000),
(263, 1, 'INVC/JUAL/040918/1536072826', '2018-09-04 21:22:00', 0, 5000),
(264, 1, 'INVC/JUAL/040918/1536072896', '2018-09-04 21:54:00', 0, 0),
(265, 1, 'INVC/JUAL/040918/1536073049', '2018-09-04 21:55:00', 20000, 325000),
(266, 1, 'INVC/JUAL/040918/1536072826', '2018-09-04 21:58:00', 0, 0),
(267, 1, 'INVC/JUAL/040918/1536074202', '2018-09-04 22:12:00', 0, 245000),
(268, 1, 'INVC/JUAL/040918/1536074421', '2018-09-04 22:19:00', 0, 265000),
(269, 1, 'INVC/JUAL/300818/1535604665', '2018-09-04 22:22:00', 0, 250000),
(270, 1, 'INVC/JUAL/040918/1536078592', '2018-09-04 23:28:00', 0, 0),
(271, 1, 'INVC/JUAL/050918/1536146325', '2018-09-05 18:18:00', 5000, 15000),
(272, 1, 'INVC/JUAL/050918/1536146368', '2018-09-05 18:18:00', 7000, 157000),
(273, 1, 'INVC/JUAL/040918/1535998935', '2018-09-05 18:19:00', 0, 25000),
(274, 1, 'INVC/JUAL/050918/1536148053', '2018-09-05 18:47:00', 34000, 84000),
(275, 1, 'INVC/JUAL/050918/1536149966', '2018-09-05 19:19:00', 0, 0),
(276, 1, 'INVC/JUAL/060918/1536205702', '2018-09-06 10:47:00', 0, 130000),
(277, 1, 'INVC/JUAL/060918/1536234410', '2018-09-06 18:45:00', 22000, 307000),
(278, 1, 'INVC/JUAL/060918/1536234457', '2018-09-06 18:46:00', 0, 100000),
(279, 1, 'INVC/JUAL/060918/1536234556', '2018-09-06 18:47:00', 55000, 635000),
(280, 1, 'INVC/JUAL/060918/1536234621', '2018-09-06 18:49:00', 17000, 217000),
(281, 1, 'INVC/JUAL/060918/1536234663', '2018-09-06 18:50:00', 0, 100000),
(282, 1, 'INVC/JUAL/060918/1536234706', '2018-09-06 18:51:00', 0, 160000),
(283, 1, 'INVC/JUAL/060918/1536244632', '2018-09-06 21:36:00', 0, 35000),
(284, 1, 'INVC/JUAL/060918/1536244703', '2018-09-06 21:37:00', 0, 70000),
(285, 1, 'INVC/JUAL/060918/1536251061', '2018-09-06 23:23:00', 0, 80000),
(286, 1, 'INVC/JUAL/080918/1536391805', '2018-09-08 14:29:00', 0, 10000),
(287, 1, 'INVC/JUAL/080918/1536391856', '2018-09-08 14:30:00', 8000, 18000),
(288, 1, 'INVC/JUAL/080918/1536391975', '2018-09-08 14:31:00', 22000, 122000),
(289, 1, 'INVC/JUAL/080918/1536392025', '2018-09-08 14:33:00', 0, 90000),
(290, 1, 'INVC/JUAL/080918/1536392117', '2018-09-08 14:34:00', 0, 135000),
(291, 1, 'INVC/JUAL/080918/1536392185', '2018-09-08 14:35:00', 22000, 87000),
(292, 1, 'INVC/JUAL/080918/1536394593', '2018-09-08 15:16:00', 0, 150000),
(293, 1, 'INVC/JUAL/080918/1536400469', '2018-09-08 16:53:00', 0, 35000),
(294, 1, 'INVC/JUAL/080918/1536400567', '2018-09-08 16:55:00', 40000, 300000),
(295, 1, 'INVC/JUAL/090918/1536483773', '2018-09-09 16:00:00', 0, 30000),
(296, 1, 'INVC/JUAL/090918/1536484196', '2018-09-09 16:04:00', 0, 200000),
(297, 1, 'INVC/JUAL/090918/1536485158', '2018-09-09 16:25:00', 0, 100000),
(298, 1, 'INVC/JUAL/100918/1536581279', '2018-09-10 19:07:00', 0, 35000),
(299, 1, 'INVC/JUAL/100918/1536581323', '2018-09-10 19:08:00', 0, 80000),
(300, 1, 'INVC/JUAL/100918/1536589748', '2018-09-10 21:27:00', 0, 235000),
(301, 1, 'INVC/JUAL/100918/1536593181', '2018-09-10 22:25:00', 0, 50000),
(302, 1, 'INVC/JUAL/110918/1536665501', '2018-09-11 18:29:00', 37000, 447000),
(303, 1, 'INVC/JUAL/110918/1536665679', '2018-09-11 18:31:00', 20000, 310000),
(304, 1, 'INVC/JUAL/110918/1536666160', '2018-09-11 18:42:00', 0, 120000),
(305, 1, 'INVC/JUAL/110918/1536666195', '2018-09-11 18:42:00', 0, 50000),
(306, 1, 'INVC/JUAL/060918/1536244703', '2018-09-11 18:43:00', 0, -30000),
(307, 1, 'INVC/JUAL/110918/1536666325', '2018-09-11 18:44:00', 0, 200000),
(308, 1, 'INVC/JUAL/110918/1536666968', '2018-09-11 18:55:00', 51500, 271500),
(309, 1, 'INVC/JUAL/110918/1536667021', '2018-09-11 18:56:00', 0, 100000),
(310, 1, 'INVC/JUAL/110918/1536667087', '2018-09-11 18:57:00', 0, 60000),
(311, 1, 'INVC/JUAL/110918/1536667335', '2018-09-11 18:59:00', 39000, 739000),
(312, 1, 'INVC/JUAL/110918/1536671261', '2018-09-11 20:06:00', 25000, 395000),
(313, 1, 'INVC/JUAL/110918/1536672954', '2018-09-11 20:35:00', 19000, 269000),
(314, 1, 'INVC/JUAL/110918/1536675793', '2018-09-11 21:22:00', 0, 18000),
(315, 1, 'INVC/JUAL/110918/1536676256', '2018-09-11 21:30:00', 19000, 269000),
(316, 1, 'INVC/JUAL/110918/1536680283', '2018-09-11 22:37:00', 0, 20000),
(317, 1, 'INVC/JUAL/120918/1536759366', '2018-09-12 20:35:00', 0, 220000),
(318, 1, 'INVC/JUAL/120918/1536759703', '2018-09-12 20:36:00', 0, 0),
(319, 1, 'INVC/JUAL/120918/1536759802', '2018-09-12 20:41:00', 0, 0),
(320, 1, 'INVC/JUAL/120918/1536760243', '2018-09-12 20:43:00', 0, 0),
(321, 1, 'INVC/JUAL/120918/1536760445', '2018-09-12 20:52:00', 0, 0),
(322, 1, 'INVC/JUAL/120918/1536760879', '2018-09-12 20:57:00', 0, 0),
(323, 1, 'INVC/JUAL/120918/1536770023', '2018-09-12 23:33:00', 0, 185000),
(324, 1, 'INVC/JUAL/120918/1536770062', '2018-09-12 23:34:00', 0, 60000),
(325, 1, 'INVC/JUAL/120918/1536770106', '2018-09-12 23:34:00', 30000, 160000),
(326, 1, 'INVC/JUAL/120918/1536770170', '2018-09-12 23:35:00', 11500, 261500),
(327, 1, 'INVC/JUAL/040918/1536072896', '2018-09-12 23:36:00', 0, 0),
(328, 1, 'INVC/JUAL/020918/1535875234', '2018-09-12 23:37:00', 0, 250000),
(329, 1, 'INVC/JUAL/130918/1536850726', '2018-09-13 21:56:00', 0, 90000),
(330, 1, 'INVC/JUAL/130918/1536850800', '2018-09-13 21:59:00', 0, 240000),
(331, 1, 'INVC/JUAL/140918/1536932714', '2018-09-14 20:44:00', 0, 35000),
(332, 1, 'INVC/JUAL/140918/1536932785', '2018-09-14 20:45:00', 0, 60000),
(333, 1, 'INVC/JUAL/140918/1536932922', '2018-09-14 20:46:00', 0, 270000),
(334, 1, 'INVC/JUAL/140918/1536933283', '2018-09-14 20:54:00', 0, 250000),
(335, 1, 'INVC/JUAL/140918/1536934433', '2018-09-14 20:54:00', 0, 100000),
(336, 1, 'INVC/JUAL/140918/1536938273', '2018-09-14 22:17:00', 20000, 150000),
(337, 1, 'INVC/JUAL/140918/1536938347', '2018-09-14 22:18:00', 11000, 361000),
(338, 1, 'INVC/JUAL/140918/1536938403', '2018-09-14 22:19:00', 0, 100000),
(339, 1, 'INVC/JUAL/140918/1536938445', '2018-09-14 22:20:00', 0, 150000),
(340, 1, 'INVC/JUAL/150918/1536989323', '2018-09-15 12:27:00', 0, 130000),
(341, 1, 'INVC/JUAL/150918/1536989376', '2018-09-15 12:28:00', 0, 95000),
(342, 1, 'INVC/JUAL/150918/1536989405', '2018-09-15 12:29:00', 0, 170000),
(343, 1, 'INVC/JUAL/150918/1536989508', '2018-09-15 12:30:00', 0, 315000),
(344, 1, 'INVC/JUAL/150918/1536989643', '2018-09-15 12:33:00', 0, 259000),
(345, 1, 'INVC/JUAL/180918/1537236065', '2018-09-18 09:00:00', 0, 350000),
(346, 1, 'INVC/JUAL/180918/1537236124', '2018-09-18 09:01:00', 0, 70000),
(347, 1, 'INVC/JUAL/180918/1537236195', '2018-09-18 09:02:00', 32000, 272000),
(348, 1, 'INVC/JUAL/180918/1537236270', '2018-09-18 09:03:00', 51000, 551000),
(349, 1, 'INVC/JUAL/180918/1537237339', '2018-09-18 09:20:00', 20000, 290000),
(350, 1, 'INVC/JUAL/180918/1537286487', '2018-09-18 22:59:00', 0, 830000),
(351, 1, 'INVC/JUAL/190918/1537319614', '2018-09-19 08:13:00', 0, 70000),
(352, 1, 'INVC/JUAL/190918/1537365795', '2018-09-19 21:02:00', 0, 130000),
(353, 1, 'INVC/JUAL/190918/1537365820', '2018-09-19 21:03:00', 0, 0),
(355, 1, 'INVC/JUAL/190918/1537366048', '2018-09-19 21:04:00', 0, 0),
(356, 1, 'INVC/JUAL/230818/1535043312', '2018-09-19 23:55:00', 0, 50000),
(357, 1, 'INVC/JUAL/190918/1537376164', '2018-09-19 23:55:00', 0, 265000),
(358, 1, 'INVC/JUAL/200918/1537446662', '2018-09-20 19:30:00', 22000, 272000),
(359, 1, 'INVC/JUAL/200918/1537446704', '2018-09-20 19:31:00', 0, 250000),
(360, 1, 'INVC/JUAL/200918/1537446743', '2018-09-20 19:31:00', 0, 60000),
(361, 1, 'INVC/JUAL/200918/1537449949', '2018-09-20 20:22:00', 0, 0),
(362, 1, 'INVC/JUAL/200918/1537450026', '2018-09-20 20:26:00', 0, 0),
(363, 1, 'INVC/JUAL/200918/1537452004', '2018-09-20 20:59:00', 34000, 134000),
(364, 1, 'INVC/JUAL/200918/1537452172', '2018-09-20 21:02:00', 11000, 0),
(365, 1, 'INVC/JUAL/200918/1537452299', '2018-09-20 21:03:00', 0, 0),
(366, 1, 'INVC/JUAL/210918/1537498646', '2018-09-21 09:56:00', 30000, 195000),
(367, 1, 'INVC/JUAL/170818/1534513406', '2018-09-21 09:58:00', 0, 0),
(368, 1, 'INVC/JUAL/170818/1534513406', '2018-09-21 09:59:00', 0, 0),
(369, 1, 'INVC/JUAL/170818/1534513406', '2018-09-21 09:59:00', 0, 0),
(370, 1, 'INVC/JUAL/210918/1537498851', '2018-09-21 10:00:00', 0, 50000),
(371, 1, 'INVC/JUAL/210918/1537498890', '2018-09-21 10:00:00', 0, 70000),
(372, 1, 'INVC/JUAL/210918/1537543103', '2018-09-21 22:17:00', 0, 40000),
(373, 1, 'INVC/JUAL/220918/1537582600', '2018-09-22 09:15:00', 0, 220000),
(374, 1, 'INVC/JUAL/220918/1537635324', '2018-09-22 23:51:00', 0, 860000),
(375, 1, 'INVC/JUAL/220918/1537635428', '2018-09-22 23:55:00', 0, 0),
(376, 1, 'INVC/JUAL/230918/1537716408', '2018-09-23 22:22:00', 0, 30000),
(377, 1, 'INVC/JUAL/230918/1537716601', '2018-09-23 22:28:00', 17000, 107000),
(378, 1, 'INVC/JUAL/200918/1537452299', '2018-09-23 22:30:00', 0, 250000),
(379, 1, 'INVC/JUAL/240918/1537807823', '2018-09-24 23:48:00', 17000, 307000),
(380, 1, 'INVC/JUAL/240918/1537807903', '2018-09-24 23:51:00', 10000, 145000),
(381, 1, 'INVC/JUAL/250918/1537840039', '2018-09-25 08:46:00', 0, 390000),
(382, 1, 'INVC/JUAL/250918/1537840059', '2018-09-25 08:47:00', 0, 100000),
(383, 1, 'INVC/JUAL/250918/1537888363', '2018-09-25 22:11:00', 0, 240000),
(384, 1, 'INVC/JUAL/250918/1537888637', '2018-09-25 22:12:00', 0, 425000),
(385, 1, 'INVC/JUAL/250918/1537889025', '2018-09-25 22:17:00', 0, 500000),
(386, 1, 'INVC/JUAL/270918/1538052792', '2018-09-27 19:48:00', 0, 0),
(388, 1, 'INVC/JUAL/270918/1538052792', '2018-09-27 19:53:00', 0, 200000),
(389, 1, 'INVC/JUAL/270918/1538052891', '2018-09-27 19:54:00', 0, 200000),
(390, 1, 'INVC/JUAL/270918/1538053139', '2018-09-27 19:58:00', 0, 485000),
(391, 1, 'INVC/JUAL/280918/1538071815', '2018-09-28 01:10:00', 0, 90000),
(392, 1, 'INVC/JUAL/290918/1538184576', '2018-09-29 08:29:00', 17000, 0),
(393, 1, 'INVC/JUAL/290918/1538186133', '2018-09-29 08:29:00', 19000, 0),
(394, 1, 'INVC/JUAL/290918/1538186133', '2018-09-29 08:55:00', 0, 224000),
(395, 1, 'INVC/JUAL/290918/1538188940', '2018-09-29 09:41:00', 20000, 240000),
(396, 1, 'INVC/JUAL/290918/1538184576', '2018-09-29 11:05:00', 0, 97000),
(397, 1, 'INVC/JUAL/290918/1538193981', '2018-09-29 11:06:00', 0, 25000),
(398, 1, 'INVC/JUAL/011018/1538377686', '2018-10-01 14:07:00', 0, 40000),
(399, 1, 'INVC/JUAL/011018/1538377836', '2018-10-01 14:09:00', 38000, 758000),
(400, 1, 'INVC/JUAL/011018/1538391849', '2018-10-01 18:03:00', 0, 315000),
(402, 1, 'INVC/JUAL/011018/1538393055', '2018-10-01 18:23:00', 0, 0),
(403, 1, 'INVC/JUAL/021018/1538422554', '2018-10-02 02:34:00', 20000, 460000),
(404, 1, 'INVC/JUAL/021018/1538422843', '2018-10-02 02:37:00', 30000, 0),
(405, 1, 'INVC/JUAL/021018/1538422996', '2018-10-02 02:42:00', 0, 450000),
(406, 1, 'INVC/JUAL/021018/1538491374', '2018-10-02 21:40:00', 36000, 741000),
(407, 1, 'INVC/JUAL/021018/1538422843', '2018-10-02 21:43:00', 0, 1330000),
(408, 1, 'INVC/JUAL/021018/1538422843', '2018-10-02 21:49:00', 0, 0),
(410, 1, 'INVC/JUAL/031018/1538564941', '2018-10-03 18:07:00', 17000, 307000),
(411, 1, 'INVC/JUAL/031018/1538565001', '2018-10-03 18:09:00', 11000, 151000),
(412, 1, 'INVC/JUAL/031018/1538565047', '2018-10-03 18:10:00', 34000, 224000),
(413, 1, 'INVC/JUAL/031018/1538579269', '2018-10-03 22:06:00', 0, 670000),
(414, 1, 'INVC/JUAL/031018/1538579325', '2018-10-03 22:07:00', 0, 195000),
(415, 1, 'INVC/JUAL/031018/1538581072', '2018-10-03 22:35:00', 34000, 199000),
(416, 1, 'INVC/JUAL/031018/1538581164', '2018-10-03 22:39:00', 0, 100000),
(418, 1, 'INVC/JUAL/041018/1538628172', '2018-10-04 11:41:00', 19000, 79000),
(419, 1, 'INVC/JUAL/041018/1538628484', '2018-10-04 11:43:00', 107000, 377000),
(420, 1, 'INVC/JUAL/041018/1538628542', '2018-10-04 11:48:00', 0, 400000),
(421, 1, 'INVC/JUAL/041018/1538636256', '2018-10-04 13:57:00', 0, 270000),
(422, 1, 'INVC/JUAL/220918/1537635428', '2018-10-04 16:07:00', 0, 350000),
(423, 1, 'INVC/JUAL/051018/1538674659', '2018-10-05 00:37:00', 20000, 270000),
(424, 1, 'INVC/JUAL/051018/1538742826', '2018-10-05 19:32:00', 40000, 225000),
(425, 1, 'INVC/JUAL/051018/1538742885', '2018-10-05 19:34:00', 0, 170000),
(426, 1, 'INVC/JUAL/051018/1538742973', '2018-10-05 19:34:00', 85000, 500000),
(427, 1, 'INVC/JUAL/051018/1538754916', '2018-10-05 22:54:00', 0, 228000),
(428, 1, 'INVC/JUAL/100918/1536593181', '2018-10-05 23:22:00', 0, 15000),
(429, 1, 'INVC/JUAL/071018/1538881157', '2018-10-07 09:58:00', 31000, 299000),
(430, 1, 'INVC/JUAL/081018/1538954865', '2018-10-08 06:24:00', 0, 490000),
(431, 1, 'INVC/JUAL/081018/1539008811', '2018-10-08 21:24:00', 0, 250000),
(432, 1, 'INVC/JUAL/091018/1539025106', '2018-10-09 01:55:00', 36000, 486000),
(433, 1, 'INVC/JUAL/091018/1539062583', '2018-10-09 12:22:00', 0, 200000),
(434, 1, 'INVC/JUAL/091018/1539094402', '2018-10-09 21:11:00', 36000, 116000),
(435, 1, 'INVC/JUAL/091018/1539094440', '2018-10-09 21:13:00', 35000, 285000),
(436, 1, 'INVC/JUAL/091018/1539094477', '2018-10-09 21:14:00', 20000, 300000),
(437, 1, 'INVC/JUAL/091018/1539094607', '2018-10-09 21:16:00', 0, 180000),
(438, 1, 'INVC/JUAL/091018/1539094713', '2018-10-09 21:16:00', 20000, 180000),
(440, 1, 'INVC/JUAL/091018/1539096014', '2018-10-09 21:39:00', 15000, 50000),
(441, 1, 'INVC/JUAL/101018/1539183912', '2018-10-10 22:04:00', 0, 25000),
(442, 1, 'INVC/JUAL/111018/1539260401', '2018-10-11 19:19:00', 0, 450000),
(443, 1, 'INVC/JUAL/111018/1539260456', '2018-10-11 19:20:00', 43000, 163000),
(444, 1, 'INVC/JUAL/111018/1539260554', '2018-10-11 19:21:00', 65000, 595000),
(445, 1, 'INVC/JUAL/111018/1539265265', '2018-10-11 20:39:00', 0, 200000),
(446, 1, 'INVC/JUAL/111018/1539266918', '2018-10-11 21:06:00', 0, 170000),
(447, 1, 'INVC/JUAL/111018/1539266957', '2018-10-11 21:08:00', 0, 180000),
(448, 1, 'INVC/JUAL/121018/1539333012', '2018-10-12 15:29:00', 0, 40000),
(449, 1, 'INVC/JUAL/011018/1538393055', '2018-10-12 15:30:00', 0, 18000),
(450, 1, 'INVC/JUAL/050818/1533485650', '2018-10-12 15:31:00', 0, 0),
(451, 1, 'INVC/JUAL/150818/1534348687', '2018-10-12 15:32:00', 0, 0),
(452, 1, 'INVC/JUAL/250818/1535181708', '2018-10-12 15:33:00', 0, 25000),
(453, 1, 'INVC/JUAL/190918/1537365820', '2018-10-12 15:34:00', 0, 25000),
(454, 1, 'INVC/JUAL/040918/1535998935', '2018-10-12 15:34:00', 0, 25000),
(455, 1, 'INVC/JUAL/121018/1539333346', '2018-10-12 15:35:00', 0, 50000),
(456, 1, 'INVC/JUAL/121018/1539334120', '2018-10-12 15:48:00', 0, 130000),
(457, 1, 'INVC/JUAL/121018/1539334507', '2018-10-12 15:54:00', 0, 100000),
(459, 1, 'INVC/JUAL/131018/1539404458', '2018-10-13 11:19:00', 0, 25000),
(460, 1, 'INVC/JUAL/131018/1539404494', '2018-10-13 11:21:00', 0, 0),
(461, 1, 'INVC/JUAL/131018/1539404582', '2018-10-13 11:21:00', 15000, 440000),
(462, 1, 'INVC/JUAL/131018/1539405071', '2018-10-13 11:28:00', 0, 280000),
(463, 1, 'INVC/JUAL/141018/1539496670', '2018-10-14 12:56:00', 0, 150000),
(464, 1, 'INVC/JUAL/141018/1539496752', '2018-10-14 12:58:00', 0, 150000),
(465, 1, 'INVC/JUAL/141018/1539496790', '2018-10-14 12:59:00', 0, 25000),
(466, 1, 'INVC/JUAL/141018/1539496815', '2018-10-14 12:59:00', 0, 20000),
(467, 1, 'INVC/JUAL/141018/1539498503', '2018-10-14 13:00:00', 0, 250000),
(468, 1, 'INVC/JUAL/141018/1539502206', '2018-10-14 14:29:00', 0, 50000),
(469, 1, 'INVC/JUAL/141018/1539503160', '2018-10-14 14:45:00', 0, 250000),
(470, 1, 'INVC/JUAL/141018/1539526583', '2018-10-14 21:15:00', 0, 220000),
(471, 1, 'INVC/JUAL/151018/1539582390', '2018-10-15 12:44:00', 10000, 325000),
(472, 1, 'INVC/JUAL/200918/1537452172', '2018-10-15 12:46:00', -1000, 260000),
(473, 1, 'INVC/JUAL/151018/1539610028', '2018-10-15 20:26:00', 10000, 300000),
(474, 1, 'INVC/JUAL/151018/1539612018', '2018-10-15 20:59:00', 17500, 217500),
(475, 1, 'INVC/JUAL/151018/1539612507', '2018-10-15 21:07:00', 0, 50000),
(476, 1, 'INVC/JUAL/161018/1539658664', '2018-10-16 09:57:00', 20000, 55000),
(477, 1, 'INVC/JUAL/161018/1539661362', '2018-10-16 10:41:00', 0, 170000),
(478, 1, 'INVC/JUAL/161018/1539690891', '2018-10-16 18:54:00', 0, 170000),
(479, 1, 'INVC/JUAL/161018/1539690928', '2018-10-16 18:54:00', 23000, 93000),
(480, 1, 'INVC/JUAL/161018/1539691027', '2018-10-16 18:55:00', 11000, 316000),
(481, 1, 'INVC/JUAL/161018/1539691087', '2018-10-16 18:57:00', 23000, 213000),
(482, 1, 'INVC/JUAL/161018/1539694070', '2018-10-16 19:47:00', 0, 650000),
(483, 1, 'INVC/JUAL/171018/1539777674', '2018-10-17 18:59:00', 0, 100000),
(484, 1, 'INVC/JUAL/171018/1539785382', '2018-10-17 21:07:00', 22000, 272000),
(485, 1, 'INVC/JUAL/171018/1539788037', '2018-10-17 21:52:00', 0, 90000),
(486, 1, 'INVC/JUAL/181018/1539797204', '2018-10-17 22:56:00', 0, 100000),
(487, 1, 'INVC/JUAL/181018/1539871126', '2018-10-18 20:57:00', 0, 250000),
(488, 1, 'INVC/JUAL/181018/1539871663', '2018-10-18 20:58:00', 0, 350000),
(489, 1, 'INVC/JUAL/181018/1539871683', '2018-10-18 21:07:00', 0, 50000),
(490, 1, 'INVC/JUAL/181018/1539871795', '2018-10-18 21:09:00', 0, 65000),
(491, 1, 'INVC/JUAL/181018/1539871815', '2018-10-18 21:10:00', 0, 200000),
(493, 1, 'INVC/JUAL/181018/1539872059', '2018-10-18 21:13:00', 20000, 265000),
(494, 1, 'INVC/JUAL/181018/1539872113', '2018-10-18 21:14:00', 20000, 365000),
(495, 1, 'INVC/JUAL/191018/1539882982', '2018-10-19 00:15:00', 0, 45000),
(496, 1, 'INVC/JUAL/191018/1539950594', '2018-10-19 19:02:00', 0, 150000),
(497, 1, 'INVC/JUAL/191018/1539950697', '2018-10-19 19:03:00', 0, 50000),
(498, 1, 'INVC/JUAL/191018/1539953325', '2018-10-19 19:48:00', 0, 20000),
(499, 1, 'INVC/JUAL/191018/1539953406', '2018-10-19 19:48:00', 0, 45000),
(500, 1, 'INVC/JUAL/221018/1540174290', '2018-10-22 09:10:00', 11000, 111000),
(501, 1, 'INVC/JUAL/221018/1540174332', '2018-10-22 09:11:00', 0, 35000),
(503, 1, 'INVC/JUAL/221018/1540216136', '2018-10-22 20:47:00', 0, 950000),
(504, 1, 'INVC/JUAL/221018/1540216176', '2018-10-22 20:49:00', 0, 25000),
(505, 1, 'INVC/JUAL/221018/1540216266', '2018-10-22 20:50:00', 0, 40000),
(506, 1, 'INVC/JUAL/221018/1540216266', '2018-10-22 20:53:00', 0, 50000),
(507, 1, 'INVC/JUAL/221018/1540216546', '2018-10-22 20:53:00', 0, 420000),
(508, 1, 'INVC/JUAL/221018/1540216593', '2018-10-22 20:55:00', 0, 255000),
(509, 1, 'INVC/JUAL/221018/1540216710', '2018-10-22 20:58:00', 0, 25000),
(510, 1, 'INVC/JUAL/221018/1540216967', '2018-10-22 21:02:00', 0, 50000),
(511, 1, 'INVC/JUAL/221018/1540218251', '2018-10-22 21:23:00', 0, 55000),
(512, 1, 'INVC/JUAL/231018/1540269468', '2018-10-23 11:36:00', 20000, 330000),
(513, 1, 'INVC/JUAL/231018/1540269529', '2018-10-23 11:38:00', 11500, 51500),
(514, 1, 'INVC/JUAL/231018/1540269595', '2018-10-23 11:39:00', 20000, 120000),
(515, 1, 'INVC/JUAL/231018/1540303563', '2018-10-23 21:05:00', 0, 105000),
(516, 1, 'INVC/JUAL/231018/1540303596', '2018-10-23 21:06:00', 0, 20000),
(517, 1, 'INVC/JUAL/251018/1540466013', '2018-10-25 18:12:00', 32000, 116000),
(518, 1, 'INVC/JUAL/251018/1540466108', '2018-10-25 18:13:00', 16000, 296000),
(519, 1, 'INVC/JUAL/251018/1540466340', '2018-10-25 18:18:00', 0, 100000),
(520, 1, 'INVC/JUAL/251018/1540466355', '2018-10-25 18:19:00', 0, 0),
(521, 1, 'INVC/JUAL/251018/1540466355', '2018-10-25 18:19:00', 0, 35000),
(522, 1, 'INVC/JUAL/251018/1540466402', '2018-10-25 18:19:00', 11000, 161000),
(523, 1, 'INVC/JUAL/251018/1540466424', '2018-10-25 18:20:00', 0, 100000),
(524, 1, 'INVC/JUAL/251018/1540466443', '2018-10-25 18:20:00', 20000, 120000),
(526, 1, 'INVC/JUAL/251018/1540467964', '2018-10-25 18:44:00', 0, 60000),
(527, 1, 'INVC/JUAL/251018/1540467986', '2018-10-25 18:46:00', 0, 20000),
(528, 1, 'INVC/JUAL/251018/1540473342', '2018-10-25 20:15:00', 0, 150000),
(529, 1, 'INVC/JUAL/251018/1540473418', '2018-10-25 20:15:00', 0, 40000),
(530, 1, 'INVC/JUAL/251018/1540473454', '2018-10-25 20:17:00', 0, 285000),
(531, 1, 'INVC/JUAL/251018/1540473563', '2018-10-25 20:18:00', 0, 0),
(532, 1, 'INVC/JUAL/251018/1540476016', '2018-10-25 20:59:00', 0, 35000),
(533, 1, 'INVC/JUAL/251018/1540476095', '2018-10-25 21:00:00', 0, 125000),
(534, 1, 'INVC/JUAL/271018/1540578300', '2018-10-27 01:24:00', 17000, 117000),
(535, 1, 'INVC/JUAL/271018/1540578352', '2018-10-27 01:25:00', 11500, 111500),
(536, 1, 'INVC/JUAL/271018/1540578392', '2018-10-27 01:26:00', 0, 50000),
(537, 1, 'INVC/JUAL/271018/1540578462', '2018-10-27 01:26:00', 0, 75000),
(538, 1, 'INVC/JUAL/271018/1540578593', '2018-10-27 01:28:00', 0, 0),
(539, 1, 'INVC/JUAL/271018/1540578668', '2018-10-27 01:30:00', 0, 160000),
(540, 1, 'INVC/JUAL/271018/1540579285', '2018-10-27 01:37:00', 0, 550000),
(541, 1, 'INVC/JUAL/271018/1540624964', '2018-10-27 14:22:00', 0, 20000),
(542, 1, 'INVC/JUAL/271018/1540624994', '2018-10-27 14:23:00', 0, 25000),
(543, 1, 'INVC/JUAL/271018/1540578593', '2018-10-27 14:23:00', 0, 265000),
(544, 1, 'INVC/JUAL/271018/1540625784', '2018-10-27 14:32:00', 22000, 582000),
(545, 1, 'INVC/JUAL/271018/1540627824', '2018-10-27 15:10:00', 0, 20000),
(546, 1, 'INVC/JUAL/301018/1540866520', '2018-10-30 09:28:00', 0, 100000),
(547, 1, 'INVC/JUAL/301018/1540866586', '2018-10-30 09:28:00', 0, 315000),
(548, 1, 'INVC/JUAL/301018/1540866607', '2018-10-30 09:29:00', 0, 100000),
(549, 1, 'INVC/JUAL/301018/1540866631', '2018-10-30 09:30:00', 0, 40000),
(550, 1, 'INVC/JUAL/301018/1540866649', '2018-10-30 09:30:00', 0, 25000),
(551, 1, 'INVC/JUAL/301018/1540866670', '2018-10-30 09:30:00', 0, 250000),
(552, 1, 'INVC/JUAL/301018/1540866705', '2018-10-30 09:31:00', 11000, 201000),
(554, 1, 'INVC/JUAL/301018/1540916937', '2018-10-30 23:27:00', 5500, 155500),
(555, 1, 'INVC/JUAL/301018/1540916987', '2018-10-30 23:29:00', 19000, 249000),
(556, 1, 'INVC/JUAL/301018/1540917055', '2018-10-30 23:29:00', 19000, 119000),
(557, 1, 'INVC/JUAL/301018/1540917125', '2018-10-30 23:31:00', 11500, 331500),
(558, 1, 'INVC/JUAL/301018/1540917235', '2018-10-30 23:32:00', 22000, 257000),
(559, 1, 'INVC/JUAL/301018/1540917294', '2018-10-30 23:34:00', 11000, 161000),
(560, 1, 'INVC/JUAL/301018/1540917329', '2018-10-30 23:35:00', 0, 100000),
(561, 1, 'INVC/JUAL/251018/1540473563', '2018-10-30 23:37:00', 0, 505000),
(562, 1, 'INVC/JUAL/161018/1539661362', '2018-10-30 23:38:00', 0, 20000),
(563, 1, 'INVC/JUAL/120818/1534039005', '2018-10-30 23:39:00', 0, 650000),
(564, 1, 'INVC/JUAL/301018/1540918346', '2018-10-30 23:51:00', 0, 215000),
(565, 1, 'INVC/JUAL/311018/1540990879', '2018-10-31 19:58:00', 16500, 116500),
(566, 1, 'INVC/JUAL/311018/1540991191', '2018-10-31 20:03:00', 17500, 167500),
(567, 1, 'INVC/JUAL/311018/1540991460', '2018-10-31 20:07:00', 12500, 252500),
(568, 1, 'INVC/JUAL/311018/1540991529', '2018-10-31 20:11:00', 11500, 161500),
(569, 1, 'INVC/JUAL/311018/1540991657', '2018-10-31 20:13:00', 0, 100000),
(570, 1, 'INVC/JUAL/311018/1540991848', '2018-10-31 20:14:00', 0, 250000),
(571, 1, 'INVC/JUAL/311018/1540992135', '2018-10-31 20:17:00', 0, 630000),
(572, 1, 'INVC/JUAL/011118/1541006352', '2018-11-01 00:18:00', 20000, 85000),
(573, 1, 'INVC/JUAL/021118/1541101627', '2018-11-02 02:46:00', 0, 250000),
(574, 1, 'INVC/JUAL/021118/1541101723', '2018-11-02 02:47:00', 0, 130000),
(575, 1, 'INVC/JUAL/021118/1541101918', '2018-11-02 02:50:00', 0, 350000),
(576, 1, 'INVC/JUAL/021118/1541102022', '2018-11-02 02:52:00', 0, 260000),
(577, 1, 'INVC/JUAL/021118/1541163558', '2018-11-02 19:58:00', 17500, 117500),
(578, 1, 'INVC/JUAL/021118/1541163620', '2018-11-02 19:59:00', 16500, 186500),
(579, 1, 'INVC/JUAL/021118/1541163620', '2018-11-02 20:00:00', 0, 5000),
(580, 1, 'INVC/JUAL/021118/1541163755', '2018-11-02 20:01:00', 0, 50000),
(581, 1, 'INVC/JUAL/021118/1541163785', '2018-11-02 20:02:00', 0, 40000),
(582, 1, 'INVC/JUAL/021118/1541163839', '2018-11-02 20:03:00', 0, 40000),
(583, 1, 'INVC/JUAL/021118/1541163977', '2018-11-02 20:04:00', 56000, 536000),
(584, 1, 'INVC/JUAL/021118/1541164128', '2018-11-02 20:07:00', 23500, 123500),
(585, 1, 'INVC/JUAL/021118/1541168140', '2018-11-02 21:14:00', 0, 320000),
(586, 1, 'INVC/JUAL/021118/1541169392', '2018-11-02 21:36:00', 0, 25000),
(587, 1, 'INVC/JUAL/190918/1537366048', '2018-11-03 15:40:00', 0, 97000),
(590, 1, 'INVC/JUAL/031118/1541252756', '2018-11-03 20:44:00', 0, 105000),
(591, 1, 'INVC/JUAL/031118/1541253849', '2018-11-03 20:59:00', 0, 180000),
(592, 1, 'INVC/JUAL/041118/1541333326', '2018-11-04 19:05:00', 0, 800000),
(593, 1, 'INVC/JUAL/041118/1541333364', '2018-11-04 19:08:00', 0, 200000),
(594, 1, 'INVC/JUAL/041118/1541333679', '2018-11-04 19:11:00', 20000, 130000),
(595, 1, 'INVC/JUAL/041118/1541336108', '2018-11-04 19:54:00', 19000, 249000),
(596, 1, 'INVC/JUAL/051118/1541384882', '2018-11-05 09:26:00', 0, 0),
(597, 1, 'INVC/JUAL/051118/1541387283', '2018-11-05 10:07:00', 0, 20000),
(598, 1, 'INVC/JUAL/061118/1541438447', '2018-11-06 00:20:00', 0, 25000),
(599, 1, 'INVC/JUAL/061118/1541438511', '2018-11-06 00:21:00', 17000, 117000),
(600, 1, 'INVC/JUAL/071118/1541551937', '2018-11-07 07:47:00', 0, 100000),
(601, 1, 'INVC/JUAL/071118/1541552045', '2018-11-07 07:52:00', 30000, 430000),
(602, 1, 'INVC/JUAL/091118/1541736691', '2018-11-09 10:49:00', 0, 100000),
(603, 1, 'INVC/JUAL/091118/1541736750', '2018-11-09 11:11:00', 0, 260000),
(604, 1, 'INVC/JUAL/091118/1541736791', '2018-11-09 11:12:00', 18000, 183000),
(605, 1, 'INVC/JUAL/091118/1541736841', '2018-11-09 11:13:00', 40000, 440000),
(606, 1, 'INVC/JUAL/111118/1541944814', '2018-11-11 20:57:00', 0, 620000),
(607, 1, 'INVC/JUAL/111118/1541944863', '2018-11-11 21:00:00', 0, 35000),
(609, 1, 'INVC/JUAL/111118/1541945447', '2018-11-11 21:10:00', 20000, 80000),
(610, 1, 'INVC/JUAL/111118/1541944863', '2018-11-11 21:11:00', 0, 60000),
(611, 1, 'INVC/JUAL/111118/1541945537', '2018-11-11 21:11:00', 0, 0),
(612, 1, 'INVC/JUAL/111118/1541945682', '2018-11-11 21:12:00', 0, 220000),
(613, 1, 'INVC/JUAL/111118/1541945773', '2018-11-11 21:14:00', 0, 100000),
(614, 1, 'INVC/JUAL/111118/1541946092', '2018-11-11 21:16:00', 0, 370000),
(615, 1, 'INVC/JUAL/111118/1541946143', '2018-11-11 21:21:00', 0, 375000),
(616, 1, 'INVC/JUAL/111118/1541946171', '2018-11-11 21:22:00', 0, 50000),
(617, 1, 'INVC/JUAL/111118/1541946921', '2018-11-11 21:33:00', 0, 340000),
(618, 1, 'INVC/JUAL/121118/1542040372', '2018-11-12 23:31:00', 13000, 263000),
(619, 1, 'INVC/JUAL/121118/1542040533', '2018-11-12 23:33:00', 0, 20000),
(620, 1, 'INVC/JUAL/121118/1542040641', '2018-11-12 23:36:00', 0, 120000),
(622, 1, 'INVC/JUAL/121118/1542040710', '2018-11-12 23:38:00', 0, 80000),
(623, 1, 'INVC/JUAL/121118/1542040902', '2018-11-12 23:38:00', 0, 200000),
(624, 1, 'INVC/JUAL/121118/1542041209', '2018-11-12 23:46:00', 0, 100000),
(625, 1, 'INVC/JUAL/121118/1542041266', '2018-11-12 23:47:00', 0, 115000),
(626, 1, 'INVC/JUAL/121118/1542041356', '2018-11-12 23:48:00', 11000, 271000),
(627, 1, 'INVC/JUAL/121118/1542041517', '2018-11-12 23:51:00', 22000, 82000),
(628, 1, 'INVC/JUAL/141118/1542160977', '2018-11-14 09:00:00', 30000, 740000),
(629, 1, 'INVC/JUAL/141118/1542161008', '2018-11-14 09:03:00', 0, 50000),
(630, 1, 'INVC/JUAL/141118/1542161034', '2018-11-14 09:03:00', 0, 50000),
(631, 1, 'INVC/JUAL/141118/1542197369', '2018-11-14 19:08:00', 0, 100000),
(632, 1, 'INVC/JUAL/141118/1542198986', '2018-11-14 19:10:00', 0, 100000),
(634, 1, 'INVC/JUAL/141118/1542199281', '2018-11-14 19:40:00', 30000, 340000),
(635, 1, 'INVC/JUAL/141118/1542205319', '2018-11-14 21:21:00', 0, 30000),
(636, 1, 'INVC/JUAL/161118/1542304089', '2018-11-16 00:47:00', 0, 65000),
(637, 1, 'INVC/JUAL/161118/1542304159', '2018-11-16 00:48:00', 20000, 340000),
(638, 1, 'INVC/JUAL/161118/1542304555', '2018-11-16 00:53:00', 0, 50000),
(639, 1, 'INVC/JUAL/161118/1542304620', '2018-11-16 00:56:00', 0, 50000),
(642, 1, 'INVC/JUAL/181118/1542534105', '2018-11-18 16:41:00', 0, 35000),
(643, 1, 'INVC/JUAL/181118/1542534249', '2018-11-18 16:42:00', 0, 350000),
(644, 1, 'INVC/JUAL/181118/1542534430', '2018-11-18 16:46:00', 0, 35000),
(645, 1, 'INVC/JUAL/181118/1542534593', '2018-11-18 16:49:00', 0, 130000),
(646, 1, 'INVC/JUAL/181118/1542534700', '2018-11-18 16:50:00', 0, 280000),
(647, 1, 'INVC/JUAL/181118/1542534820', '2018-11-18 16:51:00', 0, 260000),
(648, 1, 'INVC/JUAL/181118/1542534879', '2018-11-18 16:53:00', 0, 415000),
(649, 1, 'INVC/JUAL/181118/1542534974', '2018-11-18 16:55:00', 0, 90000),
(650, 1, 'INVC/JUAL/181118/1542535020', '2018-11-18 16:56:00', 0, 410000),
(651, 1, 'INVC/JUAL/211118/1542765480', '2018-11-21 08:57:00', 30000, 250000),
(652, 1, 'INVC/JUAL/211118/1542765522', '2018-11-21 08:58:00', 10000, 195000),
(653, 1, 'INVC/JUAL/211118/1542765705', '2018-11-21 08:58:00', 0, 95000),
(654, 1, 'INVC/JUAL/211118/1542765769', '2018-11-21 09:01:00', 0, 0),
(655, 1, 'INVC/JUAL/211118/1542765814', '2018-11-21 09:02:00', 17500, 207500),
(656, 1, 'INVC/JUAL/211118/1542765968', '2018-11-21 09:03:00', 0, 170000),
(657, 1, 'INVC/JUAL/211118/1542766249', '2018-11-21 09:08:00', 55000, 505000),
(658, 1, 'INVC/JUAL/211118/1542766277', '2018-11-21 09:10:00', 0, 215000),
(660, 1, 'INVC/JUAL/211118/1542766249', '2018-11-21 09:13:00', 0, 100000),
(661, 1, 'INVC/JUAL/211118/1542819031', '2018-11-21 23:49:00', 0, 40000),
(662, 1, 'INVC/JUAL/211118/1542819093', '2018-11-21 23:50:00', 0, 40000),
(663, 1, 'INVC/JUAL/211118/1542819126', '2018-11-21 23:51:00', 0, 20000),
(664, 1, 'INVC/JUAL/211118/1542819174', '2018-11-21 23:52:00', 0, 70000),
(665, 1, 'INVC/JUAL/211118/1542819259', '2018-11-21 23:53:00', 0, 215000),
(666, 1, 'INVC/JUAL/211118/1542819307', '2018-11-21 23:54:00', 0, 65000),
(667, 1, 'INVC/JUAL/221118/1542820968', '2018-11-22 00:21:00', 0, 300000),
(668, 1, 'INVC/JUAL/221118/1542901067', '2018-11-22 22:36:00', 0, 290000),
(669, 1, 'INVC/JUAL/221118/1542901151', '2018-11-22 22:38:00', 0, 270000),
(670, 1, 'INVC/JUAL/221118/1542901192', '2018-11-22 22:39:00', 0, 43000),
(671, 1, 'INVC/JUAL/221118/1542901354', '2018-11-22 22:40:00', 0, 500000),
(672, 1, 'INVC/JUAL/221118/1542902736', '2018-11-22 23:04:00', 0, 55000),
(673, 1, 'INVC/JUAL/231118/1542973579', '2018-11-23 18:45:00', 0, 400000),
(674, 1, 'INVC/JUAL/231118/1542973612', '2018-11-23 18:46:00', 0, 215000),
(675, 1, 'INVC/JUAL/231118/1542973636', '2018-11-23 18:46:00', 0, 85000),
(676, 1, 'INVC/JUAL/231118/1542973854', '2018-11-23 18:50:00', 0, 100000),
(677, 1, 'INVC/JUAL/241118/1542993178', '2018-11-24 00:11:00', 0, 350000),
(678, 1, 'INVC/JUAL/241118/1542995686', '2018-11-24 00:53:00', 20000, 270000),
(679, 1, 'INVC/JUAL/241118/1543023871', '2018-11-24 08:43:00', 0, 35000),
(680, 1, 'INVC/JUAL/241118/1543024364', '2018-11-24 08:43:00', 0, 35000),
(681, 1, 'INVC/JUAL/251118/1543081212', '2018-11-25 00:39:00', 0, 35000),
(682, 1, 'INVC/JUAL/251118/1543082464', '2018-11-25 01:00:00', 0, 65000),
(683, 1, 'INVC/JUAL/261118/1543207132', '2018-11-26 11:36:00', 0, 450000),
(684, 1, 'INVC/JUAL/261118/1543208938', '2018-11-26 12:06:00', 0, 155000),
(685, 1, 'INVC/JUAL/261118/1543209023', '2018-11-26 12:09:00', 0, 295000),
(686, 1, 'INVC/JUAL/261118/1543235339', '2018-11-26 19:28:00', 0, 380000),
(687, 1, 'INVC/JUAL/261118/1543235484', '2018-11-26 19:30:00', 0, 260000),
(688, 1, 'INVC/JUAL/261118/1543235645', '2018-11-26 19:31:00', 0, 250000),
(689, 1, 'INVC/JUAL/261118/1543242355', '2018-11-26 21:25:00', 0, 25000),
(690, 1, 'INVC/JUAL/261118/1543242380', '2018-11-26 21:26:00', 0, 185000),
(691, 1, 'INVC/JUAL/271118/1543293098', '2018-11-27 11:31:00', 0, 175000),
(692, 1, 'INVC/JUAL/281118/1543338585', '2018-11-28 00:07:00', 0, 500000),
(693, 1, 'INVC/JUAL/281118/1543338649', '2018-11-28 00:09:00', 0, 100000),
(694, 1, 'INVC/JUAL/281118/1543338773', '2018-11-28 00:11:00', 0, 140000),
(695, 1, 'INVC/JUAL/281118/1543339309', '2018-11-28 00:14:00', 0, 175000),
(698, 1, 'INVC/JUAL/291118/1543445756', '2018-11-29 05:55:00', 17000, 192000),
(699, 1, 'INVC/JUAL/291118/1543445794', '2018-11-29 05:56:00', 0, 100000),
(700, 1, 'INVC/JUAL/291118/1543445824', '2018-11-29 05:56:00', 0, 0),
(701, 1, 'INVC/JUAL/291118/1543445841', '2018-11-29 05:57:00', 0, 75000),
(702, 1, 'INVC/JUAL/291118/1543446066', '2018-11-29 05:59:00', 0, 455000),
(703, 1, 'INVC/JUAL/291118/1543446156', '2018-11-29 06:02:00', 0, 40000),
(704, 1, 'INVC/JUAL/291118/1543445824', '2018-11-29 06:02:00', 0, 150000),
(705, 1, 'INVC/JUAL/291118/1543449556', '2018-11-29 06:58:00', 0, 190000),
(706, 1, 'INVC/JUAL/291118/1543493632', '2018-11-29 19:09:00', 17000, 77000),
(707, 1, 'INVC/JUAL/291118/1543493770', '2018-11-29 19:15:00', 17000, 217000),
(708, 1, 'INVC/JUAL/291118/1543507865', '2018-11-29 23:09:00', 0, 100000),
(709, 1, 'INVC/JUAL/011218/1543650775', '2018-12-01 14:49:00', 280000, 1550000),
(710, 1, 'INVC/JUAL/011218/1543650930', '2018-12-01 14:53:00', 0, 285000),
(711, 1, 'INVC/JUAL/011218/1543650965', '2018-12-01 14:55:00', 0, 200000),
(712, 1, 'INVC/JUAL/011218/1543651034', '2018-12-01 14:56:00', 0, 175000),
(713, 1, 'INVC/JUAL/011218/1543651198', '2018-12-01 14:59:00', 0, 325000),
(714, 1, 'INVC/JUAL/011218/1543662363', '2018-12-01 18:04:00', 0, 950000),
(715, 1, 'INVC/JUAL/031218/1543850686', '2018-12-03 22:17:00', 0, 390000),
(716, 1, 'INVC/JUAL/031218/1543852691', '2018-12-03 22:25:00', 0, 520000),
(717, 1, 'INVC/JUAL/031218/1543855205', '2018-12-03 23:39:00', 0, 275000),
(718, 1, 'INVC/JUAL/031218/1543855572', '2018-12-03 23:40:00', 0, 370000),
(719, 1, 'INVC/JUAL/041218/1543931239', '2018-12-04 20:45:00', 0, 730000);
INSERT INTO `tbl_juallog` (`log_id`, `akun_id`, `jual_invoice`, `log_tanggal`, `log_biayaLain`, `log_bayar`) VALUES
(722, 1, 'INVC/JUAL/051218/1544015314', '2018-12-05 20:07:00', 0, 370000),
(723, 1, 'INVC/JUAL/051218/1544015386', '2018-12-05 20:08:00', 0, 150000),
(724, 1, 'INVC/JUAL/051218/1544026067', '2018-12-05 23:06:00', 0, 275000),
(726, 1, 'INVC/JUAL/051218/1544026335', '2018-12-05 23:11:00', 0, 55000),
(727, 1, 'INVC/JUAL/051218/1544026621', '2018-12-05 23:15:00', 0, 450000),
(730, 1, 'INVC/JUAL/071218/1544117725', '2018-12-07 00:34:00', 0, 0),
(731, 1, 'INVC/JUAL/071218/1544117839', '2018-12-07 00:36:00', 0, 270000),
(732, 1, 'INVC/JUAL/071218/1544117951', '2018-12-07 00:37:00', 0, 270000),
(733, 1, 'INVC/JUAL/081218/1544242521', '2018-12-08 11:14:00', 0, 290000),
(734, 1, 'INVC/JUAL/081218/1544245940', '2018-12-08 12:11:00', 0, 195000),
(735, 1, 'INVC/JUAL/081218/1544260894', '2018-12-08 16:21:00', 0, 160000),
(736, 1, 'INVC/JUAL/081218/1544261621', '2018-12-08 16:32:00', 0, 100000),
(737, 1, 'INVC/JUAL/091218/1544349223', '2018-12-09 16:50:00', 0, 470000),
(738, 1, 'INVC/JUAL/101218/1544438939', '2018-12-10 17:48:00', 10000, 60000),
(739, 1, 'INVC/JUAL/101218/1544453411', '2018-12-10 21:49:00', 0, 220000),
(740, 1, 'INVC/JUAL/101218/1544453474', '2018-12-10 21:50:00', 0, 210000),
(741, 1, 'INVC/JUAL/111218/1544542015', '2018-12-11 22:25:00', 35000, 155000),
(742, 1, 'INVC/JUAL/111218/1544542143', '2018-12-11 22:27:00', 0, 330000),
(743, 1, 'INVC/JUAL/111218/1544542266', '2018-12-11 22:29:00', 0, 90000),
(744, 1, 'INVC/JUAL/111218/1544542326', '2018-12-11 22:31:00', 0, 100000),
(745, 1, 'INVC/JUAL/111218/1544542434', '2018-12-11 22:32:00', 0, 70000),
(746, 1, 'INVC/JUAL/111218/1544542584', '2018-12-11 22:35:00', 0, 50000),
(747, 1, 'INVC/JUAL/121218/1544613037', '2018-12-12 18:06:00', 0, 370000),
(748, 1, 'INVC/JUAL/121218/1544613169', '2018-12-12 18:12:00', 11000, 111000),
(749, 1, 'INVC/JUAL/121218/1544617613', '2018-12-12 19:25:00', 0, 260000),
(750, 1, 'INVC/JUAL/121218/1544624089', '2018-12-12 21:13:00', 9000, 179000),
(751, 1, 'INVC/JUAL/141218/1544724422', '2018-12-14 00:03:00', 0, 760000),
(752, 1, 'INVC/JUAL/141218/1544772964', '2018-12-14 14:35:00', 0, 250000),
(753, 1, 'INVC/JUAL/141218/1544779460', '2018-12-14 16:23:00', 20000, 80000),
(754, 1, 'INVC/JUAL/141218/1544791082', '2018-12-14 19:37:00', 0, 130000),
(755, 1, 'INVC/JUAL/141218/1544791209', '2018-12-14 19:38:00', 56000, 346000),
(756, 1, 'INVC/JUAL/141218/1544791361', '2018-12-14 19:41:00', 0, 285000),
(757, 1, 'INVC/JUAL/141218/1544795177', '2018-12-14 20:45:00', 0, 180000),
(758, 1, 'INVC/JUAL/151218/1544853884', '2018-12-15 13:01:00', 36000, 616000),
(759, 1, 'INVC/JUAL/161218/1544931780', '2018-12-16 10:42:00', 0, 135000),
(760, 1, 'INVC/JUAL/161218/1544975715', '2018-12-16 22:54:00', 0, 420000),
(761, 1, 'INVC/JUAL/161218/1544975796', '2018-12-16 22:55:00', 0, 0),
(762, 1, 'INVC/JUAL/161218/1544975796', '2018-12-18 01:37:00', 0, 40000),
(763, 1, 'INVC/JUAL/181218/1545072148', '2018-12-18 01:38:00', 0, 1955000),
(764, 1, 'INVC/JUAL/181218/1545072253', '2018-12-18 01:43:00', 0, 340000),
(765, 1, 'INVC/JUAL/161218/1544975796', '2018-12-19 19:06:00', 0, 120000),
(766, 1, 'INVC/JUAL/161218/1544975796', '2018-12-19 19:06:00', 0, 120000),
(767, 1, 'INVC/JUAL/161218/1544975796', '2018-12-19 19:06:00', 0, -120000),
(768, 1, 'INVC/JUAL/191218/1545221295', '2018-12-19 19:07:00', 0, 75000),
(769, 1, 'INVC/JUAL/191218/1545221381', '2018-12-19 19:08:00', 0, 255000),
(770, 1, 'INVC/JUAL/201218/1545283579', '2018-12-20 12:24:00', 0, 330000),
(771, 1, 'INVC/JUAL/201218/1545283769', '2018-12-20 12:28:00', 0, 270000),
(772, 1, 'INVC/JUAL/211218/1545326323', '2018-12-21 00:16:00', 0, 325000),
(773, 1, 'INVC/JUAL/221218/1545495165', '2018-12-22 23:07:00', 0, 590000),
(774, 1, 'INVC/JUAL/191218/1545221295', '2018-12-22 23:16:00', 0, 40000),
(775, 1, 'INVC/JUAL/221218/1545495165', '2018-12-22 23:17:00', 0, 260000),
(776, 1, 'INVC/JUAL/241218/1545644967', '2018-12-24 16:48:00', 0, 150000),
(777, 1, 'INVC/JUAL/241218/1545647429', '2018-12-24 17:29:00', 0, 460000),
(778, 1, 'INVC/JUAL/251218/1545721029', '2018-12-25 13:52:00', 0, 690000),
(779, 1, 'INVC/JUAL/251218/1545721127', '2018-12-25 13:57:00', 20000, 460000),
(780, 1, 'INVC/JUAL/271218/1545885536', '2018-12-27 11:38:00', 0, 160000),
(781, 1, 'INVC/JUAL/271218/1545885648', '2018-12-27 11:39:00', 80000, 340000),
(782, 1, 'INVC/JUAL/271218/1545885771', '2018-12-27 11:41:00', 0, 635000),
(783, 1, 'INVC/JUAL/281218/1545936395', '2018-12-28 01:45:00', 18500, 413500),
(784, 1, 'INVC/JUAL/281218/1545973313', '2018-12-28 12:00:00', 0, 220000),
(785, 1, 'INVC/JUAL/311218/1546192254', '2018-12-31 00:49:00', 0, 325000),
(786, 1, 'INVC/JUAL/311218/1546192514', '2018-12-31 00:52:00', 0, 100000),
(787, 1, 'INVC/JUAL/311218/1546227969', '2018-12-31 10:43:00', 0, 140000),
(788, 1, 'INVC/JUAL/311218/1546231825', '2018-12-31 11:49:00', 0, 120000),
(789, 1, 'INVC/JUAL/311218/1546244251', '2018-12-31 15:16:00', 0, 350000),
(790, 1, 'INVC/JUAL/311218/1546244364', '2018-12-31 15:17:00', 0, 380000),
(791, 1, 'INVC/JUAL/010119/1546282681', '2019-01-01 01:57:00', 0, 275000),
(792, 1, 'INVC/JUAL/020119/1546411368', '2019-01-02 13:42:00', 0, 700000),
(793, 1, 'INVC/JUAL/020119/1546411463', '2019-01-02 13:43:00', 0, 0),
(794, 1, 'INVC/JUAL/020119/1546411872', '2019-01-02 13:48:00', 0, 855000),
(795, 1, 'INVC/JUAL/020119/1546411943', '2019-01-02 13:52:00', 0, 100000),
(796, 1, 'INVC/JUAL/020119/1546433125', '2019-01-02 19:43:00', 0, 190000),
(797, 1, 'INVC/JUAL/020119/1546433223', '2019-01-02 19:45:00', 0, 325000),
(798, 1, 'INVC/JUAL/020119/1546433296', '2019-01-02 19:47:00', 0, 675000),
(799, 1, 'INVC/JUAL/020119/1546447552', '2019-01-02 23:44:00', 0, 410000),
(800, 1, 'INVC/JUAL/030119/1546495915', '2019-01-03 13:10:00', 0, 405000),
(801, 1, 'INVC/JUAL/040119/1546534919', '2019-01-03 23:59:00', 0, 610000),
(802, 1, 'INVC/JUAL/040119/1546535016', '2019-01-04 00:02:00', 0, 280000),
(803, 1, 'INVC/JUAL/040119/1546586570', '2019-01-04 14:21:00', 0, 570000),
(804, 1, 'INVC/JUAL/050119/1546697578', '2019-01-05 21:12:00', 0, 515000),
(805, 1, 'INVC/JUAL/050119/1546697777', '2019-01-05 21:13:00', 0, 1115000),
(806, 1, 'INVC/JUAL/050119/1546697845', '2019-01-05 21:16:00', 0, 0),
(807, 1, 'INVC/JUAL/060119/1546785629', '2019-01-06 21:35:00', 0, 1220000),
(808, 1, 'INVC/JUAL/080119/1546925136', '2019-01-08 12:23:00', 0, 355000),
(809, 1, 'INVC/JUAL/090119/1547007912', '2019-01-09 11:24:00', 0, 140000),
(810, 1, 'INVC/JUAL/090119/1547009014', '2019-01-09 11:25:00', 0, 710000),
(811, 1, 'INVC/JUAL/090119/1547009313', '2019-01-09 11:47:00', 0, 180000),
(812, 1, 'INVC/JUAL/090119/1547009401', '2019-01-09 11:47:00', 0, 180000),
(813, 1, 'INVC/JUAL/090119/1547048889', '2019-01-09 22:44:00', 0, 540000),
(814, 1, 'INVC/JUAL/090119/1547048991', '2019-01-09 22:49:00', 0, 415000),
(815, 1, 'INVC/JUAL/110119/1547222889', '2019-01-11 23:03:00', 0, 1510000),
(816, 1, 'INVC/JUAL/120119/1547278030', '2019-01-12 14:26:00', 0, 340000),
(817, 1, 'INVC/JUAL/130119/1547355720', '2019-01-13 12:00:00', 0, 470000),
(818, 1, 'INVC/JUAL/130119/1547393229', '2019-01-13 22:26:00', 0, 375000),
(819, 1, 'INVC/JUAL/140119/1547473374', '2019-01-14 20:40:00', 0, 630000),
(820, 1, 'INVC/JUAL/150119/1547528367', '2019-01-15 11:54:00', 0, 675000),
(821, 1, 'INVC/JUAL/150119/1547528477', '2019-01-15 12:00:00', 0, 380000),
(822, 1, 'INVC/JUAL/150119/1547528367', '2019-01-15 12:01:00', 0, 185000),
(823, 1, 'INVC/JUAL/150119/1547549374', '2019-01-15 17:48:00', 0, 935000),
(824, 1, 'INVC/JUAL/160119/1547576588', '2019-01-16 01:19:00', 0, 1090000),
(825, 1, 'INVC/JUAL/160119/1547579643', '2019-01-16 02:13:00', 0, 125000),
(827, 1, 'INVC/JUAL/160119/1547631613', '2019-01-16 16:39:00', 0, 25000),
(828, 1, 'INVC/JUAL/160119/1547644486', '2019-01-16 20:13:00', 0, 350000),
(829, 1, 'INVC/JUAL/160119/1547655513', '2019-01-16 23:17:00', 0, 260000),
(830, 1, 'INVC/JUAL/170119/1547725382', '2019-01-17 18:42:00', 0, 845000),
(831, 1, 'INVC/JUAL/170119/1547725732', '2019-01-17 18:44:00', 50000, 1100000),
(832, 1, 'INVC/JUAL/170119/1547726676', '2019-01-17 19:04:00', 76000, 626000),
(833, 1, 'INVC/JUAL/200119/1547975089', '2019-01-20 16:01:00', 0, 1320000),
(834, 1, 'INVC/JUAL/200119/1547975089', '2019-01-20 16:06:00', 0, 5000),
(835, 1, 'INVC/JUAL/200119/1547975390', '2019-01-20 16:08:00', 0, 435000),
(836, 1, 'INVC/JUAL/200119/1547996175', '2019-01-20 21:55:00', 0, 290000),
(837, 1, 'INVC/JUAL/210119/1548051610', '2019-01-21 13:19:00', 30000, 130000),
(838, 1, 'INVC/JUAL/220119/1548094048', '2019-01-22 01:05:00', 0, 675000),
(839, 1, 'INVC/JUAL/220119/1548137160', '2019-01-22 12:59:00', 0, 260000),
(840, 1, 'INVC/JUAL/230119/1548199420', '2019-01-23 06:22:00', 0, 310000),
(841, 1, 'INVC/JUAL/230119/1548240178', '2019-01-23 17:40:00', 0, 430000),
(842, 1, 'INVC/JUAL/230119/1548240381', '2019-01-23 17:43:00', 80000, 485000),
(843, 1, 'INVC/JUAL/230119/1548260228', '2019-01-23 23:11:00', 0, 760000),
(844, 1, 'INVC/JUAL/240119/1548332648', '2019-01-24 19:21:00', 0, 1035000),
(845, 1, 'INVC/JUAL/240119/1548335633', '2019-01-24 20:13:00', 0, 20000),
(846, 1, 'INVC/JUAL/240119/1548345190', '2019-01-24 22:51:00', 0, 85000),
(847, 1, 'INVC/JUAL/260119/1548519205', '2019-01-26 23:03:00', 0, 2245000),
(848, 1, 'INVC/JUAL/280119/1548650600', '2019-01-28 11:42:00', 230000, 535000),
(849, 1, 'INVC/JUAL/300119/1548787261', '2019-01-30 01:09:00', 0, 1325000),
(850, 1, 'INVC/JUAL/300119/1548825112', '2019-01-30 12:09:00', 0, 160000);

--
-- Triggers `tbl_juallog`
--
DELIMITER $$
CREATE TRIGGER `kas_hapusPenjualan` AFTER DELETE ON `tbl_juallog` FOR EACH ROW DELETE FROM tbl_kas WHERE kas_ref = old.jual_invoice
$$
DELIMITER ;
DELIMITER $$
CREATE TRIGGER `kas_penjualan` AFTER INSERT ON `tbl_juallog` FOR EACH ROW INSERT INTO tbl_kas 
            (kas_tanggal, kas_kode, kas_nominal, kas_keterangan, kas_ref) 
        VALUES 
            (new.log_tanggal, 'D', new.log_bayar, 'Penjualan', new.jual_invoice), 
            (new.log_tanggal, 'K', new.log_biayaLain, 'Biaya Lain Penjualan', new.jual_invoice)
$$
DELIMITER ;

-- --------------------------------------------------------

--
-- Table structure for table `tbl_kas`
--

CREATE TABLE `tbl_kas` (
  `kas_id` int(11) NOT NULL,
  `kas_tanggal` datetime NOT NULL,
  `kas_kode` enum('K','D') COLLATE utf8_unicode_ci NOT NULL,
  `kas_nominal` int(11) NOT NULL,
  `kas_keterangan` text COLLATE utf8_unicode_ci DEFAULT NULL,
  `kas_ref` varchar(150) COLLATE utf8_unicode_ci DEFAULT NULL
) ENGINE=InnoDB DEFAULT CHARSET=utf8 COLLATE=utf8_unicode_ci;

--
-- Dumping data for table `tbl_kas`
--

INSERT INTO `tbl_kas` (`kas_id`, `kas_tanggal`, `kas_kode`, `kas_nominal`, `kas_keterangan`, `kas_ref`) VALUES
(1, '2018-08-08 23:16:00', 'K', 2237500, 'Pembelian', 'INVC/BELI/080818/1533745053'),
(2, '2018-08-12 09:06:00', 'K', 420000, 'Pembelian', 'INVC/BELI/120818/1534039635'),
(3, '2018-08-12 09:06:00', 'K', 420000, 'Pembelian', 'INVC/BELI/120818/1534039635'),
(4, '2018-08-14 10:04:00', 'K', 420000, 'Pembelian', 'INVC/BELI/140818/1534215910'),
(5, '2018-08-23 21:14:00', 'K', 585000, 'Pembelian', 'INVC/BELI/230818/1535036524'),
(6, '2018-08-27 16:35:00', 'K', 220000, 'Pembelian', 'INVC/BELI/270818/1535362596'),
(7, '2018-08-27 16:37:00', 'K', 16000, 'Pembelian', 'INVC/BELI/270818/1535362596'),
(8, '2018-08-27 16:39:00', 'K', 150000, 'Pembelian', 'INVC/BELI/270818/1535362801'),
(9, '2018-08-27 17:00:00', 'K', 1992000, 'Pembelian', 'INVC/BELI/270818/1535364505'),
(10, '2018-08-27 17:08:00', 'K', 150000, 'Pembelian', 'INVC/BELI/270818/1535364537'),
(11, '2018-08-27 17:09:00', 'K', 468000, 'Pembelian', 'INVC/BELI/270818/1535364720'),
(12, '2018-08-27 17:12:00', 'K', 564000, 'Pembelian', 'INVC/BELI/270818/1535365021'),
(13, '2018-08-03 19:30:00', 'D', 0, 'Penjualan', 'INVC/JUAL/050818/1533484411'),
(14, '2018-08-03 20:10:00', 'D', 100000, 'Penjualan', 'INVC/JUAL/050818/1533485513'),
(15, '2018-08-03 21:13:00', 'D', 50000, 'Penjualan', 'INVC/JUAL/050818/1533485650'),
(16, '2018-08-06 00:54:00', 'D', 0, 'Penjualan', 'INVC/JUAL/070818/1533578119'),
(17, '2018-08-06 17:50:00', 'D', 160000, 'Penjualan', 'INVC/JUAL/060818/1533552664'),
(18, '2018-08-06 17:51:00', 'D', 50000, 'Penjualan', 'INVC/JUAL/060818/1533552766'),
(19, '2018-08-06 17:53:00', 'D', 100000, 'Penjualan', 'INVC/JUAL/060818/1533552939'),
(20, '2018-08-06 17:58:00', 'D', 15000, 'Penjualan', 'INVC/JUAL/060818/1533553124'),
(21, '2018-08-06 18:04:00', 'D', 100000, 'Penjualan', 'INVC/JUAL/060818/1533553487'),
(22, '2018-08-06 19:58:00', 'D', 135000, 'Penjualan', 'INVC/JUAL/060818/1533560467'),
(23, '2018-08-06 20:01:00', 'D', 150000, 'Penjualan', 'INVC/JUAL/060818/1533560550'),
(24, '2018-08-06 20:09:00', 'D', 25000, 'Penjualan', 'INVC/JUAL/060818/1533561042'),
(25, '2018-08-06 20:09:00', 'D', 25000, 'Penjualan', 'INVC/JUAL/050818/1533484411'),
(26, '2018-08-06 20:25:00', 'D', 115000, 'Penjualan', 'INVC/JUAL/060818/1533562005'),
(27, '2018-08-06 20:52:00', 'D', 0, 'Penjualan', 'INVC/JUAL/060818/1533560467'),
(28, '2018-08-06 21:03:00', 'D', -470000, 'Penjualan', 'INVC/JUAL/060818/1533564365'),
(29, '2018-08-06 21:07:00', 'D', 0, 'Penjualan', 'INVC/JUAL/060818/1533564559'),
(30, '2018-08-06 21:12:00', 'D', 0, 'Penjualan', 'INVC/JUAL/060818/1533565150'),
(31, '2018-08-06 21:20:00', 'D', 470000, 'Penjualan', 'INVC/JUAL/060818/1533564365'),
(32, '2018-08-06 21:21:00', 'D', 0, 'Penjualan', 'INVC/JUAL/060818/1533564365'),
(33, '2018-08-07 00:55:00', 'D', 211000, 'Penjualan', 'INVC/JUAL/070818/1533578392'),
(34, '2018-08-07 00:55:00', 'K', 11000, 'Biaya Lain Penjualan', 'INVC/JUAL/070818/1533578392'),
(35, '2018-08-07 01:00:00', 'D', 565000, 'Penjualan', 'INVC/JUAL/070818/1533578639'),
(36, '2018-08-07 01:00:00', 'K', 23000, 'Biaya Lain Penjualan', 'INVC/JUAL/070818/1533578639'),
(37, '2018-08-07 01:04:00', 'D', 23000, 'Penjualan', 'INVC/JUAL/070818/1533578639'),
(38, '2018-08-07 01:08:00', 'D', 49000, 'Penjualan', 'INVC/JUAL/070818/1533578984'),
(39, '2018-08-07 01:08:00', 'K', 19000, 'Biaya Lain Penjualan', 'INVC/JUAL/070818/1533578984'),
(40, '2018-08-07 01:14:00', 'D', 201000, 'Penjualan', 'INVC/JUAL/070818/1533579357'),
(41, '2018-08-07 01:14:00', 'K', 11000, 'Biaya Lain Penjualan', 'INVC/JUAL/070818/1533579357'),
(42, '2018-08-07 19:06:00', 'D', 70000, 'Penjualan', 'INVC/JUAL/070818/1533643807'),
(43, '2018-08-07 19:18:00', 'D', 120000, 'Penjualan', 'INVC/JUAL/070818/1533644596'),
(44, '2018-08-07 21:19:00', 'D', 230000, 'Penjualan', 'INVC/JUAL/070818/1533652191'),
(45, '2018-08-07 21:33:00', 'D', 20000, 'Penjualan', 'INVC/JUAL/070818/1533652431'),
(46, '2018-08-07 21:35:00', 'D', 255000, 'Penjualan', 'INVC/JUAL/070818/1533653002'),
(47, '2018-08-07 21:43:00', 'D', 265000, 'Penjualan', 'INVC/JUAL/070818/1533653193'),
(48, '2018-08-07 21:43:00', 'K', 20000, 'Biaya Lain Penjualan', 'INVC/JUAL/070818/1533653193'),
(49, '2018-08-07 21:46:00', 'D', 76000, 'Penjualan', 'INVC/JUAL/070818/1533653263'),
(50, '2018-08-07 21:46:00', 'K', 11000, 'Biaya Lain Penjualan', 'INVC/JUAL/070818/1533653263'),
(51, '2018-08-07 21:47:00', 'D', 456000, 'Penjualan', 'INVC/JUAL/070818/1533654112'),
(52, '2018-08-07 21:47:00', 'K', 16000, 'Biaya Lain Penjualan', 'INVC/JUAL/070818/1533654112'),
(53, '2018-08-07 22:02:00', 'D', 10000, 'Penjualan', 'INVC/JUAL/070818/1533654153'),
(54, '2018-08-07 22:04:00', 'D', 150000, 'Penjualan', 'INVC/JUAL/070818/1533654303'),
(55, '2018-08-07 22:05:00', 'D', 170000, 'Penjualan', 'INVC/JUAL/070818/1533654378'),
(56, '2018-08-07 22:06:00', 'D', 173000, 'Penjualan', 'INVC/JUAL/070818/1533654461'),
(57, '2018-08-07 22:06:00', 'K', 23000, 'Biaya Lain Penjualan', 'INVC/JUAL/070818/1533654461'),
(58, '2018-08-07 22:08:00', 'D', 0, 'Penjualan', 'INVC/JUAL/070818/1533654461'),
(59, '2018-08-07 22:16:00', 'D', 70000, 'Penjualan', 'INVC/JUAL/070818/1533655139'),
(60, '2018-08-07 22:16:00', 'K', 30000, 'Biaya Lain Penjualan', 'INVC/JUAL/070818/1533655139'),
(61, '2018-08-07 22:25:00', 'D', 313000, 'Penjualan', 'INVC/JUAL/070818/1533655733'),
(62, '2018-08-07 22:25:00', 'K', 53000, 'Biaya Lain Penjualan', 'INVC/JUAL/070818/1533655733'),
(63, '2018-08-07 23:04:00', 'D', 135000, 'Penjualan', 'INVC/JUAL/070818/1533657944'),
(64, '2018-08-08 23:37:00', 'D', 25000, 'Penjualan', 'INVC/JUAL/080818/1533746816'),
(65, '2018-08-08 23:47:00', 'D', 0, 'Penjualan', 'INVC/JUAL/080818/1533746843'),
(66, '2018-08-08 23:47:00', 'D', 25000, 'Penjualan', 'INVC/JUAL/080818/1533746843'),
(67, '2018-08-08 23:49:00', 'D', 0, 'Penjualan', 'INVC/JUAL/080818/1533747053'),
(68, '2018-08-08 23:49:00', 'D', 0, 'Penjualan', 'INVC/JUAL/080818/1533746978'),
(69, '2018-08-08 23:51:00', 'D', 0, 'Penjualan', 'INVC/JUAL/080818/1533747053'),
(70, '2018-08-08 23:52:00', 'D', 0, 'Penjualan', 'INVC/JUAL/080818/1533747206'),
(71, '2018-08-08 23:53:00', 'D', 120000, 'Penjualan', 'INVC/JUAL/080818/1533747288'),
(72, '2018-08-08 23:55:00', 'D', 50000, 'Penjualan', 'INVC/JUAL/070818/1533578119'),
(73, '2018-08-08 23:57:00', 'D', 25000, 'Penjualan', 'INVC/JUAL/090818/1533750737'),
(74, '2018-08-09 00:52:00', 'D', 65000, 'Penjualan', 'INVC/JUAL/090818/1533750793'),
(75, '2018-08-09 11:50:00', 'D', 117000, 'Penjualan', 'INVC/JUAL/090818/1533790337'),
(76, '2018-08-09 11:50:00', 'K', 17000, 'Biaya Lain Penjualan', 'INVC/JUAL/090818/1533790337'),
(77, '2018-08-09 18:50:00', 'D', 120000, 'Penjualan', 'INVC/JUAL/090818/1533815708'),
(78, '2018-08-09 19:16:00', 'D', 150000, 'Penjualan', 'INVC/JUAL/090818/1533817104'),
(79, '2018-08-09 19:27:00', 'D', 195000, 'Penjualan', 'INVC/JUAL/090818/1533817782'),
(80, '2018-08-09 19:42:00', 'D', 120000, 'Penjualan', 'INVC/JUAL/090818/1533818792'),
(81, '2018-08-09 19:50:00', 'D', 180000, 'Penjualan', 'INVC/JUAL/090818/1533819351'),
(82, '2018-08-09 20:37:00', 'D', -80000, 'Penjualan', 'INVC/JUAL/090818/1533819351'),
(83, '2018-08-09 20:38:00', 'D', 0, 'Penjualan', 'INVC/JUAL/090818/1533821966'),
(84, '2018-08-10 18:40:00', 'D', 365000, 'Penjualan', 'INVC/JUAL/100818/1533901305'),
(85, '2018-08-10 19:35:00', 'D', 100000, 'Penjualan', 'INVC/JUAL/100818/1533904555'),
(86, '2018-08-10 20:23:00', 'D', 65000, 'Penjualan', 'INVC/JUAL/100818/1533907434'),
(87, '2018-08-10 20:46:00', 'D', 60000, 'Penjualan', 'INVC/JUAL/100818/1533908846'),
(88, '2018-08-11 13:55:00', 'D', 25000, 'Penjualan', 'INVC/JUAL/090818/1533821966'),
(89, '2018-08-11 13:56:00', 'D', 70000, 'Penjualan', 'INVC/JUAL/110818/1533970678'),
(90, '2018-08-11 13:58:00', 'D', 25000, 'Penjualan', 'INVC/JUAL/110818/1533970857'),
(91, '2018-08-11 14:07:00', 'D', 100000, 'Penjualan', 'INVC/JUAL/110818/1533971282'),
(92, '2018-08-11 14:08:00', 'D', 565000, 'Penjualan', 'INVC/JUAL/110818/1533971456'),
(93, '2018-08-11 14:11:00', 'D', 100000, 'Penjualan', 'INVC/JUAL/110818/1533971786'),
(94, '2018-08-11 14:27:00', 'D', 20000, 'Penjualan', 'INVC/JUAL/110818/1533972528'),
(95, '2018-08-12 01:06:00', 'D', 0, 'Penjualan', 'INVC/JUAL/120818/1534011041'),
(96, '2018-08-12 01:11:00', 'D', 490000, 'Penjualan', 'INVC/JUAL/120818/1534011041'),
(97, '2018-08-12 01:11:00', 'K', 20000, 'Biaya Lain Penjualan', 'INVC/JUAL/120818/1534011041'),
(98, '2018-08-12 01:13:00', 'D', 422000, 'Penjualan', 'INVC/JUAL/120818/1534011276'),
(99, '2018-08-12 01:13:00', 'K', 22000, 'Biaya Lain Penjualan', 'INVC/JUAL/120818/1534011276'),
(100, '2018-08-12 01:15:00', 'D', 271500, 'Penjualan', 'INVC/JUAL/120818/1534011429'),
(101, '2018-08-12 01:15:00', 'K', 21500, 'Biaya Lain Penjualan', 'INVC/JUAL/120818/1534011429'),
(102, '2018-08-12 08:45:00', 'D', 0, 'Penjualan', 'INVC/JUAL/120818/1534039005'),
(103, '2018-08-12 10:13:00', 'D', 65000, 'Penjualan', 'INVC/JUAL/140818/1534216437'),
(104, '2018-08-14 11:40:00', 'D', 20000, 'Penjualan', 'INVC/JUAL/140818/1534221718'),
(105, '2018-08-14 11:43:00', 'D', 130000, 'Penjualan', 'INVC/JUAL/140818/1534221809'),
(106, '2018-08-14 11:45:00', 'D', 461000, 'Penjualan', 'INVC/JUAL/140818/1534222040'),
(107, '2018-08-14 11:45:00', 'K', 11000, 'Biaya Lain Penjualan', 'INVC/JUAL/140818/1534222040'),
(108, '2018-08-14 11:49:00', 'D', 283000, 'Penjualan', 'INVC/JUAL/140818/1534222290'),
(109, '2018-08-14 11:49:00', 'K', 18000, 'Biaya Lain Penjualan', 'INVC/JUAL/140818/1534222290'),
(110, '2018-08-14 11:52:00', 'D', 0, 'Penjualan', 'INVC/JUAL/140818/1534222290'),
(111, '2018-08-14 14:46:00', 'D', 220000, 'Penjualan', 'INVC/JUAL/140818/1534232837'),
(112, '2018-08-14 14:47:00', 'D', 0, 'Penjualan', 'INVC/JUAL/140818/1534232917'),
(113, '2018-08-15 19:43:00', 'D', 330000, 'Penjualan', 'INVC/JUAL/150818/1534337409'),
(114, '2018-08-15 19:50:00', 'D', 70000, 'Penjualan', 'INVC/JUAL/150818/1534337505'),
(115, '2018-08-15 19:53:00', 'D', 125000, 'Penjualan', 'INVC/JUAL/150818/1534337658'),
(116, '2018-08-15 19:54:00', 'D', 200000, 'Penjualan', 'INVC/JUAL/150818/1534337719'),
(117, '2018-08-15 20:39:00', 'D', 25000, 'Penjualan', 'INVC/JUAL/150818/1534342009'),
(118, '2018-08-15 21:08:00', 'D', 100000, 'Penjualan', 'INVC/JUAL/090818/1533819351'),
(119, '2018-08-15 21:09:00', 'D', 70000, 'Penjualan', 'INVC/JUAL/150818/1534342209'),
(120, '2018-08-15 22:28:00', 'D', 100000, 'Penjualan', 'INVC/JUAL/150818/1534346952'),
(121, '2018-08-15 22:46:00', 'D', 25000, 'Penjualan', 'INVC/JUAL/080818/1533746978'),
(122, '2018-08-15 22:55:00', 'D', 90000, 'Penjualan', 'INVC/JUAL/150818/1534348687'),
(123, '2018-08-15 23:24:00', 'D', 238000, 'Penjualan', 'INVC/JUAL/150818/1534350378'),
(124, '2018-08-15 23:24:00', 'K', 38000, 'Biaya Lain Penjualan', 'INVC/JUAL/150818/1534350378'),
(125, '2018-08-15 23:26:00', 'D', 155000, 'Penjualan', 'INVC/JUAL/150818/1534350451'),
(126, '2018-08-15 23:27:00', 'D', 150000, 'Penjualan', 'INVC/JUAL/150818/1534350542'),
(127, '2018-08-15 23:31:00', 'D', 70000, 'Penjualan', 'INVC/JUAL/150818/1534350748'),
(128, '2018-08-15 23:32:00', 'D', 550000, 'Penjualan', 'INVC/JUAL/150818/1534351058'),
(129, '2018-08-15 23:43:00', 'D', 25000, 'Penjualan', 'INVC/JUAL/150818/1534351514'),
(130, '2018-08-15 23:48:00', 'D', 0, 'Penjualan', 'INVC/JUAL/060818/1533564365'),
(131, '2018-08-15 23:49:00', 'D', 0, 'Penjualan', 'INVC/JUAL/060818/1533565150'),
(132, '2018-08-15 23:51:00', 'D', 0, 'Penjualan', 'INVC/JUAL/080818/1533747053'),
(133, '2018-08-15 23:52:00', 'D', 0, 'Penjualan', 'INVC/JUAL/080818/1533747206'),
(134, '2018-08-16 00:03:00', 'D', 0, 'Penjualan', 'INVC/JUAL/160818/1534352726'),
(135, '2018-08-16 12:21:00', 'D', 125000, 'Penjualan', 'INVC/JUAL/140818/1534232917'),
(136, '2018-08-16 16:21:00', 'D', 135000, 'Penjualan', 'INVC/JUAL/160818/1534413770'),
(137, '2018-08-16 17:02:00', 'D', 260000, 'Penjualan', 'INVC/JUAL/160818/1534413846'),
(138, '2018-08-16 23:27:00', 'D', 18000, 'Penjualan', 'INVC/JUAL/160818/1534436872'),
(139, '2018-08-16 23:28:00', 'D', 550000, 'Penjualan', 'INVC/JUAL/160818/1534436990'),
(140, '2018-08-16 23:30:00', 'D', 100000, 'Penjualan', 'INVC/JUAL/160818/1534437117'),
(141, '2018-08-16 23:32:00', 'D', 100000, 'Penjualan', 'INVC/JUAL/160818/1534437245'),
(142, '2018-08-16 23:34:00', 'D', 70000, 'Penjualan', 'INVC/JUAL/160818/1534437342'),
(143, '2018-08-17 12:29:00', 'D', 265000, 'Penjualan', 'INVC/JUAL/170818/1534483883'),
(144, '2018-08-17 12:29:00', 'K', 20000, 'Biaya Lain Penjualan', 'INVC/JUAL/170818/1534483883'),
(145, '2018-08-17 12:31:00', 'D', 284000, 'Penjualan', 'INVC/JUAL/170818/1534483983'),
(146, '2018-08-17 12:31:00', 'K', 54000, 'Biaya Lain Penjualan', 'INVC/JUAL/170818/1534483983'),
(147, '2018-08-17 12:33:00', 'D', 550000, 'Penjualan', 'INVC/JUAL/170818/1534484141'),
(148, '2018-08-17 20:42:00', 'D', 60000, 'Penjualan', 'INVC/JUAL/170818/1534513406'),
(149, '2018-08-17 20:49:00', 'D', 0, 'Penjualan', 'INVC/JUAL/170818/1534484141'),
(150, '2018-08-17 21:55:00', 'D', 145000, 'Penjualan', 'INVC/JUAL/170818/1534517739'),
(151, '2018-08-17 21:55:00', 'D', 0, 'Penjualan', 'INVC/JUAL/170818/1534517739'),
(152, '2018-08-17 21:56:00', 'D', 130000, 'Penjualan', 'INVC/JUAL/170818/1534517864'),
(153, '2018-08-17 21:58:00', 'D', 35000, 'Penjualan', 'INVC/JUAL/170818/1534517907'),
(154, '2018-08-18 10:07:00', 'D', 160000, 'Penjualan', 'INVC/JUAL/180818/1534561738'),
(155, '2018-08-18 23:35:00', 'D', 346500, 'Penjualan', 'INVC/JUAL/180818/1534610265'),
(156, '2018-08-18 23:35:00', 'K', 26500, 'Biaya Lain Penjualan', 'INVC/JUAL/180818/1534610265'),
(157, '2018-08-18 23:38:00', 'D', 129000, 'Penjualan', 'INVC/JUAL/180818/1534610356'),
(158, '2018-08-18 23:38:00', 'K', 29000, 'Biaya Lain Penjualan', 'INVC/JUAL/180818/1534610356'),
(159, '2018-08-19 11:55:00', 'D', 150000, 'Penjualan', 'INVC/JUAL/190818/1534654577'),
(160, '2018-08-19 15:59:00', 'D', 0, 'Penjualan', 'INVC/JUAL/190818/1534654577'),
(161, '2018-08-19 15:59:00', 'D', 230000, 'Penjualan', 'INVC/JUAL/190818/1534669286'),
(162, '2018-08-19 16:01:00', 'D', 70000, 'Penjualan', 'INVC/JUAL/190818/1534669347'),
(163, '2018-08-19 18:01:00', 'D', 75000, 'Penjualan', 'INVC/JUAL/190818/1534676527'),
(164, '2018-08-20 10:54:00', 'D', 100000, 'Penjualan', 'INVC/JUAL/200818/1534737283'),
(165, '2018-08-20 10:54:00', 'D', 70000, 'Penjualan', 'INVC/JUAL/200818/1534737314'),
(166, '2018-08-20 20:30:00', 'D', 108000, 'Penjualan', 'INVC/JUAL/200818/1534772452'),
(167, '2018-08-20 20:30:00', 'K', 23000, 'Biaya Lain Penjualan', 'INVC/JUAL/200818/1534772452'),
(168, '2018-08-20 20:41:00', 'D', 18000, 'Penjualan', 'INVC/JUAL/200818/1534772551'),
(169, '2018-08-20 20:41:00', 'D', 70000, 'Penjualan', 'INVC/JUAL/200818/1534772502'),
(170, '2018-08-20 20:42:00', 'D', 20000, 'Penjualan', 'INVC/JUAL/200818/1534772587'),
(171, '2018-08-20 20:43:00', 'D', 65000, 'Penjualan', 'INVC/JUAL/200818/1534772642'),
(172, '2018-08-20 20:44:00', 'D', 0, 'Penjualan', 'INVC/JUAL/200818/1534772705'),
(173, '2018-08-21 16:53:00', 'D', 18000, 'Penjualan', 'INVC/JUAL/170818/1534513406'),
(174, '2018-08-21 16:57:00', 'D', 321000, 'Penjualan', 'INVC/JUAL/210818/1534845529'),
(175, '2018-08-21 16:57:00', 'K', 21000, 'Biaya Lain Penjualan', 'INVC/JUAL/210818/1534845529'),
(176, '2018-08-21 17:18:00', 'D', 70000, 'Penjualan', 'INVC/JUAL/210818/1534846830'),
(177, '2018-08-21 18:50:00', 'D', -141000, 'Penjualan', 'INVC/JUAL/210818/1534845529'),
(178, '2018-08-21 18:50:00', 'K', 9000, 'Biaya Lain Penjualan', 'INVC/JUAL/210818/1534845529'),
(179, '2018-08-21 20:39:00', 'D', 40000, 'Penjualan', 'INVC/JUAL/210818/1534858818'),
(180, '2018-08-21 20:40:00', 'D', 230000, 'Penjualan', 'INVC/JUAL/210818/1534858866'),
(181, '2018-08-21 20:51:00', 'D', 70000, 'Penjualan', 'INVC/JUAL/210818/1534859504'),
(182, '2018-08-21 22:03:00', 'D', 150000, 'Penjualan', 'INVC/JUAL/210818/1534863856'),
(183, '2018-08-22 11:12:00', 'D', 111000, 'Penjualan', 'INVC/JUAL/220818/1534911228'),
(184, '2018-08-22 11:12:00', 'K', 11000, 'Biaya Lain Penjualan', 'INVC/JUAL/220818/1534911228'),
(185, '2018-08-22 11:14:00', 'D', 0, 'Penjualan', 'INVC/JUAL/220818/1534911228'),
(186, '2018-08-22 11:16:00', 'D', 550000, 'Penjualan', 'INVC/JUAL/220818/1534911446'),
(187, '2018-08-22 14:03:00', 'D', 261000, 'Penjualan', 'INVC/JUAL/220818/1534921414'),
(188, '2018-08-22 14:03:00', 'K', 36000, 'Biaya Lain Penjualan', 'INVC/JUAL/220818/1534921414'),
(189, '2018-08-22 15:36:00', 'D', 140000, 'Penjualan', 'INVC/JUAL/220818/1534927036'),
(190, '2018-08-22 15:36:00', 'D', 30000, 'Penjualan', 'INVC/JUAL/220818/1534926981'),
(191, '2018-08-23 11:18:00', 'D', 0, 'Penjualan', 'INVC/JUAL/230818/1534998019'),
(192, '2018-08-23 11:20:00', 'D', 231000, 'Penjualan', 'INVC/JUAL/230818/1534998133'),
(193, '2018-08-23 11:20:00', 'K', 66000, 'Biaya Lain Penjualan', 'INVC/JUAL/230818/1534998133'),
(194, '2018-08-23 22:02:00', 'D', 675000, 'Penjualan', 'INVC/JUAL/090818/1533750737'),
(195, '2018-08-23 22:20:00', 'D', 100000, 'Penjualan', 'INVC/JUAL/230818/1535037728'),
(196, '2018-08-23 22:22:00', 'D', 20000, 'Penjualan', 'INVC/JUAL/230818/1535038049'),
(197, '2018-08-23 22:31:00', 'D', 230000, 'Penjualan', 'INVC/JUAL/230818/1535038342'),
(198, '2018-08-23 22:32:00', 'D', 18000, 'Penjualan', 'INVC/JUAL/200818/1534772705'),
(199, '2018-08-23 22:32:00', 'D', 73000, 'Penjualan', 'INVC/JUAL/230818/1535043312'),
(200, '2018-08-23 23:56:00', 'D', 30000, 'Penjualan', 'INVC/JUAL/230818/1535043406'),
(201, '2018-08-24 01:23:00', 'D', 185000, 'Penjualan', 'INVC/JUAL/240818/1535048661'),
(202, '2018-08-24 11:30:00', 'D', 250000, 'Penjualan', 'INVC/JUAL/240818/1535085048'),
(203, '2018-08-24 11:31:00', 'D', 260000, 'Penjualan', 'INVC/JUAL/240818/1535085144'),
(204, '2018-08-24 11:31:00', 'K', 5000, 'Biaya Lain Penjualan', 'INVC/JUAL/240818/1535085144'),
(205, '2018-08-24 11:32:00', 'D', 123000, 'Penjualan', 'INVC/JUAL/240818/1535085204'),
(206, '2018-08-24 11:32:00', 'K', 23000, 'Biaya Lain Penjualan', 'INVC/JUAL/240818/1535085204'),
(207, '2018-08-25 09:11:00', 'D', 135000, 'Penjualan', 'INVC/JUAL/250818/1535163180'),
(208, '2018-08-25 09:11:00', 'K', 35000, 'Biaya Lain Penjualan', 'INVC/JUAL/250818/1535163180'),
(209, '2018-08-25 09:13:00', 'D', 50000, 'Penjualan', 'INVC/JUAL/250818/1535163255'),
(210, '2018-08-25 12:43:00', 'D', 35000, 'Penjualan', 'INVC/JUAL/250818/1535175830'),
(211, '2018-08-25 13:41:00', 'D', 70000, 'Penjualan', 'INVC/JUAL/250818/1535180681'),
(212, '2018-08-25 14:20:00', 'D', 45000, 'Penjualan', 'INVC/JUAL/250818/1535181681'),
(213, '2018-08-25 14:21:00', 'D', 0, 'Penjualan', 'INVC/JUAL/250818/1535181708'),
(214, '2018-08-25 14:22:00', 'D', 157000, 'Penjualan', 'INVC/JUAL/250818/1535181787'),
(215, '2018-08-25 14:22:00', 'K', 27000, 'Biaya Lain Penjualan', 'INVC/JUAL/250818/1535181787'),
(216, '2018-08-26 13:34:00', 'D', 230000, 'Penjualan', 'INVC/JUAL/260818/1535265306'),
(217, '2018-08-27 16:29:00', 'D', 208000, 'Penjualan', 'INVC/JUAL/270818/1535362296'),
(218, '2018-08-27 16:29:00', 'K', 8000, 'Biaya Lain Penjualan', 'INVC/JUAL/270818/1535362296'),
(219, '2018-08-27 16:59:00', 'D', 305000, 'Penjualan', 'INVC/JUAL/060818/1533564559'),
(220, '2018-08-27 17:33:00', 'D', 99000, 'Penjualan', 'INVC/JUAL/270818/1535366203'),
(221, '2018-08-27 17:33:00', 'K', 29000, 'Biaya Lain Penjualan', 'INVC/JUAL/270818/1535366203'),
(222, '2018-08-27 18:22:00', 'D', 130000, 'Penjualan', 'INVC/JUAL/270818/1535369002'),
(223, '2018-08-28 19:25:00', 'D', 72000, 'Penjualan', 'INVC/JUAL/280818/1535459159'),
(224, '2018-08-28 19:25:00', 'K', 22000, 'Biaya Lain Penjualan', 'INVC/JUAL/280818/1535459159'),
(225, '2018-08-28 19:26:00', 'D', 200000, 'Penjualan', 'INVC/JUAL/280818/1535459232'),
(226, '2018-08-28 19:26:00', 'K', 0, 'Biaya Lain Penjualan', 'INVC/JUAL/280818/1535459232'),
(227, '2018-08-28 19:27:00', 'D', 205000, 'Penjualan', 'INVC/JUAL/280818/1535459306'),
(228, '2018-08-28 19:27:00', 'K', 0, 'Biaya Lain Penjualan', 'INVC/JUAL/280818/1535459306'),
(229, '2018-08-28 19:28:00', 'D', 469000, 'Penjualan', 'INVC/JUAL/280818/1535459461'),
(230, '2018-08-28 19:28:00', 'K', 19000, 'Biaya Lain Penjualan', 'INVC/JUAL/280818/1535459461'),
(237, '2018-08-28 19:39:00', 'D', 167000, 'Penjualan', 'INVC/JUAL/280818/1535460017'),
(238, '2018-08-28 19:39:00', 'K', 17000, 'Biaya Lain Penjualan', 'INVC/JUAL/280818/1535460017'),
(239, '2018-08-28 19:40:00', 'D', 223000, 'Penjualan', 'INVC/JUAL/280818/1535460113'),
(240, '2018-08-28 19:40:00', 'K', 23000, 'Biaya Lain Penjualan', 'INVC/JUAL/280818/1535460113'),
(241, '2018-08-28 22:25:00', 'K', 450000, 'Pembelian', 'INVC/BELI/280818/1535469942'),
(242, '2018-08-28 22:25:00', 'K', 4668239, 'penetralan kas riil dgn kas saldo web', NULL),
(243, '2018-08-29 09:16:00', 'K', 857768, 'Pembelian', 'INVC/BELI/290818/1535509060'),
(244, '2018-08-29 09:17:00', 'K', 240480, 'Pembelian', 'INVC/BELI/290818/1535509133'),
(245, '2018-08-29 09:20:00', 'K', 1476500, 'Pembelian', 'INVC/BELI/290818/1535509548'),
(246, '2018-08-29 19:22:00', 'K', 0, 'Pembelian', 'INVC/BELI/290818/1535509548'),
(247, '2018-08-29 19:23:00', 'K', 0, 'Pembelian', 'INVC/BELI/290818/1535509133'),
(248, '2018-08-29 19:27:00', 'K', 1136000, 'Pembelian', 'INVC/BELI/290818/1535545886'),
(249, '2018-08-29 22:03:00', 'K', 706531, 'Pembelian', 'INVC/BELI/290818/1535555245'),
(250, '2018-08-29 22:15:00', 'D', 42000, 'Penjualan', 'INVC/JUAL/290818/1535555789'),
(251, '2018-08-29 22:15:00', 'K', 22000, 'Biaya Lain Penjualan', 'INVC/JUAL/290818/1535555789'),
(252, '2018-08-29 22:16:00', 'D', 70000, 'Penjualan', 'INVC/JUAL/290818/1535555830'),
(253, '2018-08-29 22:16:00', 'K', 0, 'Biaya Lain Penjualan', 'INVC/JUAL/290818/1535555830'),
(254, '2018-08-29 22:19:00', 'D', 80000, 'Penjualan', 'INVC/JUAL/290818/1535556074'),
(255, '2018-08-29 22:19:00', 'K', 0, 'Biaya Lain Penjualan', 'INVC/JUAL/290818/1535556074'),
(256, '2018-08-29 22:57:00', 'D', 420000, 'Penjualan', 'INVC/JUAL/290818/1535558345'),
(257, '2018-08-29 22:57:00', 'K', 20000, 'Biaya Lain Penjualan', 'INVC/JUAL/290818/1535558345'),
(258, '2018-08-29 23:14:00', 'K', 180462, 'Pembelian', 'INVC/BELI/290818/1535559283'),
(259, '2018-08-30 11:50:00', 'D', 0, 'Penjualan', 'INVC/JUAL/300818/1535604665'),
(260, '2018-08-30 11:50:00', 'K', 0, 'Biaya Lain Penjualan', 'INVC/JUAL/300818/1535604665'),
(263, '2018-08-30 11:59:00', 'D', 0, 'Penjualan', 'INVC/JUAL/300818/1535605386'),
(264, '2018-08-30 11:59:00', 'K', 0, 'Biaya Lain Penjualan', 'INVC/JUAL/300818/1535605386'),
(265, '2018-08-30 12:04:00', 'D', 0, 'Penjualan', 'INVC/JUAL/300818/1535605484'),
(266, '2018-08-30 12:04:00', 'K', 0, 'Biaya Lain Penjualan', 'INVC/JUAL/300818/1535605484'),
(267, '2018-08-30 12:05:00', 'D', 0, 'Penjualan', 'INVC/JUAL/300818/1535605574'),
(268, '2018-08-30 12:05:00', 'K', 0, 'Biaya Lain Penjualan', 'INVC/JUAL/300818/1535605574'),
(269, '2018-08-30 12:08:00', 'D', 500000, 'Penjualan', 'INVC/JUAL/300818/1535605750'),
(270, '2018-08-30 12:08:00', 'K', 0, 'Biaya Lain Penjualan', 'INVC/JUAL/300818/1535605750'),
(271, '2018-08-30 15:39:00', 'D', 250000, 'Penjualan', 'INVC/JUAL/300818/1535605484'),
(272, '2018-08-30 15:39:00', 'K', 0, 'Biaya Lain Penjualan', 'INVC/JUAL/300818/1535605484'),
(273, '2018-08-30 15:40:00', 'D', 0, 'Penjualan', 'INVC/JUAL/300818/1535618717'),
(274, '2018-08-30 15:40:00', 'K', 20000, 'Biaya Lain Penjualan', 'INVC/JUAL/300818/1535618717'),
(275, '2018-08-30 15:46:00', 'D', 100000, 'Penjualan', 'INVC/JUAL/300818/1535618875'),
(276, '2018-08-30 15:46:00', 'K', 17000, 'Biaya Lain Penjualan', 'INVC/JUAL/300818/1535618875'),
(279, '2018-08-30 15:53:00', 'K', 1828454, 'Pembelian', 'INVC/BELI/300818/1535619322'),
(280, '2018-08-30 15:58:00', 'K', 196288, 'Pembelian', 'INVC/BELI/300818/1535619559'),
(281, '2018-08-30 16:26:00', 'D', 150000, 'Penjualan', 'INVC/JUAL/300818/1535605574'),
(282, '2018-08-30 16:26:00', 'K', 0, 'Biaya Lain Penjualan', 'INVC/JUAL/300818/1535605574'),
(283, '2018-08-30 19:36:00', 'D', 420000, 'Penjualan', 'INVC/JUAL/300818/1535618717'),
(284, '2018-08-30 19:36:00', 'K', 0, 'Biaya Lain Penjualan', 'INVC/JUAL/300818/1535618717'),
(285, '2018-08-30 22:28:00', 'D', 100000, 'Penjualan', 'INVC/JUAL/300818/1535642962'),
(286, '2018-08-30 22:28:00', 'K', 0, 'Biaya Lain Penjualan', 'INVC/JUAL/300818/1535642962'),
(287, '2018-08-30 22:29:00', 'D', 220000, 'Penjualan', 'INVC/JUAL/300818/1535643071'),
(288, '2018-08-30 22:29:00', 'K', 0, 'Biaya Lain Penjualan', 'INVC/JUAL/300818/1535643071'),
(289, '2018-08-30 22:31:00', 'D', 0, 'Penjualan', 'INVC/JUAL/300818/1535643133'),
(290, '2018-08-30 22:31:00', 'K', 0, 'Biaya Lain Penjualan', 'INVC/JUAL/300818/1535643133'),
(291, '2018-08-30 22:32:00', 'D', 250000, 'Penjualan', 'INVC/JUAL/300818/1535605386'),
(292, '2018-08-30 22:32:00', 'K', 0, 'Biaya Lain Penjualan', 'INVC/JUAL/300818/1535605386'),
(293, '2018-08-31 23:56:00', 'D', 115000, 'Penjualan', 'INVC/JUAL/310818/1535734640'),
(294, '2018-08-31 23:56:00', 'K', 0, 'Biaya Lain Penjualan', 'INVC/JUAL/310818/1535734640'),
(295, '2018-08-31 23:57:00', 'D', 160000, 'Penjualan', 'INVC/JUAL/310818/1535734667'),
(296, '2018-08-31 23:57:00', 'K', 0, 'Biaya Lain Penjualan', 'INVC/JUAL/310818/1535734667'),
(297, '2018-08-31 23:57:00', 'D', 473000, 'Penjualan', 'INVC/JUAL/010918/1535734863'),
(298, '2018-08-31 23:57:00', 'K', 23000, 'Biaya Lain Penjualan', 'INVC/JUAL/010918/1535734863'),
(299, '2018-09-01 00:02:00', 'D', 367000, 'Penjualan', 'INVC/JUAL/010918/1535735082'),
(300, '2018-09-01 00:02:00', 'K', 17000, 'Biaya Lain Penjualan', 'INVC/JUAL/010918/1535735082'),
(301, '2018-09-01 00:05:00', 'D', 134000, 'Penjualan', 'INVC/JUAL/010918/1535735165'),
(302, '2018-09-01 00:05:00', 'K', 34000, 'Biaya Lain Penjualan', 'INVC/JUAL/010918/1535735165'),
(303, '2018-09-01 00:06:00', 'D', 35000, 'Penjualan', 'INVC/JUAL/010918/1535735235'),
(304, '2018-09-01 00:06:00', 'K', 0, 'Biaya Lain Penjualan', 'INVC/JUAL/010918/1535735235'),
(305, '2018-09-01 00:09:00', 'K', 227000, 'iklan dan pembuatan kartunama', NULL),
(306, '2018-09-01 01:05:00', 'D', 275000, 'Penjualan', 'INVC/JUAL/010918/1535738797'),
(307, '2018-09-01 01:05:00', 'K', 25000, 'Biaya Lain Penjualan', 'INVC/JUAL/010918/1535738797'),
(308, '2018-09-01 01:07:00', 'D', 0, 'Penjualan', 'INVC/JUAL/010918/1535738797'),
(309, '2018-09-01 01:07:00', 'K', 0, 'Biaya Lain Penjualan', 'INVC/JUAL/010918/1535738797'),
(310, '2018-09-01 01:38:00', 'K', 0, 'Pembelian', 'INVC/BELI/300818/1535619559'),
(311, '2018-09-01 01:40:00', 'D', 0, 'Penjualan', 'INVC/JUAL/010918/1535738797'),
(312, '2018-09-01 01:40:00', 'K', 0, 'Biaya Lain Penjualan', 'INVC/JUAL/010918/1535738797'),
(313, '2018-09-01 01:41:00', 'D', 117000, 'Penjualan', 'INVC/JUAL/010918/1535740956'),
(314, '2018-09-01 01:41:00', 'K', 17000, 'Biaya Lain Penjualan', 'INVC/JUAL/010918/1535740956'),
(315, '2018-09-01 14:15:00', 'D', 257000, 'Penjualan', 'INVC/JUAL/010918/1535786202'),
(316, '2018-09-01 14:15:00', 'K', 7000, 'Biaya Lain Penjualan', 'INVC/JUAL/010918/1535786202'),
(317, '2018-09-01 14:29:00', 'D', 70000, 'Penjualan', 'INVC/JUAL/010918/1535787024'),
(318, '2018-09-01 14:29:00', 'K', 0, 'Biaya Lain Penjualan', 'INVC/JUAL/010918/1535787024'),
(319, '2018-09-01 14:54:00', 'D', 123000, 'Penjualan', 'INVC/JUAL/010918/1535788531'),
(320, '2018-09-01 14:54:00', 'K', 23000, 'Biaya Lain Penjualan', 'INVC/JUAL/010918/1535788531'),
(321, '2018-09-01 14:55:00', 'D', 119000, 'Penjualan', 'INVC/JUAL/010918/1535788585'),
(322, '2018-09-01 14:55:00', 'K', 19000, 'Biaya Lain Penjualan', 'INVC/JUAL/010918/1535788585'),
(323, '2018-09-01 14:57:00', 'D', 94000, 'Penjualan', 'INVC/JUAL/010918/1535788720'),
(324, '2018-09-01 14:57:00', 'K', 0, 'Biaya Lain Penjualan', 'INVC/JUAL/010918/1535788720'),
(325, '2018-09-01 15:36:00', 'D', 100000, 'Penjualan', 'INVC/JUAL/010918/1535791041'),
(326, '2018-09-01 15:36:00', 'K', 20000, 'Biaya Lain Penjualan', 'INVC/JUAL/010918/1535791041'),
(327, '2018-09-01 18:16:00', 'D', 0, 'Penjualan', 'INVC/JUAL/010918/1535786202'),
(328, '2018-09-01 18:16:00', 'K', 0, 'Biaya Lain Penjualan', 'INVC/JUAL/010918/1535786202'),
(329, '2018-09-01 18:16:00', 'D', 0, 'Penjualan', 'INVC/JUAL/010918/1535735165'),
(330, '2018-09-01 18:16:00', 'K', 0, 'Biaya Lain Penjualan', 'INVC/JUAL/010918/1535735165'),
(331, '2018-09-01 18:17:00', 'D', 0, 'Penjualan', 'INVC/JUAL/170818/1534513406'),
(332, '2018-09-01 18:17:00', 'K', 0, 'Biaya Lain Penjualan', 'INVC/JUAL/170818/1534513406'),
(333, '2018-09-01 18:40:00', 'D', 360000, 'Penjualan', 'INVC/JUAL/010918/1535802419'),
(334, '2018-09-01 18:40:00', 'K', 0, 'Biaya Lain Penjualan', 'INVC/JUAL/010918/1535802419'),
(335, '2018-09-01 18:48:00', 'D', 70000, 'Penjualan', 'INVC/JUAL/010918/1535802537'),
(336, '2018-09-01 18:48:00', 'K', 0, 'Biaya Lain Penjualan', 'INVC/JUAL/010918/1535802537'),
(337, '2018-09-01 18:49:00', 'D', 269000, 'Penjualan', 'INVC/JUAL/010918/1535803015'),
(338, '2018-09-01 18:49:00', 'K', 19000, 'Biaya Lain Penjualan', 'INVC/JUAL/010918/1535803015'),
(339, '2018-09-01 18:59:00', 'D', 250000, 'Penjualan', 'INVC/JUAL/010918/1535803177'),
(340, '2018-09-01 18:59:00', 'K', 0, 'Biaya Lain Penjualan', 'INVC/JUAL/010918/1535803177'),
(341, '2018-09-01 20:33:00', 'D', 380000, 'Penjualan', 'INVC/JUAL/010918/1535808862'),
(342, '2018-09-01 20:33:00', 'K', 0, 'Biaya Lain Penjualan', 'INVC/JUAL/010918/1535808862'),
(343, '2018-09-01 21:14:00', 'D', 125000, 'Penjualan', 'INVC/JUAL/010918/1535811425'),
(344, '2018-09-01 21:14:00', 'K', 0, 'Biaya Lain Penjualan', 'INVC/JUAL/010918/1535811425'),
(345, '2018-09-01 21:44:00', 'D', 170000, 'Penjualan', 'INVC/JUAL/010918/1535813107'),
(346, '2018-09-01 21:44:00', 'K', 0, 'Biaya Lain Penjualan', 'INVC/JUAL/010918/1535813107'),
(347, '2018-09-02 13:07:00', 'D', 265000, 'Penjualan', 'INVC/JUAL/020918/1535868439'),
(348, '2018-09-02 13:07:00', 'K', 0, 'Biaya Lain Penjualan', 'INVC/JUAL/020918/1535868439'),
(349, '2018-09-02 13:10:00', 'D', 240000, 'Penjualan', 'INVC/JUAL/020918/1535868676'),
(350, '2018-09-02 13:10:00', 'K', 0, 'Biaya Lain Penjualan', 'INVC/JUAL/020918/1535868676'),
(351, '2018-09-02 14:28:00', 'K', 551000, 'Pembelian', 'INVC/BELI/020918/1535873429'),
(352, '2018-09-02 14:59:00', 'D', 250000, 'Penjualan', 'INVC/JUAL/020918/1535875201'),
(353, '2018-09-02 14:59:00', 'K', 0, 'Biaya Lain Penjualan', 'INVC/JUAL/020918/1535875201'),
(354, '2018-09-02 15:00:00', 'D', 250000, 'Penjualan', 'INVC/JUAL/020918/1535875234'),
(355, '2018-09-02 15:00:00', 'K', 0, 'Biaya Lain Penjualan', 'INVC/JUAL/020918/1535875234'),
(356, '2018-09-02 15:00:00', 'D', 120000, 'Penjualan', 'INVC/JUAL/020918/1535875273'),
(357, '2018-09-02 15:00:00', 'K', 0, 'Biaya Lain Penjualan', 'INVC/JUAL/020918/1535875273'),
(358, '2018-09-02 15:01:00', 'D', 195000, 'Penjualan', 'INVC/JUAL/290818/1535556074'),
(359, '2018-09-02 15:01:00', 'K', 0, 'Biaya Lain Penjualan', 'INVC/JUAL/290818/1535556074'),
(360, '2018-09-02 22:37:00', 'K', 679402, 'Pembelian', 'INVC/BELI/020918/1535903608'),
(361, '2018-09-02 22:53:00', 'K', 180512, 'Pembelian', 'INVC/BELI/020918/1535903685'),
(362, '2018-09-02 22:54:00', 'D', 450000, 'Penjualan', 'INVC/JUAL/020918/1535903775'),
(363, '2018-09-02 22:54:00', 'K', 19000, 'Biaya Lain Penjualan', 'INVC/JUAL/020918/1535903775'),
(364, '2018-09-02 23:13:00', 'D', 35000, 'Penjualan', 'INVC/JUAL/020918/1535904806'),
(365, '2018-09-02 23:13:00', 'K', 0, 'Biaya Lain Penjualan', 'INVC/JUAL/020918/1535904806'),
(366, '2018-09-04 00:42:00', 'K', 994570, 'Pembelian', 'INVC/BELI/040918/1535996748'),
(367, '2018-09-04 00:46:00', 'D', 50000, 'Penjualan', 'INVC/JUAL/230818/1535043312'),
(368, '2018-09-04 00:46:00', 'K', 0, 'Biaya Lain Penjualan', 'INVC/JUAL/230818/1535043312'),
(369, '2018-09-04 00:47:00', 'D', 200000, 'Penjualan', 'INVC/JUAL/040918/1535996886'),
(370, '2018-09-04 00:47:00', 'K', 0, 'Biaya Lain Penjualan', 'INVC/JUAL/040918/1535996886'),
(371, '2018-09-04 00:48:00', 'D', 80000, 'Penjualan', 'INVC/JUAL/040918/1535996963'),
(372, '2018-09-04 00:48:00', 'K', 35000, 'Biaya Lain Penjualan', 'INVC/JUAL/040918/1535996963'),
(373, '2018-09-04 00:49:00', 'D', 389000, 'Penjualan', 'INVC/JUAL/040918/1535997109'),
(374, '2018-09-04 00:49:00', 'K', 19000, 'Biaya Lain Penjualan', 'INVC/JUAL/040918/1535997109'),
(375, '2018-09-04 00:52:00', 'D', 34000, 'Penjualan', 'INVC/JUAL/040918/1535997210'),
(376, '2018-09-04 00:52:00', 'K', 14000, 'Biaya Lain Penjualan', 'INVC/JUAL/040918/1535997210'),
(377, '2018-09-04 01:19:00', 'D', -250000, 'Penjualan', 'INVC/JUAL/020918/1535875234'),
(378, '2018-09-04 01:19:00', 'K', 0, 'Biaya Lain Penjualan', 'INVC/JUAL/020918/1535875234'),
(379, '2018-09-04 01:20:00', 'D', 167000, 'Penjualan', 'INVC/JUAL/300818/1535618875'),
(380, '2018-09-04 01:20:00', 'K', 0, 'Biaya Lain Penjualan', 'INVC/JUAL/300818/1535618875'),
(381, '2018-09-04 01:21:00', 'D', 0, 'Penjualan', 'INVC/JUAL/170818/1534513406'),
(382, '2018-09-04 01:21:00', 'K', 0, 'Biaya Lain Penjualan', 'INVC/JUAL/170818/1534513406'),
(383, '2018-09-04 01:21:00', 'D', 85000, 'Penjualan', 'INVC/JUAL/040918/1535998935'),
(384, '2018-09-04 01:21:00', 'K', 0, 'Biaya Lain Penjualan', 'INVC/JUAL/040918/1535998935'),
(385, '2018-09-04 01:22:00', 'D', 50000, 'Penjualan', 'INVC/JUAL/040918/1535998966'),
(386, '2018-09-04 01:22:00', 'K', 0, 'Biaya Lain Penjualan', 'INVC/JUAL/040918/1535998966'),
(387, '2018-09-04 01:34:00', 'K', 290000, ' pajak vixion', NULL),
(388, '2018-09-04 01:51:00', 'K', 60000, 'pembelian kuota\r\n', NULL),
(389, '2018-09-04 01:52:00', 'K', 201351, 'Pembelian', 'INVC/BELI/040918/1536000823'),
(390, '2018-09-04 01:54:00', 'K', 230000, 'Pembelian', 'INVC/BELI/040918/1536000872'),
(391, '2018-09-04 01:56:00', 'K', 400765, 'Pembelian', 'INVC/BELI/040918/1536001064'),
(392, '2018-09-04 21:17:00', 'D', 100000, 'Penjualan', 'INVC/JUAL/300818/1535605574'),
(393, '2018-09-04 21:17:00', 'K', 0, 'Biaya Lain Penjualan', 'INVC/JUAL/300818/1535605574'),
(394, '2018-09-04 21:18:00', 'D', 250000, 'Penjualan', 'INVC/JUAL/040918/1536070728'),
(395, '2018-09-04 21:18:00', 'K', 0, 'Biaya Lain Penjualan', 'INVC/JUAL/040918/1536070728'),
(396, '2018-09-04 21:22:00', 'D', 5000, 'Penjualan', 'INVC/JUAL/040918/1536072826'),
(397, '2018-09-04 21:22:00', 'K', 0, 'Biaya Lain Penjualan', 'INVC/JUAL/040918/1536072826'),
(398, '2018-09-04 21:54:00', 'D', 0, 'Penjualan', 'INVC/JUAL/040918/1536072896'),
(399, '2018-09-04 21:54:00', 'K', 0, 'Biaya Lain Penjualan', 'INVC/JUAL/040918/1536072896'),
(400, '2018-09-04 21:55:00', 'D', 325000, 'Penjualan', 'INVC/JUAL/040918/1536073049'),
(401, '2018-09-04 21:55:00', 'K', 20000, 'Biaya Lain Penjualan', 'INVC/JUAL/040918/1536073049'),
(402, '2018-09-04 21:58:00', 'D', 0, 'Penjualan', 'INVC/JUAL/040918/1536072826'),
(403, '2018-09-04 21:58:00', 'K', 0, 'Biaya Lain Penjualan', 'INVC/JUAL/040918/1536072826'),
(404, '2018-09-04 22:12:00', 'D', 245000, 'Penjualan', 'INVC/JUAL/040918/1536074202'),
(405, '2018-09-04 22:12:00', 'K', 0, 'Biaya Lain Penjualan', 'INVC/JUAL/040918/1536074202'),
(406, '2018-09-04 22:19:00', 'D', 265000, 'Penjualan', 'INVC/JUAL/040918/1536074421'),
(407, '2018-09-04 22:19:00', 'K', 0, 'Biaya Lain Penjualan', 'INVC/JUAL/040918/1536074421'),
(408, '2018-09-04 22:22:00', 'D', 250000, 'Penjualan', 'INVC/JUAL/300818/1535604665'),
(409, '2018-09-04 22:22:00', 'K', 0, 'Biaya Lain Penjualan', 'INVC/JUAL/300818/1535604665'),
(410, '2018-09-04 22:31:00', 'K', 15000, 'pembellian konsumsi', NULL),
(411, '2018-09-04 23:28:00', 'D', 0, 'Penjualan', 'INVC/JUAL/040918/1536078592'),
(412, '2018-09-04 23:28:00', 'K', 0, 'Biaya Lain Penjualan', 'INVC/JUAL/040918/1536078592'),
(413, '2018-09-04 23:30:00', 'K', 679787, 'Pembelian', 'INVC/BELI/050918/1536086084'),
(414, '2018-09-05 18:18:00', 'D', 15000, 'Penjualan', 'INVC/JUAL/050918/1536146325'),
(415, '2018-09-05 18:18:00', 'K', 5000, 'Biaya Lain Penjualan', 'INVC/JUAL/050918/1536146325'),
(416, '2018-09-05 18:18:00', 'D', 157000, 'Penjualan', 'INVC/JUAL/050918/1536146368'),
(417, '2018-09-05 18:18:00', 'K', 7000, 'Biaya Lain Penjualan', 'INVC/JUAL/050918/1536146368'),
(418, '2018-09-05 18:19:00', 'D', 25000, 'Penjualan', 'INVC/JUAL/040918/1535998935'),
(419, '2018-09-05 18:19:00', 'K', 0, 'Biaya Lain Penjualan', 'INVC/JUAL/040918/1535998935'),
(420, '2018-09-05 18:47:00', 'D', 84000, 'Penjualan', 'INVC/JUAL/050918/1536148053'),
(421, '2018-09-05 18:47:00', 'K', 34000, 'Biaya Lain Penjualan', 'INVC/JUAL/050918/1536148053'),
(422, '2018-09-05 18:47:00', 'K', 230000, 'Pembelian', 'INVC/BELI/050918/1536148438'),
(423, '2018-09-05 19:17:00', 'K', 996000, 'Pembelian', 'INVC/BELI/050918/1536149930'),
(424, '2018-09-05 19:19:00', 'D', 0, 'Penjualan', 'INVC/JUAL/050918/1536149966'),
(425, '2018-09-05 19:19:00', 'K', 0, 'Biaya Lain Penjualan', 'INVC/JUAL/050918/1536149966'),
(426, '2018-09-06 10:45:00', 'K', 30000, 'Konsumsi', NULL),
(427, '2018-09-06 10:47:00', 'D', 130000, 'Penjualan', 'INVC/JUAL/060918/1536205702'),
(428, '2018-09-06 10:47:00', 'K', 0, 'Biaya Lain Penjualan', 'INVC/JUAL/060918/1536205702'),
(429, '2018-09-06 18:45:00', 'D', 307000, 'Penjualan', 'INVC/JUAL/060918/1536234410'),
(430, '2018-09-06 18:45:00', 'K', 22000, 'Biaya Lain Penjualan', 'INVC/JUAL/060918/1536234410'),
(431, '2018-09-06 18:46:00', 'D', 100000, 'Penjualan', 'INVC/JUAL/060918/1536234457'),
(432, '2018-09-06 18:46:00', 'K', 0, 'Biaya Lain Penjualan', 'INVC/JUAL/060918/1536234457'),
(433, '2018-09-06 18:47:00', 'D', 635000, 'Penjualan', 'INVC/JUAL/060918/1536234556'),
(434, '2018-09-06 18:47:00', 'K', 55000, 'Biaya Lain Penjualan', 'INVC/JUAL/060918/1536234556'),
(435, '2018-09-06 18:49:00', 'D', 217000, 'Penjualan', 'INVC/JUAL/060918/1536234621'),
(436, '2018-09-06 18:49:00', 'K', 17000, 'Biaya Lain Penjualan', 'INVC/JUAL/060918/1536234621'),
(437, '2018-09-06 18:50:00', 'D', 100000, 'Penjualan', 'INVC/JUAL/060918/1536234663'),
(438, '2018-09-06 18:50:00', 'K', 0, 'Biaya Lain Penjualan', 'INVC/JUAL/060918/1536234663'),
(439, '2018-09-06 18:51:00', 'D', 160000, 'Penjualan', 'INVC/JUAL/060918/1536234706'),
(440, '2018-09-06 18:51:00', 'K', 0, 'Biaya Lain Penjualan', 'INVC/JUAL/060918/1536234706'),
(441, '2018-09-06 21:36:00', 'D', 35000, 'Penjualan', 'INVC/JUAL/060918/1536244632'),
(442, '2018-09-06 21:36:00', 'K', 0, 'Biaya Lain Penjualan', 'INVC/JUAL/060918/1536244632'),
(443, '2018-09-06 21:37:00', 'D', 70000, 'Penjualan', 'INVC/JUAL/060918/1536244703'),
(444, '2018-09-06 21:37:00', 'K', 0, 'Biaya Lain Penjualan', 'INVC/JUAL/060918/1536244703'),
(445, '2018-09-06 23:23:00', 'D', 80000, 'Penjualan', 'INVC/JUAL/060918/1536251061'),
(446, '2018-09-06 23:23:00', 'K', 0, 'Biaya Lain Penjualan', 'INVC/JUAL/060918/1536251061'),
(447, '2018-09-08 14:29:00', 'D', 10000, 'Penjualan', 'INVC/JUAL/080918/1536391805'),
(448, '2018-09-08 14:29:00', 'K', 0, 'Biaya Lain Penjualan', 'INVC/JUAL/080918/1536391805'),
(449, '2018-09-08 14:30:00', 'D', 18000, 'Penjualan', 'INVC/JUAL/080918/1536391856'),
(450, '2018-09-08 14:30:00', 'K', 8000, 'Biaya Lain Penjualan', 'INVC/JUAL/080918/1536391856'),
(451, '2018-09-08 14:31:00', 'D', 122000, 'Penjualan', 'INVC/JUAL/080918/1536391975'),
(452, '2018-09-08 14:31:00', 'K', 22000, 'Biaya Lain Penjualan', 'INVC/JUAL/080918/1536391975'),
(453, '2018-09-08 14:33:00', 'D', 90000, 'Penjualan', 'INVC/JUAL/080918/1536392025'),
(454, '2018-09-08 14:33:00', 'K', 0, 'Biaya Lain Penjualan', 'INVC/JUAL/080918/1536392025'),
(455, '2018-09-08 14:34:00', 'D', 135000, 'Penjualan', 'INVC/JUAL/080918/1536392117'),
(456, '2018-09-08 14:34:00', 'K', 0, 'Biaya Lain Penjualan', 'INVC/JUAL/080918/1536392117'),
(457, '2018-09-08 14:35:00', 'D', 87000, 'Penjualan', 'INVC/JUAL/080918/1536392185'),
(458, '2018-09-08 14:35:00', 'K', 22000, 'Biaya Lain Penjualan', 'INVC/JUAL/080918/1536392185'),
(459, '2018-09-08 15:16:00', 'D', 150000, 'Penjualan', 'INVC/JUAL/080918/1536394593'),
(460, '2018-09-08 15:16:00', 'K', 0, 'Biaya Lain Penjualan', 'INVC/JUAL/080918/1536394593'),
(461, '2018-09-08 16:02:00', 'K', 626000, 'Pembelian', 'INVC/BELI/080918/1536397418'),
(462, '2018-09-08 16:05:00', 'K', 1168000, 'Pembelian', 'INVC/BELI/080918/1536397587'),
(463, '2018-09-08 16:53:00', 'D', 35000, 'Penjualan', 'INVC/JUAL/080918/1536400469'),
(464, '2018-09-08 16:53:00', 'K', 0, 'Biaya Lain Penjualan', 'INVC/JUAL/080918/1536400469'),
(465, '2018-09-08 16:55:00', 'D', 300000, 'Penjualan', 'INVC/JUAL/080918/1536400567'),
(466, '2018-09-08 16:55:00', 'K', 40000, 'Biaya Lain Penjualan', 'INVC/JUAL/080918/1536400567'),
(467, '2018-09-09 15:35:00', 'K', 1200000, 'Pembelian', 'INVC/BELI/090918/1536482191'),
(468, '2018-09-09 15:36:00', 'K', 250000, 'Pembelian', 'INVC/BELI/090918/1536482251'),
(469, '2018-09-09 15:37:00', 'K', 20000, 'sarung tangan tante', NULL),
(470, '2018-09-09 16:00:00', 'K', 0, 'Pembelian', 'INVC/BELI/080918/1536397418'),
(471, '2018-09-09 16:00:00', 'D', 30000, 'Penjualan', 'INVC/JUAL/090918/1536483773'),
(472, '2018-09-09 16:00:00', 'K', 0, 'Biaya Lain Penjualan', 'INVC/JUAL/090918/1536483773'),
(473, '2018-09-09 16:04:00', 'D', 200000, 'Penjualan', 'INVC/JUAL/090918/1536484196'),
(474, '2018-09-09 16:04:00', 'K', 0, 'Biaya Lain Penjualan', 'INVC/JUAL/090918/1536484196'),
(475, '2018-09-09 16:20:00', 'K', 938000, 'Pembelian', 'INVC/BELI/090918/1536485115'),
(476, '2018-09-09 16:25:00', 'D', 100000, 'Penjualan', 'INVC/JUAL/090918/1536485158'),
(477, '2018-09-09 16:25:00', 'K', 0, 'Biaya Lain Penjualan', 'INVC/JUAL/090918/1536485158'),
(478, '2018-09-10 19:04:00', 'K', 1214000, 'Pembelian', 'INVC/BELI/100918/1536581151'),
(479, '2018-09-10 19:06:00', 'K', 80000, 'Pembelian', 'INVC/BELI/100918/1536581208'),
(480, '2018-09-10 19:07:00', 'D', 35000, 'Penjualan', 'INVC/JUAL/100918/1536581279'),
(481, '2018-09-10 19:07:00', 'K', 0, 'Biaya Lain Penjualan', 'INVC/JUAL/100918/1536581279'),
(482, '2018-09-10 19:08:00', 'D', 80000, 'Penjualan', 'INVC/JUAL/100918/1536581323'),
(483, '2018-09-10 19:08:00', 'K', 0, 'Biaya Lain Penjualan', 'INVC/JUAL/100918/1536581323'),
(484, '2018-09-10 19:08:00', 'K', 784000, 'pembelian baju 24pcs', NULL),
(485, '2018-09-10 19:08:00', 'K', 51000, 'sampo cuci 10 set', NULL),
(486, '2018-09-10 19:10:00', 'K', 50000, 'jajan', NULL),
(487, '2018-09-10 19:12:00', 'D', 50000, 'pemasukan pribadi', NULL),
(488, '2018-09-10 21:27:00', 'D', 235000, 'Penjualan', 'INVC/JUAL/100918/1536589748'),
(489, '2018-09-10 21:27:00', 'K', 0, 'Biaya Lain Penjualan', 'INVC/JUAL/100918/1536589748'),
(490, '2018-09-10 22:25:00', 'D', 50000, 'Penjualan', 'INVC/JUAL/100918/1536593181'),
(491, '2018-09-10 22:25:00', 'K', 0, 'Biaya Lain Penjualan', 'INVC/JUAL/100918/1536593181'),
(492, '2018-09-11 16:41:00', 'K', 300000, 'buku dll', NULL),
(493, '2018-09-11 18:29:00', 'D', 447000, 'Penjualan', 'INVC/JUAL/110918/1536665501'),
(494, '2018-09-11 18:29:00', 'K', 37000, 'Biaya Lain Penjualan', 'INVC/JUAL/110918/1536665501'),
(495, '2018-09-11 18:31:00', 'D', 310000, 'Penjualan', 'INVC/JUAL/110918/1536665679'),
(496, '2018-09-11 18:31:00', 'K', 20000, 'Biaya Lain Penjualan', 'INVC/JUAL/110918/1536665679'),
(497, '2018-09-11 18:35:00', 'K', 2100000, 'Pembelian', 'INVC/BELI/110918/1536666101'),
(498, '2018-09-11 18:41:00', 'D', 100000, 'cashback dr tearoff', NULL),
(499, '2018-09-11 18:42:00', 'D', 120000, 'Penjualan', 'INVC/JUAL/110918/1536666160'),
(500, '2018-09-11 18:42:00', 'K', 0, 'Biaya Lain Penjualan', 'INVC/JUAL/110918/1536666160'),
(501, '2018-09-11 18:42:00', 'D', 50000, 'Penjualan', 'INVC/JUAL/110918/1536666195'),
(502, '2018-09-11 18:42:00', 'K', 0, 'Biaya Lain Penjualan', 'INVC/JUAL/110918/1536666195'),
(503, '2018-09-11 18:43:00', 'D', -30000, 'Penjualan', 'INVC/JUAL/060918/1536244703'),
(504, '2018-09-11 18:43:00', 'K', 0, 'Biaya Lain Penjualan', 'INVC/JUAL/060918/1536244703'),
(505, '2018-09-11 18:44:00', 'D', 200000, 'Penjualan', 'INVC/JUAL/110918/1536666325'),
(506, '2018-09-11 18:44:00', 'K', 0, 'Biaya Lain Penjualan', 'INVC/JUAL/110918/1536666325'),
(507, '2018-09-11 18:55:00', 'D', 271500, 'Penjualan', 'INVC/JUAL/110918/1536666968'),
(508, '2018-09-11 18:55:00', 'K', 51500, 'Biaya Lain Penjualan', 'INVC/JUAL/110918/1536666968'),
(509, '2018-09-11 18:56:00', 'D', 100000, 'Penjualan', 'INVC/JUAL/110918/1536667021'),
(510, '2018-09-11 18:56:00', 'K', 0, 'Biaya Lain Penjualan', 'INVC/JUAL/110918/1536667021'),
(511, '2018-09-11 18:57:00', 'D', 60000, 'Penjualan', 'INVC/JUAL/110918/1536667087'),
(512, '2018-09-11 18:57:00', 'K', 0, 'Biaya Lain Penjualan', 'INVC/JUAL/110918/1536667087'),
(513, '2018-09-11 18:59:00', 'D', 739000, 'Penjualan', 'INVC/JUAL/110918/1536667335'),
(514, '2018-09-11 18:59:00', 'K', 39000, 'Biaya Lain Penjualan', 'INVC/JUAL/110918/1536667335'),
(515, '2018-09-11 20:06:00', 'D', 395000, 'Penjualan', 'INVC/JUAL/110918/1536671261'),
(516, '2018-09-11 20:06:00', 'K', 25000, 'Biaya Lain Penjualan', 'INVC/JUAL/110918/1536671261'),
(517, '2018-09-11 20:35:00', 'D', 269000, 'Penjualan', 'INVC/JUAL/110918/1536672954'),
(518, '2018-09-11 20:35:00', 'K', 19000, 'Biaya Lain Penjualan', 'INVC/JUAL/110918/1536672954'),
(519, '2018-09-11 21:22:00', 'D', 18000, 'Penjualan', 'INVC/JUAL/110918/1536675793'),
(520, '2018-09-11 21:22:00', 'K', 0, 'Biaya Lain Penjualan', 'INVC/JUAL/110918/1536675793'),
(521, '2018-09-11 21:30:00', 'D', 269000, 'Penjualan', 'INVC/JUAL/110918/1536676256'),
(522, '2018-09-11 21:30:00', 'K', 19000, 'Biaya Lain Penjualan', 'INVC/JUAL/110918/1536676256'),
(523, '2018-09-11 22:37:00', 'D', 20000, 'Penjualan', 'INVC/JUAL/110918/1536680283'),
(524, '2018-09-11 22:37:00', 'K', 0, 'Biaya Lain Penjualan', 'INVC/JUAL/110918/1536680283'),
(525, '2018-09-12 20:35:00', 'D', 220000, 'Penjualan', 'INVC/JUAL/120918/1536759366'),
(526, '2018-09-12 20:35:00', 'K', 0, 'Biaya Lain Penjualan', 'INVC/JUAL/120918/1536759366'),
(527, '2018-09-12 20:36:00', 'D', 0, 'Penjualan', 'INVC/JUAL/120918/1536759703'),
(528, '2018-09-12 20:36:00', 'K', 0, 'Biaya Lain Penjualan', 'INVC/JUAL/120918/1536759703'),
(529, '2018-09-12 20:41:00', 'D', 0, 'Penjualan', 'INVC/JUAL/120918/1536759802'),
(530, '2018-09-12 20:41:00', 'K', 0, 'Biaya Lain Penjualan', 'INVC/JUAL/120918/1536759802'),
(531, '2018-09-12 20:43:00', 'D', 0, 'Penjualan', 'INVC/JUAL/120918/1536760243'),
(532, '2018-09-12 20:43:00', 'K', 0, 'Biaya Lain Penjualan', 'INVC/JUAL/120918/1536760243'),
(533, '2018-09-12 20:52:00', 'D', 0, 'Penjualan', 'INVC/JUAL/120918/1536760445'),
(534, '2018-09-12 20:52:00', 'K', 0, 'Biaya Lain Penjualan', 'INVC/JUAL/120918/1536760445'),
(535, '2018-09-12 20:57:00', 'D', 0, 'Penjualan', 'INVC/JUAL/120918/1536760879'),
(536, '2018-09-12 20:57:00', 'K', 0, 'Biaya Lain Penjualan', 'INVC/JUAL/120918/1536760879'),
(537, '2018-09-12 23:31:00', 'K', 80000, 'pipa tearofff & lem', NULL),
(538, '2018-09-12 23:33:00', 'D', 185000, 'Penjualan', 'INVC/JUAL/120918/1536770023'),
(539, '2018-09-12 23:33:00', 'K', 0, 'Biaya Lain Penjualan', 'INVC/JUAL/120918/1536770023'),
(540, '2018-09-12 23:34:00', 'D', 60000, 'Penjualan', 'INVC/JUAL/120918/1536770062'),
(541, '2018-09-12 23:34:00', 'K', 0, 'Biaya Lain Penjualan', 'INVC/JUAL/120918/1536770062'),
(542, '2018-09-12 23:34:00', 'D', 160000, 'Penjualan', 'INVC/JUAL/120918/1536770106'),
(543, '2018-09-12 23:34:00', 'K', 30000, 'Biaya Lain Penjualan', 'INVC/JUAL/120918/1536770106'),
(544, '2018-09-12 23:35:00', 'D', 261500, 'Penjualan', 'INVC/JUAL/120918/1536770170'),
(545, '2018-09-12 23:35:00', 'K', 11500, 'Biaya Lain Penjualan', 'INVC/JUAL/120918/1536770170'),
(546, '2018-09-12 23:36:00', 'D', 0, 'Penjualan', 'INVC/JUAL/040918/1536072896'),
(547, '2018-09-12 23:36:00', 'K', 0, 'Biaya Lain Penjualan', 'INVC/JUAL/040918/1536072896'),
(548, '2018-09-12 23:37:00', 'D', 250000, 'Penjualan', 'INVC/JUAL/020918/1535875234'),
(549, '2018-09-12 23:37:00', 'K', 0, 'Biaya Lain Penjualan', 'INVC/JUAL/020918/1535875234'),
(550, '2018-09-13 21:56:00', 'D', 90000, 'Penjualan', 'INVC/JUAL/130918/1536850726'),
(551, '2018-09-13 21:56:00', 'K', 0, 'Biaya Lain Penjualan', 'INVC/JUAL/130918/1536850726'),
(552, '2018-09-13 21:59:00', 'D', 240000, 'Penjualan', 'INVC/JUAL/130918/1536850800'),
(553, '2018-09-13 21:59:00', 'K', 0, 'Biaya Lain Penjualan', 'INVC/JUAL/130918/1536850800'),
(554, '2018-09-14 20:44:00', 'D', 35000, 'Penjualan', 'INVC/JUAL/140918/1536932714'),
(555, '2018-09-14 20:44:00', 'K', 0, 'Biaya Lain Penjualan', 'INVC/JUAL/140918/1536932714'),
(556, '2018-09-14 20:45:00', 'D', 60000, 'Penjualan', 'INVC/JUAL/140918/1536932785'),
(557, '2018-09-14 20:45:00', 'K', 0, 'Biaya Lain Penjualan', 'INVC/JUAL/140918/1536932785'),
(558, '2018-09-14 20:46:00', 'D', 270000, 'Penjualan', 'INVC/JUAL/140918/1536932922'),
(559, '2018-09-14 20:46:00', 'K', 0, 'Biaya Lain Penjualan', 'INVC/JUAL/140918/1536932922'),
(560, '2018-09-14 20:52:00', 'K', 1756000, 'Pembelian', 'INVC/BELI/140918/1536933227'),
(561, '2018-09-14 20:54:00', 'D', 250000, 'Penjualan', 'INVC/JUAL/140918/1536933283'),
(562, '2018-09-14 20:54:00', 'K', 0, 'Biaya Lain Penjualan', 'INVC/JUAL/140918/1536933283'),
(563, '2018-09-14 20:54:00', 'D', 100000, 'Penjualan', 'INVC/JUAL/140918/1536934433'),
(564, '2018-09-14 20:54:00', 'K', 0, 'Biaya Lain Penjualan', 'INVC/JUAL/140918/1536934433'),
(565, '2018-09-14 22:17:00', 'D', 150000, 'Penjualan', 'INVC/JUAL/140918/1536938273'),
(566, '2018-09-14 22:17:00', 'K', 20000, 'Biaya Lain Penjualan', 'INVC/JUAL/140918/1536938273'),
(567, '2018-09-14 22:18:00', 'D', 361000, 'Penjualan', 'INVC/JUAL/140918/1536938347'),
(568, '2018-09-14 22:18:00', 'K', 11000, 'Biaya Lain Penjualan', 'INVC/JUAL/140918/1536938347'),
(569, '2018-09-14 22:19:00', 'D', 100000, 'Penjualan', 'INVC/JUAL/140918/1536938403'),
(570, '2018-09-14 22:19:00', 'K', 0, 'Biaya Lain Penjualan', 'INVC/JUAL/140918/1536938403'),
(571, '2018-09-14 22:20:00', 'D', 150000, 'Penjualan', 'INVC/JUAL/140918/1536938445'),
(572, '2018-09-14 22:20:00', 'K', 0, 'Biaya Lain Penjualan', 'INVC/JUAL/140918/1536938445'),
(573, '2018-09-15 12:27:00', 'D', 130000, 'Penjualan', 'INVC/JUAL/150918/1536989323'),
(574, '2018-09-15 12:27:00', 'K', 0, 'Biaya Lain Penjualan', 'INVC/JUAL/150918/1536989323'),
(575, '2018-09-15 12:28:00', 'D', 95000, 'Penjualan', 'INVC/JUAL/150918/1536989376'),
(576, '2018-09-15 12:28:00', 'K', 0, 'Biaya Lain Penjualan', 'INVC/JUAL/150918/1536989376'),
(577, '2018-09-15 12:29:00', 'D', 170000, 'Penjualan', 'INVC/JUAL/150918/1536989405'),
(578, '2018-09-15 12:29:00', 'K', 0, 'Biaya Lain Penjualan', 'INVC/JUAL/150918/1536989405'),
(579, '2018-09-15 12:30:00', 'D', 315000, 'Penjualan', 'INVC/JUAL/150918/1536989508'),
(580, '2018-09-15 12:30:00', 'K', 0, 'Biaya Lain Penjualan', 'INVC/JUAL/150918/1536989508'),
(581, '2018-09-15 12:31:00', 'K', 1424000, 'Pembelian', 'INVC/BELI/150918/1536989587'),
(582, '2018-09-15 12:33:00', 'D', 259000, 'Penjualan', 'INVC/JUAL/150918/1536989643'),
(583, '2018-09-15 12:33:00', 'K', 0, 'Biaya Lain Penjualan', 'INVC/JUAL/150918/1536989643'),
(584, '2018-09-18 09:00:00', 'D', 350000, 'Penjualan', 'INVC/JUAL/180918/1537236065'),
(585, '2018-09-18 09:00:00', 'K', 0, 'Biaya Lain Penjualan', 'INVC/JUAL/180918/1537236065'),
(586, '2018-09-18 09:01:00', 'D', 70000, 'Penjualan', 'INVC/JUAL/180918/1537236124'),
(587, '2018-09-18 09:01:00', 'K', 0, 'Biaya Lain Penjualan', 'INVC/JUAL/180918/1537236124'),
(588, '2018-09-18 09:02:00', 'D', 272000, 'Penjualan', 'INVC/JUAL/180918/1537236195');
INSERT INTO `tbl_kas` (`kas_id`, `kas_tanggal`, `kas_kode`, `kas_nominal`, `kas_keterangan`, `kas_ref`) VALUES
(589, '2018-09-18 09:02:00', 'K', 32000, 'Biaya Lain Penjualan', 'INVC/JUAL/180918/1537236195'),
(590, '2018-09-18 09:03:00', 'D', 551000, 'Penjualan', 'INVC/JUAL/180918/1537236270'),
(591, '2018-09-18 09:03:00', 'K', 51000, 'Biaya Lain Penjualan', 'INVC/JUAL/180918/1537236270'),
(592, '2018-09-18 09:04:00', 'K', 2006500, 'peminjaman josua', NULL),
(593, '2018-09-18 09:05:00', 'K', 500000, 'perjalanan ke sentul 2org', NULL),
(594, '2018-09-18 09:07:00', 'K', 440000, 'pembayaran kaca film', NULL),
(595, '2018-09-18 09:08:00', 'K', 440000, 'pembayaran sablon', NULL),
(596, '2018-09-18 09:20:00', 'D', 290000, 'Penjualan', 'INVC/JUAL/180918/1537237339'),
(597, '2018-09-18 09:20:00', 'K', 20000, 'Biaya Lain Penjualan', 'INVC/JUAL/180918/1537237339'),
(598, '2018-09-18 22:59:00', 'D', 830000, 'Penjualan', 'INVC/JUAL/180918/1537286487'),
(599, '2018-09-18 22:59:00', 'K', 0, 'Biaya Lain Penjualan', 'INVC/JUAL/180918/1537286487'),
(600, '2018-09-19 08:13:00', 'D', 70000, 'Penjualan', 'INVC/JUAL/190918/1537319614'),
(601, '2018-09-19 08:13:00', 'K', 0, 'Biaya Lain Penjualan', 'INVC/JUAL/190918/1537319614'),
(602, '2018-09-19 21:02:00', 'D', 130000, 'Penjualan', 'INVC/JUAL/190918/1537365795'),
(603, '2018-09-19 21:02:00', 'K', 0, 'Biaya Lain Penjualan', 'INVC/JUAL/190918/1537365795'),
(604, '2018-09-19 21:03:00', 'D', 0, 'Penjualan', 'INVC/JUAL/190918/1537365820'),
(605, '2018-09-19 21:03:00', 'K', 0, 'Biaya Lain Penjualan', 'INVC/JUAL/190918/1537365820'),
(608, '2018-09-19 21:04:00', 'D', 0, 'Penjualan', 'INVC/JUAL/190918/1537366048'),
(609, '2018-09-19 21:04:00', 'K', 0, 'Biaya Lain Penjualan', 'INVC/JUAL/190918/1537366048'),
(610, '2018-09-19 23:55:00', 'D', 50000, 'Penjualan', 'INVC/JUAL/230818/1535043312'),
(611, '2018-09-19 23:55:00', 'K', 0, 'Biaya Lain Penjualan', 'INVC/JUAL/230818/1535043312'),
(612, '2018-09-19 23:55:00', 'D', 265000, 'Penjualan', 'INVC/JUAL/190918/1537376164'),
(613, '2018-09-19 23:55:00', 'K', 0, 'Biaya Lain Penjualan', 'INVC/JUAL/190918/1537376164'),
(614, '2018-09-20 19:28:00', 'K', 980000, 'Pembelian', 'INVC/BELI/200918/1537446624'),
(615, '2018-09-20 19:30:00', 'D', 272000, 'Penjualan', 'INVC/JUAL/200918/1537446662'),
(616, '2018-09-20 19:30:00', 'K', 22000, 'Biaya Lain Penjualan', 'INVC/JUAL/200918/1537446662'),
(617, '2018-09-20 19:31:00', 'D', 250000, 'Penjualan', 'INVC/JUAL/200918/1537446704'),
(618, '2018-09-20 19:31:00', 'K', 0, 'Biaya Lain Penjualan', 'INVC/JUAL/200918/1537446704'),
(619, '2018-09-20 19:31:00', 'D', 60000, 'Penjualan', 'INVC/JUAL/200918/1537446743'),
(620, '2018-09-20 19:31:00', 'K', 0, 'Biaya Lain Penjualan', 'INVC/JUAL/200918/1537446743'),
(621, '2018-09-20 20:22:00', 'D', 0, 'Penjualan', 'INVC/JUAL/200918/1537449949'),
(622, '2018-09-20 20:22:00', 'K', 0, 'Biaya Lain Penjualan', 'INVC/JUAL/200918/1537449949'),
(623, '2018-09-20 20:26:00', 'D', 0, 'Penjualan', 'INVC/JUAL/200918/1537450026'),
(624, '2018-09-20 20:26:00', 'K', 0, 'Biaya Lain Penjualan', 'INVC/JUAL/200918/1537450026'),
(625, '2018-09-20 20:32:00', 'K', 947000, 'Pembelian', 'INVC/BELI/200918/1537450413'),
(626, '2018-09-20 20:42:00', 'K', 150000, 'gaji diko', NULL),
(627, '2018-09-20 20:59:00', 'D', 134000, 'Penjualan', 'INVC/JUAL/200918/1537452004'),
(628, '2018-09-20 20:59:00', 'K', 34000, 'Biaya Lain Penjualan', 'INVC/JUAL/200918/1537452004'),
(629, '2018-09-20 21:02:00', 'D', 0, 'Penjualan', 'INVC/JUAL/200918/1537452172'),
(630, '2018-09-20 21:02:00', 'K', 11000, 'Biaya Lain Penjualan', 'INVC/JUAL/200918/1537452172'),
(631, '2018-09-20 21:03:00', 'D', 0, 'Penjualan', 'INVC/JUAL/200918/1537452299'),
(632, '2018-09-20 21:03:00', 'K', 0, 'Biaya Lain Penjualan', 'INVC/JUAL/200918/1537452299'),
(633, '2018-09-20 21:08:00', 'K', 0, 'Pembelian', 'INVC/BELI/110918/1536666101'),
(634, '2018-09-21 09:56:00', 'D', 195000, 'Penjualan', 'INVC/JUAL/210918/1537498646'),
(635, '2018-09-21 09:56:00', 'K', 30000, 'Biaya Lain Penjualan', 'INVC/JUAL/210918/1537498646'),
(636, '2018-09-21 09:58:00', 'D', 0, 'Penjualan', 'INVC/JUAL/170818/1534513406'),
(637, '2018-09-21 09:58:00', 'K', 0, 'Biaya Lain Penjualan', 'INVC/JUAL/170818/1534513406'),
(638, '2018-09-21 09:59:00', 'D', 0, 'Penjualan', 'INVC/JUAL/170818/1534513406'),
(639, '2018-09-21 09:59:00', 'K', 0, 'Biaya Lain Penjualan', 'INVC/JUAL/170818/1534513406'),
(640, '2018-09-21 09:59:00', 'D', 0, 'Penjualan', 'INVC/JUAL/170818/1534513406'),
(641, '2018-09-21 09:59:00', 'K', 0, 'Biaya Lain Penjualan', 'INVC/JUAL/170818/1534513406'),
(642, '2018-09-21 10:00:00', 'D', 50000, 'Penjualan', 'INVC/JUAL/210918/1537498851'),
(643, '2018-09-21 10:00:00', 'K', 0, 'Biaya Lain Penjualan', 'INVC/JUAL/210918/1537498851'),
(644, '2018-09-21 10:00:00', 'D', 70000, 'Penjualan', 'INVC/JUAL/210918/1537498890'),
(645, '2018-09-21 10:00:00', 'K', 0, 'Biaya Lain Penjualan', 'INVC/JUAL/210918/1537498890'),
(646, '2018-09-21 22:17:00', 'D', 40000, 'Penjualan', 'INVC/JUAL/210918/1537543103'),
(647, '2018-09-21 22:17:00', 'K', 0, 'Biaya Lain Penjualan', 'INVC/JUAL/210918/1537543103'),
(648, '2018-09-22 09:15:00', 'D', 220000, 'Penjualan', 'INVC/JUAL/220918/1537582600'),
(649, '2018-09-22 09:15:00', 'K', 0, 'Biaya Lain Penjualan', 'INVC/JUAL/220918/1537582600'),
(650, '2018-09-22 11:05:00', 'D', 50000, 'cicil utang  kurang 1500', NULL),
(651, '2018-09-22 11:06:00', 'D', 450000, 'josua cicil kurang 1500', NULL),
(652, '2018-09-22 11:07:00', 'K', 750000, 'Pembelian', 'INVC/BELI/220918/1537589271'),
(653, '2018-09-22 11:09:00', 'K', 4200000, 'pembelian iphone 6', NULL),
(654, '2018-09-22 11:09:00', 'D', 1015700, 'pemasukan pribadi (penyesuain kas)', NULL),
(655, '2018-09-22 23:50:00', 'K', 1455000, 'Pembelian', 'INVC/BELI/220918/1537635074'),
(656, '2018-09-22 23:51:00', 'D', 860000, 'Penjualan', 'INVC/JUAL/220918/1537635324'),
(657, '2018-09-22 23:51:00', 'K', 0, 'Biaya Lain Penjualan', 'INVC/JUAL/220918/1537635324'),
(658, '2018-09-22 23:55:00', 'D', 0, 'Penjualan', 'INVC/JUAL/220918/1537635428'),
(659, '2018-09-22 23:55:00', 'K', 0, 'Biaya Lain Penjualan', 'INVC/JUAL/220918/1537635428'),
(660, '2018-09-23 22:22:00', 'K', 240000, 'Pembelian', 'INVC/BELI/230918/1537716154'),
(661, '2018-09-23 22:22:00', 'D', 30000, 'Penjualan', 'INVC/JUAL/230918/1537716408'),
(662, '2018-09-23 22:22:00', 'K', 0, 'Biaya Lain Penjualan', 'INVC/JUAL/230918/1537716408'),
(663, '2018-09-23 22:28:00', 'D', 107000, 'Penjualan', 'INVC/JUAL/230918/1537716601'),
(664, '2018-09-23 22:28:00', 'K', 17000, 'Biaya Lain Penjualan', 'INVC/JUAL/230918/1537716601'),
(665, '2018-09-23 22:30:00', 'D', 250000, 'Penjualan', 'INVC/JUAL/200918/1537452299'),
(666, '2018-09-23 22:30:00', 'K', 0, 'Biaya Lain Penjualan', 'INVC/JUAL/200918/1537452299'),
(667, '2018-09-24 23:48:00', 'D', 307000, 'Penjualan', 'INVC/JUAL/240918/1537807823'),
(668, '2018-09-24 23:48:00', 'K', 17000, 'Biaya Lain Penjualan', 'INVC/JUAL/240918/1537807823'),
(669, '2018-09-24 23:51:00', 'D', 145000, 'Penjualan', 'INVC/JUAL/240918/1537807903'),
(670, '2018-09-24 23:51:00', 'K', 10000, 'Biaya Lain Penjualan', 'INVC/JUAL/240918/1537807903'),
(671, '2018-09-24 23:51:00', 'D', 550000, 'pembayaran utang josua 950', NULL),
(672, '2018-09-25 08:46:00', 'D', 390000, 'Penjualan', 'INVC/JUAL/250918/1537840039'),
(673, '2018-09-25 08:46:00', 'K', 0, 'Biaya Lain Penjualan', 'INVC/JUAL/250918/1537840039'),
(674, '2018-09-25 08:47:00', 'D', 100000, 'Penjualan', 'INVC/JUAL/250918/1537840059'),
(675, '2018-09-25 08:47:00', 'K', 0, 'Biaya Lain Penjualan', 'INVC/JUAL/250918/1537840059'),
(676, '2018-09-25 22:11:00', 'D', 240000, 'Penjualan', 'INVC/JUAL/250918/1537888363'),
(677, '2018-09-25 22:11:00', 'K', 0, 'Biaya Lain Penjualan', 'INVC/JUAL/250918/1537888363'),
(678, '2018-09-25 22:12:00', 'D', 425000, 'Penjualan', 'INVC/JUAL/250918/1537888637'),
(679, '2018-09-25 22:12:00', 'K', 0, 'Biaya Lain Penjualan', 'INVC/JUAL/250918/1537888637'),
(680, '2018-09-25 22:17:00', 'D', 500000, 'Penjualan', 'INVC/JUAL/250918/1537889025'),
(681, '2018-09-25 22:17:00', 'K', 0, 'Biaya Lain Penjualan', 'INVC/JUAL/250918/1537889025'),
(682, '2018-09-27 19:48:00', 'D', 0, 'Penjualan', 'INVC/JUAL/270918/1538052792'),
(683, '2018-09-27 19:48:00', 'K', 0, 'Biaya Lain Penjualan', 'INVC/JUAL/270918/1538052792'),
(686, '2018-09-27 19:53:00', 'D', 200000, 'Penjualan', 'INVC/JUAL/270918/1538052792'),
(687, '2018-09-27 19:53:00', 'K', 0, 'Biaya Lain Penjualan', 'INVC/JUAL/270918/1538052792'),
(688, '2018-09-27 19:54:00', 'D', 200000, 'Penjualan', 'INVC/JUAL/270918/1538052891'),
(689, '2018-09-27 19:54:00', 'K', 0, 'Biaya Lain Penjualan', 'INVC/JUAL/270918/1538052891'),
(690, '2018-09-27 19:58:00', 'D', 485000, 'Penjualan', 'INVC/JUAL/270918/1538053139'),
(691, '2018-09-27 19:58:00', 'K', 0, 'Biaya Lain Penjualan', 'INVC/JUAL/270918/1538053139'),
(692, '2018-09-27 20:26:00', 'K', 500000, 'utang arif', NULL),
(693, '2018-09-27 20:27:00', 'K', 120000, 'pembelian tali', NULL),
(694, '2018-09-28 01:10:00', 'D', 90000, 'Penjualan', 'INVC/JUAL/280918/1538071815'),
(695, '2018-09-28 01:10:00', 'K', 0, 'Biaya Lain Penjualan', 'INVC/JUAL/280918/1538071815'),
(696, '2018-09-28 01:11:00', 'D', 1500000, 'penjualan hp', NULL),
(697, '2018-09-29 08:29:00', 'D', 0, 'Penjualan', 'INVC/JUAL/290918/1538184576'),
(698, '2018-09-29 08:29:00', 'K', 17000, 'Biaya Lain Penjualan', 'INVC/JUAL/290918/1538184576'),
(699, '2018-09-29 08:29:00', 'D', 0, 'Penjualan', 'INVC/JUAL/290918/1538186133'),
(700, '2018-09-29 08:29:00', 'K', 19000, 'Biaya Lain Penjualan', 'INVC/JUAL/290918/1538186133'),
(701, '2018-09-29 08:55:00', 'D', 224000, 'Penjualan', 'INVC/JUAL/290918/1538186133'),
(702, '2018-09-29 08:55:00', 'K', 0, 'Biaya Lain Penjualan', 'INVC/JUAL/290918/1538186133'),
(703, '2018-09-29 09:41:00', 'D', 240000, 'Penjualan', 'INVC/JUAL/290918/1538188940'),
(704, '2018-09-29 09:41:00', 'K', 20000, 'Biaya Lain Penjualan', 'INVC/JUAL/290918/1538188940'),
(705, '2018-09-29 11:05:00', 'D', 97000, 'Penjualan', 'INVC/JUAL/290918/1538184576'),
(706, '2018-09-29 11:05:00', 'K', 0, 'Biaya Lain Penjualan', 'INVC/JUAL/290918/1538184576'),
(707, '2018-09-29 11:06:00', 'D', 25000, 'Penjualan', 'INVC/JUAL/290918/1538193981'),
(708, '2018-09-29 11:06:00', 'K', 0, 'Biaya Lain Penjualan', 'INVC/JUAL/290918/1538193981'),
(709, '2018-10-01 14:07:00', 'D', 40000, 'Penjualan', 'INVC/JUAL/011018/1538377686'),
(710, '2018-10-01 14:07:00', 'K', 0, 'Biaya Lain Penjualan', 'INVC/JUAL/011018/1538377686'),
(711, '2018-10-01 14:08:00', 'K', 1190000, 'Pembelian', 'INVC/BELI/011018/1538377770'),
(712, '2018-10-01 14:09:00', 'D', 758000, 'Penjualan', 'INVC/JUAL/011018/1538377836'),
(713, '2018-10-01 14:09:00', 'K', 38000, 'Biaya Lain Penjualan', 'INVC/JUAL/011018/1538377836'),
(714, '2018-10-01 14:11:00', 'K', 626500, 'Pembelian', 'INVC/BELI/011018/1538377995'),
(715, '2018-10-01 18:03:00', 'D', 315000, 'Penjualan', 'INVC/JUAL/011018/1538391849'),
(716, '2018-10-01 18:03:00', 'K', 0, 'Biaya Lain Penjualan', 'INVC/JUAL/011018/1538391849'),
(719, '2018-10-01 18:23:00', 'D', 0, 'Penjualan', 'INVC/JUAL/011018/1538393055'),
(720, '2018-10-01 18:23:00', 'K', 0, 'Biaya Lain Penjualan', 'INVC/JUAL/011018/1538393055'),
(721, '2018-10-02 02:34:00', 'D', 460000, 'Penjualan', 'INVC/JUAL/021018/1538422554'),
(722, '2018-10-02 02:34:00', 'K', 20000, 'Biaya Lain Penjualan', 'INVC/JUAL/021018/1538422554'),
(723, '2018-10-02 02:37:00', 'D', 0, 'Penjualan', 'INVC/JUAL/021018/1538422843'),
(724, '2018-10-02 02:37:00', 'K', 30000, 'Biaya Lain Penjualan', 'INVC/JUAL/021018/1538422843'),
(725, '2018-10-02 02:42:00', 'D', 450000, 'Penjualan', 'INVC/JUAL/021018/1538422996'),
(726, '2018-10-02 02:42:00', 'K', 0, 'Biaya Lain Penjualan', 'INVC/JUAL/021018/1538422996'),
(727, '2018-10-02 02:44:00', 'K', 500000, 'funrace boyolali', NULL),
(728, '2018-10-02 02:56:00', 'K', 1366500, 'Pembelian', 'INVC/BELI/021018/1538423873'),
(729, '2018-10-02 21:40:00', 'D', 741000, 'Penjualan', 'INVC/JUAL/021018/1538491374'),
(730, '2018-10-02 21:40:00', 'K', 36000, 'Biaya Lain Penjualan', 'INVC/JUAL/021018/1538491374'),
(731, '2018-10-02 21:43:00', 'D', 1330000, 'Penjualan', 'INVC/JUAL/021018/1538422843'),
(732, '2018-10-02 21:43:00', 'K', 0, 'Biaya Lain Penjualan', 'INVC/JUAL/021018/1538422843'),
(733, '2018-10-02 21:45:00', 'K', 4013000, 'pembelian wearpack', NULL),
(734, '2018-10-02 21:45:00', 'D', 20000, 'bonus spoiler clmax', NULL),
(735, '2018-10-02 21:49:00', 'D', 0, 'Penjualan', 'INVC/JUAL/021018/1538422843'),
(736, '2018-10-02 21:49:00', 'K', 0, 'Biaya Lain Penjualan', 'INVC/JUAL/021018/1538422843'),
(739, '2018-10-03 18:07:00', 'D', 307000, 'Penjualan', 'INVC/JUAL/031018/1538564941'),
(740, '2018-10-03 18:07:00', 'K', 17000, 'Biaya Lain Penjualan', 'INVC/JUAL/031018/1538564941'),
(741, '2018-10-03 18:09:00', 'D', 151000, 'Penjualan', 'INVC/JUAL/031018/1538565001'),
(742, '2018-10-03 18:09:00', 'K', 11000, 'Biaya Lain Penjualan', 'INVC/JUAL/031018/1538565001'),
(743, '2018-10-03 18:10:00', 'D', 224000, 'Penjualan', 'INVC/JUAL/031018/1538565047'),
(744, '2018-10-03 18:10:00', 'K', 34000, 'Biaya Lain Penjualan', 'INVC/JUAL/031018/1538565047'),
(745, '2018-10-03 22:06:00', 'D', 670000, 'Penjualan', 'INVC/JUAL/031018/1538579269'),
(746, '2018-10-03 22:06:00', 'K', 0, 'Biaya Lain Penjualan', 'INVC/JUAL/031018/1538579269'),
(747, '2018-10-03 22:07:00', 'D', 195000, 'Penjualan', 'INVC/JUAL/031018/1538579325'),
(748, '2018-10-03 22:07:00', 'K', 0, 'Biaya Lain Penjualan', 'INVC/JUAL/031018/1538579325'),
(749, '2018-10-03 22:35:00', 'D', 199000, 'Penjualan', 'INVC/JUAL/031018/1538581072'),
(750, '2018-10-03 22:35:00', 'K', 34000, 'Biaya Lain Penjualan', 'INVC/JUAL/031018/1538581072'),
(751, '2018-10-03 22:39:00', 'D', 100000, 'Penjualan', 'INVC/JUAL/031018/1538581164'),
(752, '2018-10-03 22:39:00', 'K', 0, 'Biaya Lain Penjualan', 'INVC/JUAL/031018/1538581164'),
(755, '2018-10-04 11:41:00', 'D', 79000, 'Penjualan', 'INVC/JUAL/041018/1538628172'),
(756, '2018-10-04 11:41:00', 'K', 19000, 'Biaya Lain Penjualan', 'INVC/JUAL/041018/1538628172'),
(757, '2018-10-04 11:43:00', 'D', 377000, 'Penjualan', 'INVC/JUAL/041018/1538628484'),
(758, '2018-10-04 11:43:00', 'K', 107000, 'Biaya Lain Penjualan', 'INVC/JUAL/041018/1538628484'),
(759, '2018-10-04 11:48:00', 'D', 400000, 'Penjualan', 'INVC/JUAL/041018/1538628542'),
(760, '2018-10-04 11:48:00', 'K', 0, 'Biaya Lain Penjualan', 'INVC/JUAL/041018/1538628542'),
(761, '2018-10-04 13:57:00', 'D', 270000, 'Penjualan', 'INVC/JUAL/041018/1538636256'),
(762, '2018-10-04 13:57:00', 'K', 0, 'Biaya Lain Penjualan', 'INVC/JUAL/041018/1538636256'),
(763, '2018-10-04 15:48:00', 'D', 200000, 'cicilan utang arif , kuran 300', NULL),
(764, '2018-10-04 15:54:00', 'K', 1030000, 'pembayaran spoiler ke dedel', NULL),
(765, '2018-10-04 15:54:00', 'D', 550000, 'cicilan utang josua krg 950', NULL),
(766, '2018-10-04 15:54:00', 'D', 550000, 'cicilan utang josua krg 950', NULL),
(767, '2018-10-04 15:58:00', 'K', 1100000, 'penetralan eror kas', NULL),
(768, '2018-10-04 15:59:00', 'D', 550000, 'pembayaran cicilan utg josua krg 50', NULL),
(769, '2018-10-04 16:04:00', 'K', 150000, 'iuran helm fuad , rantai keteng', NULL),
(770, '2018-10-04 16:07:00', 'D', 350000, 'Penjualan', 'INVC/JUAL/220918/1537635428'),
(771, '2018-10-04 16:07:00', 'K', 0, 'Biaya Lain Penjualan', 'INVC/JUAL/220918/1537635428'),
(772, '2018-10-04 16:12:00', 'K', 1650939, 'penyesuaian uang kas dan gaji owner', NULL),
(773, '2018-10-04 16:20:00', 'K', 500000, 'penetralan biaya funrave dan gaji diko', NULL),
(774, '2018-10-05 00:37:00', 'D', 270000, 'Penjualan', 'INVC/JUAL/051018/1538674659'),
(775, '2018-10-05 00:37:00', 'K', 20000, 'Biaya Lain Penjualan', 'INVC/JUAL/051018/1538674659'),
(776, '2018-10-05 19:32:00', 'D', 225000, 'Penjualan', 'INVC/JUAL/051018/1538742826'),
(777, '2018-10-05 19:32:00', 'K', 40000, 'Biaya Lain Penjualan', 'INVC/JUAL/051018/1538742826'),
(778, '2018-10-05 19:34:00', 'D', 170000, 'Penjualan', 'INVC/JUAL/051018/1538742885'),
(779, '2018-10-05 19:34:00', 'K', 0, 'Biaya Lain Penjualan', 'INVC/JUAL/051018/1538742885'),
(780, '2018-10-05 19:34:00', 'D', 500000, 'Penjualan', 'INVC/JUAL/051018/1538742973'),
(781, '2018-10-05 19:34:00', 'K', 85000, 'Biaya Lain Penjualan', 'INVC/JUAL/051018/1538742973'),
(782, '2018-10-05 22:54:00', 'D', 228000, 'Penjualan', 'INVC/JUAL/051018/1538754916'),
(783, '2018-10-05 22:54:00', 'K', 0, 'Biaya Lain Penjualan', 'INVC/JUAL/051018/1538754916'),
(784, '2018-10-05 23:22:00', 'D', 15000, 'Penjualan', 'INVC/JUAL/100918/1536593181'),
(785, '2018-10-05 23:22:00', 'K', 0, 'Biaya Lain Penjualan', 'INVC/JUAL/100918/1536593181'),
(786, '2018-10-05 23:23:00', 'D', 350000, 'pembelian sliding pad ave', NULL),
(787, '2018-10-07 09:58:00', 'D', 299000, 'Penjualan', 'INVC/JUAL/071018/1538881157'),
(788, '2018-10-07 09:58:00', 'K', 31000, 'Biaya Lain Penjualan', 'INVC/JUAL/071018/1538881157'),
(789, '2018-10-08 06:24:00', 'D', 490000, 'Penjualan', 'INVC/JUAL/081018/1538954865'),
(790, '2018-10-08 06:24:00', 'K', 0, 'Biaya Lain Penjualan', 'INVC/JUAL/081018/1538954865'),
(791, '2018-10-08 21:24:00', 'D', 250000, 'Penjualan', 'INVC/JUAL/081018/1539008811'),
(792, '2018-10-08 21:24:00', 'K', 0, 'Biaya Lain Penjualan', 'INVC/JUAL/081018/1539008811'),
(793, '2018-10-09 01:50:00', 'K', 2035000, 'Pembelian', 'INVC/BELI/091018/1539024896'),
(794, '2018-10-09 01:55:00', 'D', 486000, 'Penjualan', 'INVC/JUAL/091018/1539025106'),
(795, '2018-10-09 01:55:00', 'K', 36000, 'Biaya Lain Penjualan', 'INVC/JUAL/091018/1539025106'),
(796, '2018-10-09 12:22:00', 'D', 200000, 'Penjualan', 'INVC/JUAL/091018/1539062583'),
(797, '2018-10-09 12:22:00', 'K', 0, 'Biaya Lain Penjualan', 'INVC/JUAL/091018/1539062583'),
(798, '2018-10-09 21:11:00', 'D', 116000, 'Penjualan', 'INVC/JUAL/091018/1539094402'),
(799, '2018-10-09 21:11:00', 'K', 36000, 'Biaya Lain Penjualan', 'INVC/JUAL/091018/1539094402'),
(800, '2018-10-09 21:13:00', 'D', 285000, 'Penjualan', 'INVC/JUAL/091018/1539094440'),
(801, '2018-10-09 21:13:00', 'K', 35000, 'Biaya Lain Penjualan', 'INVC/JUAL/091018/1539094440'),
(802, '2018-10-09 21:14:00', 'D', 300000, 'Penjualan', 'INVC/JUAL/091018/1539094477'),
(803, '2018-10-09 21:14:00', 'K', 20000, 'Biaya Lain Penjualan', 'INVC/JUAL/091018/1539094477'),
(804, '2018-10-09 21:16:00', 'D', 180000, 'Penjualan', 'INVC/JUAL/091018/1539094607'),
(805, '2018-10-09 21:16:00', 'K', 0, 'Biaya Lain Penjualan', 'INVC/JUAL/091018/1539094607'),
(806, '2018-10-09 21:16:00', 'D', 180000, 'Penjualan', 'INVC/JUAL/091018/1539094713'),
(807, '2018-10-09 21:16:00', 'K', 20000, 'Biaya Lain Penjualan', 'INVC/JUAL/091018/1539094713'),
(810, '2018-10-09 21:39:00', 'D', 50000, 'Penjualan', 'INVC/JUAL/091018/1539096014'),
(811, '2018-10-09 21:39:00', 'K', 15000, 'Biaya Lain Penjualan', 'INVC/JUAL/091018/1539096014'),
(812, '2018-10-10 20:12:00', 'K', 250000, 'cicilan utang randy  -1150', NULL),
(813, '2018-10-10 20:12:00', 'K', 250000, 'cicilan utang randy  -1150', NULL),
(814, '2018-10-10 22:04:00', 'D', 25000, 'Penjualan', 'INVC/JUAL/101018/1539183912'),
(815, '2018-10-10 22:04:00', 'K', 0, 'Biaya Lain Penjualan', 'INVC/JUAL/101018/1539183912'),
(816, '2018-10-11 19:19:00', 'D', 450000, 'Penjualan', 'INVC/JUAL/111018/1539260401'),
(817, '2018-10-11 19:19:00', 'K', 0, 'Biaya Lain Penjualan', 'INVC/JUAL/111018/1539260401'),
(818, '2018-10-11 19:20:00', 'D', 163000, 'Penjualan', 'INVC/JUAL/111018/1539260456'),
(819, '2018-10-11 19:20:00', 'K', 43000, 'Biaya Lain Penjualan', 'INVC/JUAL/111018/1539260456'),
(820, '2018-10-11 19:21:00', 'D', 595000, 'Penjualan', 'INVC/JUAL/111018/1539260554'),
(821, '2018-10-11 19:21:00', 'K', 65000, 'Biaya Lain Penjualan', 'INVC/JUAL/111018/1539260554'),
(822, '2018-10-11 19:23:00', 'K', 72000, 'lakban bening 6 rol', NULL),
(823, '2018-10-11 20:39:00', 'D', 200000, 'Penjualan', 'INVC/JUAL/111018/1539265265'),
(824, '2018-10-11 20:39:00', 'K', 0, 'Biaya Lain Penjualan', 'INVC/JUAL/111018/1539265265'),
(825, '2018-10-11 21:06:00', 'D', 170000, 'Penjualan', 'INVC/JUAL/111018/1539266918'),
(826, '2018-10-11 21:06:00', 'K', 0, 'Biaya Lain Penjualan', 'INVC/JUAL/111018/1539266918'),
(827, '2018-10-11 21:08:00', 'D', 180000, 'Penjualan', 'INVC/JUAL/111018/1539266957'),
(828, '2018-10-11 21:08:00', 'K', 0, 'Biaya Lain Penjualan', 'INVC/JUAL/111018/1539266957'),
(829, '2018-10-12 15:29:00', 'D', 40000, 'Penjualan', 'INVC/JUAL/121018/1539333012'),
(830, '2018-10-12 15:29:00', 'K', 0, 'Biaya Lain Penjualan', 'INVC/JUAL/121018/1539333012'),
(831, '2018-10-12 15:30:00', 'D', 18000, 'Penjualan', 'INVC/JUAL/011018/1538393055'),
(832, '2018-10-12 15:30:00', 'K', 0, 'Biaya Lain Penjualan', 'INVC/JUAL/011018/1538393055'),
(833, '2018-10-12 15:31:00', 'D', 0, 'Penjualan', 'INVC/JUAL/050818/1533485650'),
(834, '2018-10-12 15:31:00', 'K', 0, 'Biaya Lain Penjualan', 'INVC/JUAL/050818/1533485650'),
(835, '2018-10-12 15:32:00', 'D', 0, 'Penjualan', 'INVC/JUAL/150818/1534348687'),
(836, '2018-10-12 15:32:00', 'K', 0, 'Biaya Lain Penjualan', 'INVC/JUAL/150818/1534348687'),
(837, '2018-10-12 15:33:00', 'D', 25000, 'Penjualan', 'INVC/JUAL/250818/1535181708'),
(838, '2018-10-12 15:33:00', 'K', 0, 'Biaya Lain Penjualan', 'INVC/JUAL/250818/1535181708'),
(839, '2018-10-12 15:34:00', 'D', 25000, 'Penjualan', 'INVC/JUAL/190918/1537365820'),
(840, '2018-10-12 15:34:00', 'K', 0, 'Biaya Lain Penjualan', 'INVC/JUAL/190918/1537365820'),
(841, '2018-10-12 15:34:00', 'D', 25000, 'Penjualan', 'INVC/JUAL/040918/1535998935'),
(842, '2018-10-12 15:34:00', 'K', 0, 'Biaya Lain Penjualan', 'INVC/JUAL/040918/1535998935'),
(843, '2018-10-12 15:35:00', 'D', 50000, 'Penjualan', 'INVC/JUAL/121018/1539333346'),
(844, '2018-10-12 15:35:00', 'K', 0, 'Biaya Lain Penjualan', 'INVC/JUAL/121018/1539333346'),
(845, '2018-10-12 15:48:00', 'D', 130000, 'Penjualan', 'INVC/JUAL/121018/1539334120'),
(846, '2018-10-12 15:48:00', 'K', 0, 'Biaya Lain Penjualan', 'INVC/JUAL/121018/1539334120'),
(847, '2018-10-12 15:54:00', 'D', 100000, 'Penjualan', 'INVC/JUAL/121018/1539334507'),
(848, '2018-10-12 15:54:00', 'K', 0, 'Biaya Lain Penjualan', 'INVC/JUAL/121018/1539334507'),
(849, '2018-10-12 15:55:00', 'D', 550000, 'pemasukan dr uang pribadi', NULL),
(850, '2018-10-12 15:55:00', 'K', 150000, 'peminjaman lagi randy jadi 1300', NULL),
(853, '2018-10-13 11:19:00', 'D', 25000, 'Penjualan', 'INVC/JUAL/131018/1539404458'),
(854, '2018-10-13 11:19:00', 'K', 0, 'Biaya Lain Penjualan', 'INVC/JUAL/131018/1539404458'),
(855, '2018-10-13 11:21:00', 'D', 0, 'Penjualan', 'INVC/JUAL/131018/1539404494'),
(856, '2018-10-13 11:21:00', 'K', 0, 'Biaya Lain Penjualan', 'INVC/JUAL/131018/1539404494'),
(857, '2018-10-13 11:21:00', 'D', 440000, 'Penjualan', 'INVC/JUAL/131018/1539404582'),
(858, '2018-10-13 11:21:00', 'K', 15000, 'Biaya Lain Penjualan', 'INVC/JUAL/131018/1539404582'),
(859, '2018-10-13 11:28:00', 'D', 280000, 'Penjualan', 'INVC/JUAL/131018/1539405071'),
(860, '2018-10-13 11:28:00', 'K', 0, 'Biaya Lain Penjualan', 'INVC/JUAL/131018/1539405071'),
(861, '2018-10-13 12:06:00', 'K', 800000, 'knalpot r9 utk pribadi', NULL),
(862, '2018-10-14 12:47:00', 'K', 150000, 'pembayaran kmk baju', NULL),
(863, '2018-10-14 12:48:00', 'K', 1086000, 'Pembelian', 'INVC/BELI/141018/1539496569'),
(864, '2018-10-14 12:56:00', 'D', 150000, 'Penjualan', 'INVC/JUAL/141018/1539496670'),
(865, '2018-10-14 12:56:00', 'K', 0, 'Biaya Lain Penjualan', 'INVC/JUAL/141018/1539496670'),
(866, '2018-10-14 12:58:00', 'D', 150000, 'Penjualan', 'INVC/JUAL/141018/1539496752'),
(867, '2018-10-14 12:58:00', 'K', 0, 'Biaya Lain Penjualan', 'INVC/JUAL/141018/1539496752'),
(868, '2018-10-14 12:59:00', 'D', 25000, 'Penjualan', 'INVC/JUAL/141018/1539496790'),
(869, '2018-10-14 12:59:00', 'K', 0, 'Biaya Lain Penjualan', 'INVC/JUAL/141018/1539496790'),
(870, '2018-10-14 12:59:00', 'D', 20000, 'Penjualan', 'INVC/JUAL/141018/1539496815'),
(871, '2018-10-14 12:59:00', 'K', 0, 'Biaya Lain Penjualan', 'INVC/JUAL/141018/1539496815'),
(872, '2018-10-14 13:00:00', 'D', 250000, 'Penjualan', 'INVC/JUAL/141018/1539498503'),
(873, '2018-10-14 13:00:00', 'K', 0, 'Biaya Lain Penjualan', 'INVC/JUAL/141018/1539498503'),
(874, '2018-10-14 14:29:00', 'D', 50000, 'Penjualan', 'INVC/JUAL/141018/1539502206'),
(875, '2018-10-14 14:29:00', 'K', 0, 'Biaya Lain Penjualan', 'INVC/JUAL/141018/1539502206'),
(876, '2018-10-14 14:45:00', 'D', 250000, 'Penjualan', 'INVC/JUAL/141018/1539503160'),
(877, '2018-10-14 14:45:00', 'K', 0, 'Biaya Lain Penjualan', 'INVC/JUAL/141018/1539503160'),
(878, '2018-10-14 16:47:00', 'K', 1135642, 'Pembelian', 'INVC/BELI/141018/1539510553'),
(879, '2018-10-14 21:15:00', 'D', 220000, 'Penjualan', 'INVC/JUAL/141018/1539526583'),
(880, '2018-10-14 21:15:00', 'K', 0, 'Biaya Lain Penjualan', 'INVC/JUAL/141018/1539526583'),
(881, '2018-10-15 12:44:00', 'D', 325000, 'Penjualan', 'INVC/JUAL/151018/1539582390'),
(882, '2018-10-15 12:44:00', 'K', 10000, 'Biaya Lain Penjualan', 'INVC/JUAL/151018/1539582390'),
(883, '2018-10-15 12:46:00', 'D', 260000, 'Penjualan', 'INVC/JUAL/200918/1537452172'),
(884, '2018-10-15 12:46:00', 'K', -1000, 'Biaya Lain Penjualan', 'INVC/JUAL/200918/1537452172'),
(885, '2018-10-15 20:25:00', 'K', 1450000, 'Pembelian', 'INVC/BELI/151018/1539609980'),
(886, '2018-10-15 20:26:00', 'D', 300000, 'Penjualan', 'INVC/JUAL/151018/1539610028'),
(887, '2018-10-15 20:26:00', 'K', 10000, 'Biaya Lain Penjualan', 'INVC/JUAL/151018/1539610028'),
(888, '2018-10-15 20:59:00', 'D', 217500, 'Penjualan', 'INVC/JUAL/151018/1539612018'),
(889, '2018-10-15 20:59:00', 'K', 17500, 'Biaya Lain Penjualan', 'INVC/JUAL/151018/1539612018'),
(890, '2018-10-15 21:07:00', 'D', 50000, 'Penjualan', 'INVC/JUAL/151018/1539612507'),
(891, '2018-10-15 21:07:00', 'K', 0, 'Biaya Lain Penjualan', 'INVC/JUAL/151018/1539612507'),
(892, '2018-10-16 09:57:00', 'D', 55000, 'Penjualan', 'INVC/JUAL/161018/1539658664'),
(893, '2018-10-16 09:57:00', 'K', 20000, 'Biaya Lain Penjualan', 'INVC/JUAL/161018/1539658664'),
(894, '2018-10-16 10:41:00', 'D', 170000, 'Penjualan', 'INVC/JUAL/161018/1539661362'),
(895, '2018-10-16 10:41:00', 'K', 0, 'Biaya Lain Penjualan', 'INVC/JUAL/161018/1539661362'),
(896, '2018-10-16 18:54:00', 'D', 170000, 'Penjualan', 'INVC/JUAL/161018/1539690891'),
(897, '2018-10-16 18:54:00', 'K', 0, 'Biaya Lain Penjualan', 'INVC/JUAL/161018/1539690891'),
(898, '2018-10-16 18:54:00', 'D', 93000, 'Penjualan', 'INVC/JUAL/161018/1539690928'),
(899, '2018-10-16 18:54:00', 'K', 23000, 'Biaya Lain Penjualan', 'INVC/JUAL/161018/1539690928'),
(900, '2018-10-16 18:55:00', 'D', 316000, 'Penjualan', 'INVC/JUAL/161018/1539691027'),
(901, '2018-10-16 18:55:00', 'K', 11000, 'Biaya Lain Penjualan', 'INVC/JUAL/161018/1539691027'),
(902, '2018-10-16 18:57:00', 'D', 213000, 'Penjualan', 'INVC/JUAL/161018/1539691087'),
(903, '2018-10-16 18:57:00', 'K', 23000, 'Biaya Lain Penjualan', 'INVC/JUAL/161018/1539691087'),
(904, '2018-10-16 19:47:00', 'D', 650000, 'Penjualan', 'INVC/JUAL/161018/1539694070'),
(905, '2018-10-16 19:47:00', 'K', 0, 'Biaya Lain Penjualan', 'INVC/JUAL/161018/1539694070'),
(906, '2018-10-17 07:21:00', 'K', 1680000, 'Pembelian', 'INVC/BELI/171018/1539735767'),
(907, '2018-10-17 07:58:00', 'K', 360000, 'Pembelian', 'INVC/BELI/171018/1539737953'),
(908, '2018-10-17 18:59:00', 'D', 100000, 'Penjualan', 'INVC/JUAL/171018/1539777674'),
(909, '2018-10-17 18:59:00', 'K', 0, 'Biaya Lain Penjualan', 'INVC/JUAL/171018/1539777674'),
(910, '2018-10-17 21:07:00', 'D', 272000, 'Penjualan', 'INVC/JUAL/171018/1539785382'),
(911, '2018-10-17 21:07:00', 'K', 22000, 'Biaya Lain Penjualan', 'INVC/JUAL/171018/1539785382'),
(912, '2018-10-17 21:52:00', 'D', 90000, 'Penjualan', 'INVC/JUAL/171018/1539788037'),
(913, '2018-10-17 21:52:00', 'K', 0, 'Biaya Lain Penjualan', 'INVC/JUAL/171018/1539788037'),
(914, '2018-10-17 22:56:00', 'D', 100000, 'Penjualan', 'INVC/JUAL/181018/1539797204'),
(915, '2018-10-17 22:56:00', 'K', 0, 'Biaya Lain Penjualan', 'INVC/JUAL/181018/1539797204'),
(916, '2018-10-18 20:57:00', 'D', 250000, 'Penjualan', 'INVC/JUAL/181018/1539871126'),
(917, '2018-10-18 20:57:00', 'K', 0, 'Biaya Lain Penjualan', 'INVC/JUAL/181018/1539871126'),
(918, '2018-10-18 20:58:00', 'D', 350000, 'Penjualan', 'INVC/JUAL/181018/1539871663'),
(919, '2018-10-18 20:58:00', 'K', 0, 'Biaya Lain Penjualan', 'INVC/JUAL/181018/1539871663'),
(920, '2018-10-18 21:07:00', 'D', 50000, 'Penjualan', 'INVC/JUAL/181018/1539871683'),
(921, '2018-10-18 21:07:00', 'K', 0, 'Biaya Lain Penjualan', 'INVC/JUAL/181018/1539871683'),
(922, '2018-10-18 21:09:00', 'D', 65000, 'Penjualan', 'INVC/JUAL/181018/1539871795'),
(923, '2018-10-18 21:09:00', 'K', 0, 'Biaya Lain Penjualan', 'INVC/JUAL/181018/1539871795'),
(924, '2018-10-18 21:10:00', 'D', 200000, 'Penjualan', 'INVC/JUAL/181018/1539871815'),
(925, '2018-10-18 21:10:00', 'K', 0, 'Biaya Lain Penjualan', 'INVC/JUAL/181018/1539871815'),
(928, '2018-10-18 21:13:00', 'D', 265000, 'Penjualan', 'INVC/JUAL/181018/1539872059'),
(929, '2018-10-18 21:13:00', 'K', 20000, 'Biaya Lain Penjualan', 'INVC/JUAL/181018/1539872059'),
(930, '2018-10-18 21:14:00', 'D', 365000, 'Penjualan', 'INVC/JUAL/181018/1539872113'),
(931, '2018-10-18 21:14:00', 'K', 20000, 'Biaya Lain Penjualan', 'INVC/JUAL/181018/1539872113'),
(932, '2018-10-19 00:15:00', 'D', 45000, 'Penjualan', 'INVC/JUAL/191018/1539882982'),
(933, '2018-10-19 00:15:00', 'K', 0, 'Biaya Lain Penjualan', 'INVC/JUAL/191018/1539882982'),
(934, '2018-10-19 19:02:00', 'D', 150000, 'Penjualan', 'INVC/JUAL/191018/1539950594'),
(935, '2018-10-19 19:02:00', 'K', 0, 'Biaya Lain Penjualan', 'INVC/JUAL/191018/1539950594'),
(936, '2018-10-19 19:03:00', 'D', 50000, 'Penjualan', 'INVC/JUAL/191018/1539950697'),
(937, '2018-10-19 19:03:00', 'K', 0, 'Biaya Lain Penjualan', 'INVC/JUAL/191018/1539950697'),
(938, '2018-10-19 19:48:00', 'D', 20000, 'Penjualan', 'INVC/JUAL/191018/1539953325'),
(939, '2018-10-19 19:48:00', 'K', 0, 'Biaya Lain Penjualan', 'INVC/JUAL/191018/1539953325'),
(940, '2018-10-19 19:48:00', 'D', 45000, 'Penjualan', 'INVC/JUAL/191018/1539953406'),
(941, '2018-10-19 19:48:00', 'K', 0, 'Biaya Lain Penjualan', 'INVC/JUAL/191018/1539953406'),
(942, '2018-10-22 09:10:00', 'D', 111000, 'Penjualan', 'INVC/JUAL/221018/1540174290'),
(943, '2018-10-22 09:10:00', 'K', 11000, 'Biaya Lain Penjualan', 'INVC/JUAL/221018/1540174290'),
(944, '2018-10-22 09:11:00', 'D', 35000, 'Penjualan', 'INVC/JUAL/221018/1540174332'),
(945, '2018-10-22 09:11:00', 'K', 0, 'Biaya Lain Penjualan', 'INVC/JUAL/221018/1540174332'),
(948, '2018-10-22 20:46:00', 'K', 615000, 'Pembelian', 'INVC/BELI/221018/1540216016'),
(949, '2018-10-22 20:47:00', 'D', 950000, 'Penjualan', 'INVC/JUAL/221018/1540216136'),
(950, '2018-10-22 20:47:00', 'K', 0, 'Biaya Lain Penjualan', 'INVC/JUAL/221018/1540216136'),
(951, '2018-10-22 20:49:00', 'D', 25000, 'Penjualan', 'INVC/JUAL/221018/1540216176'),
(952, '2018-10-22 20:49:00', 'K', 0, 'Biaya Lain Penjualan', 'INVC/JUAL/221018/1540216176'),
(953, '2018-10-22 20:50:00', 'D', 40000, 'Penjualan', 'INVC/JUAL/221018/1540216266'),
(954, '2018-10-22 20:50:00', 'K', 0, 'Biaya Lain Penjualan', 'INVC/JUAL/221018/1540216266'),
(955, '2018-10-22 20:53:00', 'D', 50000, 'Penjualan', 'INVC/JUAL/221018/1540216266'),
(956, '2018-10-22 20:53:00', 'K', 0, 'Biaya Lain Penjualan', 'INVC/JUAL/221018/1540216266'),
(957, '2018-10-22 20:53:00', 'D', 420000, 'Penjualan', 'INVC/JUAL/221018/1540216546'),
(958, '2018-10-22 20:53:00', 'K', 0, 'Biaya Lain Penjualan', 'INVC/JUAL/221018/1540216546'),
(959, '2018-10-22 20:55:00', 'D', 255000, 'Penjualan', 'INVC/JUAL/221018/1540216593'),
(960, '2018-10-22 20:55:00', 'K', 0, 'Biaya Lain Penjualan', 'INVC/JUAL/221018/1540216593'),
(961, '2018-10-22 20:58:00', 'D', 25000, 'Penjualan', 'INVC/JUAL/221018/1540216710'),
(962, '2018-10-22 20:58:00', 'K', 0, 'Biaya Lain Penjualan', 'INVC/JUAL/221018/1540216710'),
(963, '2018-10-22 21:02:00', 'D', 50000, 'Penjualan', 'INVC/JUAL/221018/1540216967'),
(964, '2018-10-22 21:02:00', 'K', 0, 'Biaya Lain Penjualan', 'INVC/JUAL/221018/1540216967'),
(965, '2018-10-22 21:23:00', 'D', 55000, 'Penjualan', 'INVC/JUAL/221018/1540218251'),
(966, '2018-10-22 21:23:00', 'K', 0, 'Biaya Lain Penjualan', 'INVC/JUAL/221018/1540218251'),
(967, '2018-10-23 11:36:00', 'D', 330000, 'Penjualan', 'INVC/JUAL/231018/1540269468'),
(968, '2018-10-23 11:36:00', 'K', 20000, 'Biaya Lain Penjualan', 'INVC/JUAL/231018/1540269468'),
(969, '2018-10-23 11:38:00', 'D', 51500, 'Penjualan', 'INVC/JUAL/231018/1540269529'),
(970, '2018-10-23 11:38:00', 'K', 11500, 'Biaya Lain Penjualan', 'INVC/JUAL/231018/1540269529'),
(971, '2018-10-23 11:39:00', 'D', 120000, 'Penjualan', 'INVC/JUAL/231018/1540269595'),
(972, '2018-10-23 11:39:00', 'K', 20000, 'Biaya Lain Penjualan', 'INVC/JUAL/231018/1540269595'),
(973, '2018-10-23 21:03:00', 'K', 600000, 'sepatu dan jok motor', NULL),
(974, '2018-10-23 21:05:00', 'D', 105000, 'Penjualan', 'INVC/JUAL/231018/1540303563'),
(975, '2018-10-23 21:05:00', 'K', 0, 'Biaya Lain Penjualan', 'INVC/JUAL/231018/1540303563'),
(976, '2018-10-23 21:06:00', 'D', 20000, 'Penjualan', 'INVC/JUAL/231018/1540303596'),
(977, '2018-10-23 21:06:00', 'K', 0, 'Biaya Lain Penjualan', 'INVC/JUAL/231018/1540303596'),
(978, '2018-10-25 18:12:00', 'D', 116000, 'Penjualan', 'INVC/JUAL/251018/1540466013'),
(979, '2018-10-25 18:12:00', 'K', 32000, 'Biaya Lain Penjualan', 'INVC/JUAL/251018/1540466013'),
(980, '2018-10-25 18:13:00', 'D', 296000, 'Penjualan', 'INVC/JUAL/251018/1540466108'),
(981, '2018-10-25 18:13:00', 'K', 16000, 'Biaya Lain Penjualan', 'INVC/JUAL/251018/1540466108'),
(982, '2018-10-25 18:18:00', 'D', 100000, 'Penjualan', 'INVC/JUAL/251018/1540466340'),
(983, '2018-10-25 18:18:00', 'K', 0, 'Biaya Lain Penjualan', 'INVC/JUAL/251018/1540466340'),
(984, '2018-10-25 18:19:00', 'D', 0, 'Penjualan', 'INVC/JUAL/251018/1540466355'),
(985, '2018-10-25 18:19:00', 'K', 0, 'Biaya Lain Penjualan', 'INVC/JUAL/251018/1540466355'),
(986, '2018-10-25 18:19:00', 'D', 35000, 'Penjualan', 'INVC/JUAL/251018/1540466355'),
(987, '2018-10-25 18:19:00', 'K', 0, 'Biaya Lain Penjualan', 'INVC/JUAL/251018/1540466355'),
(988, '2018-10-25 18:19:00', 'D', 161000, 'Penjualan', 'INVC/JUAL/251018/1540466402'),
(989, '2018-10-25 18:19:00', 'K', 11000, 'Biaya Lain Penjualan', 'INVC/JUAL/251018/1540466402'),
(990, '2018-10-25 18:20:00', 'D', 100000, 'Penjualan', 'INVC/JUAL/251018/1540466424'),
(991, '2018-10-25 18:20:00', 'K', 0, 'Biaya Lain Penjualan', 'INVC/JUAL/251018/1540466424'),
(992, '2018-10-25 18:20:00', 'D', 120000, 'Penjualan', 'INVC/JUAL/251018/1540466443'),
(993, '2018-10-25 18:20:00', 'K', 20000, 'Biaya Lain Penjualan', 'INVC/JUAL/251018/1540466443'),
(996, '2018-10-25 18:44:00', 'D', 60000, 'Penjualan', 'INVC/JUAL/251018/1540467964'),
(997, '2018-10-25 18:44:00', 'K', 0, 'Biaya Lain Penjualan', 'INVC/JUAL/251018/1540467964'),
(998, '2018-10-25 18:46:00', 'D', 20000, 'Penjualan', 'INVC/JUAL/251018/1540467986'),
(999, '2018-10-25 18:46:00', 'K', 0, 'Biaya Lain Penjualan', 'INVC/JUAL/251018/1540467986'),
(1000, '2018-10-25 20:15:00', 'D', 150000, 'Penjualan', 'INVC/JUAL/251018/1540473342'),
(1001, '2018-10-25 20:15:00', 'K', 0, 'Biaya Lain Penjualan', 'INVC/JUAL/251018/1540473342'),
(1002, '2018-10-25 20:15:00', 'D', 40000, 'Penjualan', 'INVC/JUAL/251018/1540473418'),
(1003, '2018-10-25 20:15:00', 'K', 0, 'Biaya Lain Penjualan', 'INVC/JUAL/251018/1540473418'),
(1004, '2018-10-25 20:17:00', 'D', 285000, 'Penjualan', 'INVC/JUAL/251018/1540473454'),
(1005, '2018-10-25 20:17:00', 'K', 0, 'Biaya Lain Penjualan', 'INVC/JUAL/251018/1540473454'),
(1006, '2018-10-25 20:18:00', 'D', 0, 'Penjualan', 'INVC/JUAL/251018/1540473563'),
(1007, '2018-10-25 20:18:00', 'K', 0, 'Biaya Lain Penjualan', 'INVC/JUAL/251018/1540473563'),
(1008, '2018-10-25 20:59:00', 'D', 35000, 'Penjualan', 'INVC/JUAL/251018/1540476016'),
(1009, '2018-10-25 20:59:00', 'K', 0, 'Biaya Lain Penjualan', 'INVC/JUAL/251018/1540476016'),
(1010, '2018-10-25 21:00:00', 'D', 125000, 'Penjualan', 'INVC/JUAL/251018/1540476095'),
(1011, '2018-10-25 21:00:00', 'K', 0, 'Biaya Lain Penjualan', 'INVC/JUAL/251018/1540476095'),
(1012, '2018-10-27 01:24:00', 'D', 117000, 'Penjualan', 'INVC/JUAL/271018/1540578300'),
(1013, '2018-10-27 01:24:00', 'K', 17000, 'Biaya Lain Penjualan', 'INVC/JUAL/271018/1540578300'),
(1014, '2018-10-27 01:25:00', 'D', 111500, 'Penjualan', 'INVC/JUAL/271018/1540578352'),
(1015, '2018-10-27 01:25:00', 'K', 11500, 'Biaya Lain Penjualan', 'INVC/JUAL/271018/1540578352'),
(1016, '2018-10-27 01:26:00', 'D', 50000, 'Penjualan', 'INVC/JUAL/271018/1540578392'),
(1017, '2018-10-27 01:26:00', 'K', 0, 'Biaya Lain Penjualan', 'INVC/JUAL/271018/1540578392'),
(1018, '2018-10-27 01:26:00', 'D', 75000, 'Penjualan', 'INVC/JUAL/271018/1540578462'),
(1019, '2018-10-27 01:26:00', 'K', 0, 'Biaya Lain Penjualan', 'INVC/JUAL/271018/1540578462'),
(1020, '2018-10-27 01:28:00', 'D', 0, 'Penjualan', 'INVC/JUAL/271018/1540578593'),
(1021, '2018-10-27 01:28:00', 'K', 0, 'Biaya Lain Penjualan', 'INVC/JUAL/271018/1540578593'),
(1022, '2018-10-27 01:30:00', 'D', 160000, 'Penjualan', 'INVC/JUAL/271018/1540578668'),
(1023, '2018-10-27 01:30:00', 'K', 0, 'Biaya Lain Penjualan', 'INVC/JUAL/271018/1540578668'),
(1024, '2018-10-27 01:37:00', 'D', 550000, 'Penjualan', 'INVC/JUAL/271018/1540579285'),
(1025, '2018-10-27 01:37:00', 'K', 0, 'Biaya Lain Penjualan', 'INVC/JUAL/271018/1540579285'),
(1026, '2018-10-27 01:41:00', 'K', 550000, 'Pembayaran spoiler ke dedel  krg 2470rb', NULL),
(1027, '2018-10-27 14:22:00', 'D', 20000, 'Penjualan', 'INVC/JUAL/271018/1540624964'),
(1028, '2018-10-27 14:22:00', 'K', 0, 'Biaya Lain Penjualan', 'INVC/JUAL/271018/1540624964'),
(1029, '2018-10-27 14:23:00', 'D', 25000, 'Penjualan', 'INVC/JUAL/271018/1540624994'),
(1030, '2018-10-27 14:23:00', 'K', 0, 'Biaya Lain Penjualan', 'INVC/JUAL/271018/1540624994'),
(1031, '2018-10-27 14:23:00', 'D', 265000, 'Penjualan', 'INVC/JUAL/271018/1540578593'),
(1032, '2018-10-27 14:23:00', 'K', 0, 'Biaya Lain Penjualan', 'INVC/JUAL/271018/1540578593'),
(1033, '2018-10-27 14:32:00', 'D', 582000, 'Penjualan', 'INVC/JUAL/271018/1540625784'),
(1034, '2018-10-27 14:32:00', 'K', 22000, 'Biaya Lain Penjualan', 'INVC/JUAL/271018/1540625784'),
(1035, '2018-10-27 14:41:00', 'K', 2130000, 'Pembelian', 'INVC/BELI/271018/1540626681'),
(1036, '2018-10-27 14:52:00', 'K', 390000, 'Pembelian', 'INVC/BELI/271018/1540626804'),
(1037, '2018-10-27 15:10:00', 'D', 20000, 'Penjualan', 'INVC/JUAL/271018/1540627824'),
(1038, '2018-10-27 15:10:00', 'K', 0, 'Biaya Lain Penjualan', 'INVC/JUAL/271018/1540627824'),
(1039, '2018-10-30 09:28:00', 'D', 100000, 'Penjualan', 'INVC/JUAL/301018/1540866520'),
(1040, '2018-10-30 09:28:00', 'K', 0, 'Biaya Lain Penjualan', 'INVC/JUAL/301018/1540866520'),
(1041, '2018-10-30 09:28:00', 'D', 315000, 'Penjualan', 'INVC/JUAL/301018/1540866586'),
(1042, '2018-10-30 09:28:00', 'K', 0, 'Biaya Lain Penjualan', 'INVC/JUAL/301018/1540866586'),
(1043, '2018-10-30 09:29:00', 'D', 100000, 'Penjualan', 'INVC/JUAL/301018/1540866607'),
(1044, '2018-10-30 09:29:00', 'K', 0, 'Biaya Lain Penjualan', 'INVC/JUAL/301018/1540866607'),
(1045, '2018-10-30 09:30:00', 'D', 40000, 'Penjualan', 'INVC/JUAL/301018/1540866631'),
(1046, '2018-10-30 09:30:00', 'K', 0, 'Biaya Lain Penjualan', 'INVC/JUAL/301018/1540866631'),
(1047, '2018-10-30 09:30:00', 'D', 25000, 'Penjualan', 'INVC/JUAL/301018/1540866649'),
(1048, '2018-10-30 09:30:00', 'K', 0, 'Biaya Lain Penjualan', 'INVC/JUAL/301018/1540866649'),
(1049, '2018-10-30 09:30:00', 'D', 250000, 'Penjualan', 'INVC/JUAL/301018/1540866670'),
(1050, '2018-10-30 09:30:00', 'K', 0, 'Biaya Lain Penjualan', 'INVC/JUAL/301018/1540866670'),
(1051, '2018-10-30 09:31:00', 'D', 201000, 'Penjualan', 'INVC/JUAL/301018/1540866705'),
(1052, '2018-10-30 09:31:00', 'K', 11000, 'Biaya Lain Penjualan', 'INVC/JUAL/301018/1540866705'),
(1053, '2018-10-30 09:34:00', 'K', 575000, 'Pembelian', 'INVC/BELI/301018/1540867000'),
(1054, '2018-10-30 09:36:00', 'K', 630000, 'Pembelian', 'INVC/BELI/301018/1540867029'),
(1055, '2018-10-30 09:44:00', 'K', 5807372, 'penyesuain kas dan beli sepatu rcb', NULL),
(1056, '2018-10-30 09:54:00', 'K', 200000, 'uang om kun untuk ani', NULL),
(1057, '2018-10-30 09:55:00', 'K', 11000, 'ongkir yg belum ke data', NULL),
(1060, '2018-10-30 23:27:00', 'D', 155500, 'Penjualan', 'INVC/JUAL/301018/1540916937'),
(1061, '2018-10-30 23:27:00', 'K', 5500, 'Biaya Lain Penjualan', 'INVC/JUAL/301018/1540916937'),
(1062, '2018-10-30 23:29:00', 'D', 249000, 'Penjualan', 'INVC/JUAL/301018/1540916987'),
(1063, '2018-10-30 23:29:00', 'K', 19000, 'Biaya Lain Penjualan', 'INVC/JUAL/301018/1540916987'),
(1064, '2018-10-30 23:29:00', 'D', 119000, 'Penjualan', 'INVC/JUAL/301018/1540917055'),
(1065, '2018-10-30 23:29:00', 'K', 19000, 'Biaya Lain Penjualan', 'INVC/JUAL/301018/1540917055'),
(1066, '2018-10-30 23:31:00', 'K', 125000, 'Pembelian', 'INVC/BELI/301018/1540917084'),
(1067, '2018-10-30 23:31:00', 'D', 331500, 'Penjualan', 'INVC/JUAL/301018/1540917125'),
(1068, '2018-10-30 23:31:00', 'K', 11500, 'Biaya Lain Penjualan', 'INVC/JUAL/301018/1540917125'),
(1069, '2018-10-30 23:32:00', 'D', 257000, 'Penjualan', 'INVC/JUAL/301018/1540917235'),
(1070, '2018-10-30 23:32:00', 'K', 22000, 'Biaya Lain Penjualan', 'INVC/JUAL/301018/1540917235'),
(1071, '2018-10-30 23:34:00', 'D', 161000, 'Penjualan', 'INVC/JUAL/301018/1540917294'),
(1072, '2018-10-30 23:34:00', 'K', 11000, 'Biaya Lain Penjualan', 'INVC/JUAL/301018/1540917294'),
(1073, '2018-10-30 23:35:00', 'D', 100000, 'Penjualan', 'INVC/JUAL/301018/1540917329'),
(1074, '2018-10-30 23:35:00', 'K', 0, 'Biaya Lain Penjualan', 'INVC/JUAL/301018/1540917329'),
(1075, '2018-10-30 23:37:00', 'D', 505000, 'Penjualan', 'INVC/JUAL/251018/1540473563'),
(1076, '2018-10-30 23:37:00', 'K', 0, 'Biaya Lain Penjualan', 'INVC/JUAL/251018/1540473563'),
(1077, '2018-10-30 23:38:00', 'D', 20000, 'Penjualan', 'INVC/JUAL/161018/1539661362'),
(1078, '2018-10-30 23:38:00', 'K', 0, 'Biaya Lain Penjualan', 'INVC/JUAL/161018/1539661362'),
(1079, '2018-10-30 23:39:00', 'D', 650000, 'Penjualan', 'INVC/JUAL/120818/1534039005'),
(1080, '2018-10-30 23:39:00', 'K', 0, 'Biaya Lain Penjualan', 'INVC/JUAL/120818/1534039005'),
(1081, '2018-10-30 23:40:00', 'K', 1152000, 'penyesuaian data uang', NULL),
(1082, '2018-10-30 23:51:00', 'D', 215000, 'Penjualan', 'INVC/JUAL/301018/1540918346'),
(1083, '2018-10-30 23:51:00', 'K', 0, 'Biaya Lain Penjualan', 'INVC/JUAL/301018/1540918346'),
(1084, '2018-10-30 23:57:00', 'D', 144500, 'penyesuaian', NULL),
(1085, '2018-10-31 19:58:00', 'D', 116500, 'Penjualan', 'INVC/JUAL/311018/1540990879'),
(1086, '2018-10-31 19:58:00', 'K', 16500, 'Biaya Lain Penjualan', 'INVC/JUAL/311018/1540990879'),
(1087, '2018-10-31 20:03:00', 'D', 167500, 'Penjualan', 'INVC/JUAL/311018/1540991191'),
(1088, '2018-10-31 20:03:00', 'K', 17500, 'Biaya Lain Penjualan', 'INVC/JUAL/311018/1540991191'),
(1089, '2018-10-31 20:07:00', 'D', 252500, 'Penjualan', 'INVC/JUAL/311018/1540991460'),
(1090, '2018-10-31 20:07:00', 'K', 12500, 'Biaya Lain Penjualan', 'INVC/JUAL/311018/1540991460'),
(1091, '2018-10-31 20:11:00', 'D', 161500, 'Penjualan', 'INVC/JUAL/311018/1540991529'),
(1092, '2018-10-31 20:11:00', 'K', 11500, 'Biaya Lain Penjualan', 'INVC/JUAL/311018/1540991529'),
(1093, '2018-10-31 20:13:00', 'D', 100000, 'Penjualan', 'INVC/JUAL/311018/1540991657'),
(1094, '2018-10-31 20:13:00', 'K', 0, 'Biaya Lain Penjualan', 'INVC/JUAL/311018/1540991657'),
(1095, '2018-10-31 20:14:00', 'D', 250000, 'Penjualan', 'INVC/JUAL/311018/1540991848'),
(1096, '2018-10-31 20:14:00', 'K', 0, 'Biaya Lain Penjualan', 'INVC/JUAL/311018/1540991848'),
(1097, '2018-10-31 20:17:00', 'D', 630000, 'Penjualan', 'INVC/JUAL/311018/1540992135'),
(1098, '2018-10-31 20:17:00', 'K', 0, 'Biaya Lain Penjualan', 'INVC/JUAL/311018/1540992135'),
(1099, '2018-11-01 00:18:00', 'D', 85000, 'Penjualan', 'INVC/JUAL/011118/1541006352'),
(1100, '2018-11-01 00:18:00', 'K', 20000, 'Biaya Lain Penjualan', 'INVC/JUAL/011118/1541006352'),
(1101, '2018-11-01 11:18:00', 'K', 1507000, 'tabungan , gaji 2 org', NULL),
(1102, '2018-11-02 02:46:00', 'D', 250000, 'Penjualan', 'INVC/JUAL/021118/1541101627'),
(1103, '2018-11-02 02:46:00', 'K', 0, 'Biaya Lain Penjualan', 'INVC/JUAL/021118/1541101627'),
(1104, '2018-11-02 02:47:00', 'D', 130000, 'Penjualan', 'INVC/JUAL/021118/1541101723'),
(1105, '2018-11-02 02:47:00', 'K', 0, 'Biaya Lain Penjualan', 'INVC/JUAL/021118/1541101723'),
(1106, '2018-11-02 02:50:00', 'D', 350000, 'Penjualan', 'INVC/JUAL/021118/1541101918'),
(1107, '2018-11-02 02:50:00', 'K', 0, 'Biaya Lain Penjualan', 'INVC/JUAL/021118/1541101918'),
(1108, '2018-11-02 02:52:00', 'D', 260000, 'Penjualan', 'INVC/JUAL/021118/1541102022'),
(1109, '2018-11-02 02:52:00', 'K', 0, 'Biaya Lain Penjualan', 'INVC/JUAL/021118/1541102022'),
(1110, '2018-11-02 19:36:00', 'D', 400000, 'sisa 950 utang randy', NULL),
(1111, '2018-11-02 19:58:00', 'D', 117500, 'Penjualan', 'INVC/JUAL/021118/1541163558'),
(1112, '2018-11-02 19:58:00', 'K', 17500, 'Biaya Lain Penjualan', 'INVC/JUAL/021118/1541163558'),
(1113, '2018-11-02 19:59:00', 'D', 186500, 'Penjualan', 'INVC/JUAL/021118/1541163620'),
(1114, '2018-11-02 19:59:00', 'K', 16500, 'Biaya Lain Penjualan', 'INVC/JUAL/021118/1541163620'),
(1115, '2018-11-02 20:00:00', 'D', 5000, 'Penjualan', 'INVC/JUAL/021118/1541163620'),
(1116, '2018-11-02 20:00:00', 'K', 0, 'Biaya Lain Penjualan', 'INVC/JUAL/021118/1541163620'),
(1117, '2018-11-02 20:01:00', 'D', 50000, 'Penjualan', 'INVC/JUAL/021118/1541163755'),
(1118, '2018-11-02 20:01:00', 'K', 0, 'Biaya Lain Penjualan', 'INVC/JUAL/021118/1541163755'),
(1119, '2018-11-02 20:02:00', 'D', 40000, 'Penjualan', 'INVC/JUAL/021118/1541163785'),
(1120, '2018-11-02 20:02:00', 'K', 0, 'Biaya Lain Penjualan', 'INVC/JUAL/021118/1541163785'),
(1121, '2018-11-02 20:03:00', 'D', 40000, 'Penjualan', 'INVC/JUAL/021118/1541163839'),
(1122, '2018-11-02 20:03:00', 'K', 0, 'Biaya Lain Penjualan', 'INVC/JUAL/021118/1541163839'),
(1123, '2018-11-02 20:04:00', 'D', 536000, 'Penjualan', 'INVC/JUAL/021118/1541163977'),
(1124, '2018-11-02 20:04:00', 'K', 56000, 'Biaya Lain Penjualan', 'INVC/JUAL/021118/1541163977'),
(1125, '2018-11-02 20:06:00', 'K', 480000, 'Pembelian', 'INVC/BELI/021118/1541164051'),
(1126, '2018-11-02 20:07:00', 'D', 123500, 'Penjualan', 'INVC/JUAL/021118/1541164128'),
(1127, '2018-11-02 20:07:00', 'K', 23500, 'Biaya Lain Penjualan', 'INVC/JUAL/021118/1541164128'),
(1128, '2018-11-02 21:14:00', 'D', 320000, 'Penjualan', 'INVC/JUAL/021118/1541168140'),
(1129, '2018-11-02 21:14:00', 'K', 0, 'Biaya Lain Penjualan', 'INVC/JUAL/021118/1541168140'),
(1130, '2018-11-02 21:36:00', 'D', 25000, 'Penjualan', 'INVC/JUAL/021118/1541169392'),
(1131, '2018-11-02 21:36:00', 'K', 0, 'Biaya Lain Penjualan', 'INVC/JUAL/021118/1541169392'),
(1132, '2018-11-03 10:22:00', 'K', 850000, 'dp kardus krg 550', NULL),
(1133, '2018-11-03 10:22:00', 'K', 1886000, 'pembekian boreup', NULL),
(1134, '2018-11-03 10:47:00', 'K', 100000, 'gaji tambahan randy', NULL),
(1135, '2018-11-03 10:47:00', 'K', 100000, 'gaji tambahan randy', NULL),
(1136, '2018-11-03 10:48:00', 'D', 950000, 'utang jousa lunas', NULL),
(1137, '2018-11-03 15:40:00', 'D', 97000, 'Penjualan', 'INVC/JUAL/190918/1537366048'),
(1138, '2018-11-03 15:40:00', 'K', 0, 'Biaya Lain Penjualan', 'INVC/JUAL/190918/1537366048'),
(1143, '2018-11-03 20:44:00', 'D', 105000, 'Penjualan', 'INVC/JUAL/031118/1541252756'),
(1144, '2018-11-03 20:44:00', 'K', 0, 'Biaya Lain Penjualan', 'INVC/JUAL/031118/1541252756'),
(1145, '2018-11-03 20:59:00', 'D', 180000, 'Penjualan', 'INVC/JUAL/031118/1541253849'),
(1146, '2018-11-03 20:59:00', 'K', 0, 'Biaya Lain Penjualan', 'INVC/JUAL/031118/1541253849'),
(1147, '2018-11-04 19:05:00', 'D', 800000, 'Penjualan', 'INVC/JUAL/041118/1541333326'),
(1148, '2018-11-04 19:05:00', 'K', 0, 'Biaya Lain Penjualan', 'INVC/JUAL/041118/1541333326'),
(1149, '2018-11-04 19:08:00', 'D', 200000, 'Penjualan', 'INVC/JUAL/041118/1541333364'),
(1150, '2018-11-04 19:08:00', 'K', 0, 'Biaya Lain Penjualan', 'INVC/JUAL/041118/1541333364'),
(1151, '2018-11-04 19:11:00', 'D', 130000, 'Penjualan', 'INVC/JUAL/041118/1541333679'),
(1152, '2018-11-04 19:11:00', 'K', 20000, 'Biaya Lain Penjualan', 'INVC/JUAL/041118/1541333679'),
(1153, '2018-11-04 19:54:00', 'D', 249000, 'Penjualan', 'INVC/JUAL/041118/1541336108'),
(1154, '2018-11-04 19:54:00', 'K', 19000, 'Biaya Lain Penjualan', 'INVC/JUAL/041118/1541336108'),
(1155, '2018-11-05 09:26:00', 'D', 0, 'Penjualan', 'INVC/JUAL/051118/1541384882'),
(1156, '2018-11-05 09:26:00', 'K', 0, 'Biaya Lain Penjualan', 'INVC/JUAL/051118/1541384882'),
(1157, '2018-11-05 09:28:00', 'D', 200000, 'utg arif sisa 170', NULL),
(1158, '2018-11-05 10:07:00', 'D', 20000, 'Penjualan', 'INVC/JUAL/051118/1541387283'),
(1159, '2018-11-05 10:07:00', 'K', 0, 'Biaya Lain Penjualan', 'INVC/JUAL/051118/1541387283'),
(1160, '2018-11-06 00:20:00', 'D', 25000, 'Penjualan', 'INVC/JUAL/061118/1541438447'),
(1161, '2018-11-06 00:20:00', 'K', 0, 'Biaya Lain Penjualan', 'INVC/JUAL/061118/1541438447'),
(1162, '2018-11-06 00:21:00', 'D', 117000, 'Penjualan', 'INVC/JUAL/061118/1541438511'),
(1163, '2018-11-06 00:21:00', 'K', 17000, 'Biaya Lain Penjualan', 'INVC/JUAL/061118/1541438511'),
(1164, '2018-11-07 07:47:00', 'D', 100000, 'Penjualan', 'INVC/JUAL/071118/1541551937'),
(1165, '2018-11-07 07:47:00', 'K', 0, 'Biaya Lain Penjualan', 'INVC/JUAL/071118/1541551937'),
(1166, '2018-11-07 07:52:00', 'D', 430000, 'Penjualan', 'INVC/JUAL/071118/1541552045'),
(1167, '2018-11-07 07:52:00', 'K', 30000, 'Biaya Lain Penjualan', 'INVC/JUAL/071118/1541552045'),
(1168, '2018-11-09 10:49:00', 'D', 100000, 'Penjualan', 'INVC/JUAL/091118/1541736691'),
(1169, '2018-11-09 10:49:00', 'K', 0, 'Biaya Lain Penjualan', 'INVC/JUAL/091118/1541736691'),
(1170, '2018-11-09 11:11:00', 'D', 260000, 'Penjualan', 'INVC/JUAL/091118/1541736750'),
(1171, '2018-11-09 11:11:00', 'K', 0, 'Biaya Lain Penjualan', 'INVC/JUAL/091118/1541736750'),
(1172, '2018-11-09 11:12:00', 'D', 183000, 'Penjualan', 'INVC/JUAL/091118/1541736791'),
(1173, '2018-11-09 11:12:00', 'K', 18000, 'Biaya Lain Penjualan', 'INVC/JUAL/091118/1541736791'),
(1174, '2018-11-09 11:13:00', 'D', 440000, 'Penjualan', 'INVC/JUAL/091118/1541736841'),
(1175, '2018-11-09 11:13:00', 'K', 40000, 'Biaya Lain Penjualan', 'INVC/JUAL/091118/1541736841'),
(1176, '2018-11-11 20:57:00', 'D', 620000, 'Penjualan', 'INVC/JUAL/111118/1541944814'),
(1177, '2018-11-11 20:57:00', 'K', 0, 'Biaya Lain Penjualan', 'INVC/JUAL/111118/1541944814'),
(1178, '2018-11-11 21:00:00', 'D', 35000, 'Penjualan', 'INVC/JUAL/111118/1541944863'),
(1179, '2018-11-11 21:00:00', 'K', 0, 'Biaya Lain Penjualan', 'INVC/JUAL/111118/1541944863'),
(1180, '2018-11-11 21:06:00', 'K', 1244000, 'Pembelian', 'INVC/BELI/111118/1541945368'),
(1183, '2018-11-11 21:10:00', 'D', 80000, 'Penjualan', 'INVC/JUAL/111118/1541945447'),
(1184, '2018-11-11 21:10:00', 'K', 20000, 'Biaya Lain Penjualan', 'INVC/JUAL/111118/1541945447'),
(1185, '2018-11-11 21:11:00', 'D', 60000, 'Penjualan', 'INVC/JUAL/111118/1541944863'),
(1186, '2018-11-11 21:11:00', 'K', 0, 'Biaya Lain Penjualan', 'INVC/JUAL/111118/1541944863'),
(1187, '2018-11-11 21:11:00', 'D', 0, 'Penjualan', 'INVC/JUAL/111118/1541945537');
INSERT INTO `tbl_kas` (`kas_id`, `kas_tanggal`, `kas_kode`, `kas_nominal`, `kas_keterangan`, `kas_ref`) VALUES
(1188, '2018-11-11 21:11:00', 'K', 0, 'Biaya Lain Penjualan', 'INVC/JUAL/111118/1541945537'),
(1189, '2018-11-11 21:12:00', 'D', 220000, 'Penjualan', 'INVC/JUAL/111118/1541945682'),
(1190, '2018-11-11 21:12:00', 'K', 0, 'Biaya Lain Penjualan', 'INVC/JUAL/111118/1541945682'),
(1191, '2018-11-11 21:14:00', 'D', 100000, 'Penjualan', 'INVC/JUAL/111118/1541945773'),
(1192, '2018-11-11 21:14:00', 'K', 0, 'Biaya Lain Penjualan', 'INVC/JUAL/111118/1541945773'),
(1193, '2018-11-11 21:16:00', 'D', 370000, 'Penjualan', 'INVC/JUAL/111118/1541946092'),
(1194, '2018-11-11 21:16:00', 'K', 0, 'Biaya Lain Penjualan', 'INVC/JUAL/111118/1541946092'),
(1195, '2018-11-11 21:21:00', 'D', 375000, 'Penjualan', 'INVC/JUAL/111118/1541946143'),
(1196, '2018-11-11 21:21:00', 'K', 0, 'Biaya Lain Penjualan', 'INVC/JUAL/111118/1541946143'),
(1197, '2018-11-11 21:22:00', 'D', 50000, 'Penjualan', 'INVC/JUAL/111118/1541946171'),
(1198, '2018-11-11 21:22:00', 'K', 0, 'Biaya Lain Penjualan', 'INVC/JUAL/111118/1541946171'),
(1199, '2018-11-11 21:24:00', 'K', 800000, 'Pembelian', 'INVC/BELI/111118/1541946766'),
(1200, '2018-11-11 21:33:00', 'D', 340000, 'Penjualan', 'INVC/JUAL/111118/1541946921'),
(1201, '2018-11-11 21:33:00', 'K', 0, 'Biaya Lain Penjualan', 'INVC/JUAL/111118/1541946921'),
(1202, '2018-11-12 23:31:00', 'D', 263000, 'Penjualan', 'INVC/JUAL/121118/1542040372'),
(1203, '2018-11-12 23:31:00', 'K', 13000, 'Biaya Lain Penjualan', 'INVC/JUAL/121118/1542040372'),
(1204, '2018-11-12 23:33:00', 'D', 20000, 'Penjualan', 'INVC/JUAL/121118/1542040533'),
(1205, '2018-11-12 23:33:00', 'K', 0, 'Biaya Lain Penjualan', 'INVC/JUAL/121118/1542040533'),
(1206, '2018-11-12 23:36:00', 'D', 120000, 'Penjualan', 'INVC/JUAL/121118/1542040641'),
(1207, '2018-11-12 23:36:00', 'K', 0, 'Biaya Lain Penjualan', 'INVC/JUAL/121118/1542040641'),
(1210, '2018-11-12 23:38:00', 'D', 80000, 'Penjualan', 'INVC/JUAL/121118/1542040710'),
(1211, '2018-11-12 23:38:00', 'K', 0, 'Biaya Lain Penjualan', 'INVC/JUAL/121118/1542040710'),
(1212, '2018-11-12 23:38:00', 'D', 200000, 'Penjualan', 'INVC/JUAL/121118/1542040902'),
(1213, '2018-11-12 23:38:00', 'K', 0, 'Biaya Lain Penjualan', 'INVC/JUAL/121118/1542040902'),
(1214, '2018-11-12 23:46:00', 'D', 100000, 'Penjualan', 'INVC/JUAL/121118/1542041209'),
(1215, '2018-11-12 23:46:00', 'K', 0, 'Biaya Lain Penjualan', 'INVC/JUAL/121118/1542041209'),
(1216, '2018-11-12 23:47:00', 'D', 115000, 'Penjualan', 'INVC/JUAL/121118/1542041266'),
(1217, '2018-11-12 23:47:00', 'K', 0, 'Biaya Lain Penjualan', 'INVC/JUAL/121118/1542041266'),
(1218, '2018-11-12 23:48:00', 'D', 271000, 'Penjualan', 'INVC/JUAL/121118/1542041356'),
(1219, '2018-11-12 23:48:00', 'K', 11000, 'Biaya Lain Penjualan', 'INVC/JUAL/121118/1542041356'),
(1220, '2018-11-12 23:51:00', 'D', 82000, 'Penjualan', 'INVC/JUAL/121118/1542041517'),
(1221, '2018-11-12 23:51:00', 'K', 22000, 'Biaya Lain Penjualan', 'INVC/JUAL/121118/1542041517'),
(1222, '2018-11-14 08:59:00', 'K', 390000, 'Pembelian', 'INVC/BELI/141118/1542160800'),
(1223, '2018-11-14 09:00:00', 'D', 740000, 'Penjualan', 'INVC/JUAL/141118/1542160977'),
(1224, '2018-11-14 09:00:00', 'K', 30000, 'Biaya Lain Penjualan', 'INVC/JUAL/141118/1542160977'),
(1225, '2018-11-14 09:03:00', 'D', 50000, 'Penjualan', 'INVC/JUAL/141118/1542161008'),
(1226, '2018-11-14 09:03:00', 'K', 0, 'Biaya Lain Penjualan', 'INVC/JUAL/141118/1542161008'),
(1227, '2018-11-14 09:03:00', 'D', 50000, 'Penjualan', 'INVC/JUAL/141118/1542161034'),
(1228, '2018-11-14 09:03:00', 'K', 0, 'Biaya Lain Penjualan', 'INVC/JUAL/141118/1542161034'),
(1229, '2018-11-14 19:08:00', 'D', 100000, 'Penjualan', 'INVC/JUAL/141118/1542197369'),
(1230, '2018-11-14 19:08:00', 'K', 0, 'Biaya Lain Penjualan', 'INVC/JUAL/141118/1542197369'),
(1231, '2018-11-14 19:10:00', 'D', 100000, 'Penjualan', 'INVC/JUAL/141118/1542198986'),
(1232, '2018-11-14 19:10:00', 'K', 0, 'Biaya Lain Penjualan', 'INVC/JUAL/141118/1542198986'),
(1235, '2018-11-14 19:40:00', 'D', 340000, 'Penjualan', 'INVC/JUAL/141118/1542199281'),
(1236, '2018-11-14 19:40:00', 'K', 30000, 'Biaya Lain Penjualan', 'INVC/JUAL/141118/1542199281'),
(1237, '2018-11-14 21:21:00', 'D', 30000, 'Penjualan', 'INVC/JUAL/141118/1542205319'),
(1238, '2018-11-14 21:21:00', 'K', 0, 'Biaya Lain Penjualan', 'INVC/JUAL/141118/1542205319'),
(1239, '2018-11-16 00:47:00', 'D', 65000, 'Penjualan', 'INVC/JUAL/161118/1542304089'),
(1240, '2018-11-16 00:47:00', 'K', 0, 'Biaya Lain Penjualan', 'INVC/JUAL/161118/1542304089'),
(1241, '2018-11-16 00:48:00', 'D', 340000, 'Penjualan', 'INVC/JUAL/161118/1542304159'),
(1242, '2018-11-16 00:48:00', 'K', 20000, 'Biaya Lain Penjualan', 'INVC/JUAL/161118/1542304159'),
(1243, '2018-11-16 00:53:00', 'D', 50000, 'Penjualan', 'INVC/JUAL/161118/1542304555'),
(1244, '2018-11-16 00:53:00', 'K', 0, 'Biaya Lain Penjualan', 'INVC/JUAL/161118/1542304555'),
(1245, '2018-11-16 00:56:00', 'D', 50000, 'Penjualan', 'INVC/JUAL/161118/1542304620'),
(1246, '2018-11-16 00:56:00', 'K', 0, 'Biaya Lain Penjualan', 'INVC/JUAL/161118/1542304620'),
(1251, '2018-11-18 16:41:00', 'D', 35000, 'Penjualan', 'INVC/JUAL/181118/1542534105'),
(1252, '2018-11-18 16:41:00', 'K', 0, 'Biaya Lain Penjualan', 'INVC/JUAL/181118/1542534105'),
(1253, '2018-11-18 16:42:00', 'D', 350000, 'Penjualan', 'INVC/JUAL/181118/1542534249'),
(1254, '2018-11-18 16:42:00', 'K', 0, 'Biaya Lain Penjualan', 'INVC/JUAL/181118/1542534249'),
(1255, '2018-11-18 16:46:00', 'D', 35000, 'Penjualan', 'INVC/JUAL/181118/1542534430'),
(1256, '2018-11-18 16:46:00', 'K', 0, 'Biaya Lain Penjualan', 'INVC/JUAL/181118/1542534430'),
(1257, '2018-11-18 16:49:00', 'D', 130000, 'Penjualan', 'INVC/JUAL/181118/1542534593'),
(1258, '2018-11-18 16:49:00', 'K', 0, 'Biaya Lain Penjualan', 'INVC/JUAL/181118/1542534593'),
(1259, '2018-11-18 16:50:00', 'D', 280000, 'Penjualan', 'INVC/JUAL/181118/1542534700'),
(1260, '2018-11-18 16:50:00', 'K', 0, 'Biaya Lain Penjualan', 'INVC/JUAL/181118/1542534700'),
(1261, '2018-11-18 16:51:00', 'D', 260000, 'Penjualan', 'INVC/JUAL/181118/1542534820'),
(1262, '2018-11-18 16:51:00', 'K', 0, 'Biaya Lain Penjualan', 'INVC/JUAL/181118/1542534820'),
(1263, '2018-11-18 16:53:00', 'D', 415000, 'Penjualan', 'INVC/JUAL/181118/1542534879'),
(1264, '2018-11-18 16:53:00', 'K', 0, 'Biaya Lain Penjualan', 'INVC/JUAL/181118/1542534879'),
(1265, '2018-11-18 16:55:00', 'D', 90000, 'Penjualan', 'INVC/JUAL/181118/1542534974'),
(1266, '2018-11-18 16:55:00', 'K', 0, 'Biaya Lain Penjualan', 'INVC/JUAL/181118/1542534974'),
(1267, '2018-11-18 16:56:00', 'D', 410000, 'Penjualan', 'INVC/JUAL/181118/1542535020'),
(1268, '2018-11-18 16:56:00', 'K', 0, 'Biaya Lain Penjualan', 'INVC/JUAL/181118/1542535020'),
(1269, '2018-11-21 08:57:00', 'D', 250000, 'Penjualan', 'INVC/JUAL/211118/1542765480'),
(1270, '2018-11-21 08:57:00', 'K', 30000, 'Biaya Lain Penjualan', 'INVC/JUAL/211118/1542765480'),
(1271, '2018-11-21 08:58:00', 'D', 195000, 'Penjualan', 'INVC/JUAL/211118/1542765522'),
(1272, '2018-11-21 08:58:00', 'K', 10000, 'Biaya Lain Penjualan', 'INVC/JUAL/211118/1542765522'),
(1273, '2018-11-21 08:58:00', 'D', 95000, 'Penjualan', 'INVC/JUAL/211118/1542765705'),
(1274, '2018-11-21 08:58:00', 'K', 0, 'Biaya Lain Penjualan', 'INVC/JUAL/211118/1542765705'),
(1275, '2018-11-21 09:01:00', 'D', 0, 'Penjualan', 'INVC/JUAL/211118/1542765769'),
(1276, '2018-11-21 09:01:00', 'K', 0, 'Biaya Lain Penjualan', 'INVC/JUAL/211118/1542765769'),
(1277, '2018-11-21 09:02:00', 'D', 207500, 'Penjualan', 'INVC/JUAL/211118/1542765814'),
(1278, '2018-11-21 09:02:00', 'K', 17500, 'Biaya Lain Penjualan', 'INVC/JUAL/211118/1542765814'),
(1279, '2018-11-21 09:03:00', 'D', 170000, 'Penjualan', 'INVC/JUAL/211118/1542765968'),
(1280, '2018-11-21 09:03:00', 'K', 0, 'Biaya Lain Penjualan', 'INVC/JUAL/211118/1542765968'),
(1281, '2018-11-21 09:07:00', 'K', 775000, 'Pembelian', 'INVC/BELI/211118/1542766087'),
(1282, '2018-11-21 09:08:00', 'D', 505000, 'Penjualan', 'INVC/JUAL/211118/1542766249'),
(1283, '2018-11-21 09:08:00', 'K', 55000, 'Biaya Lain Penjualan', 'INVC/JUAL/211118/1542766249'),
(1284, '2018-11-21 09:10:00', 'D', 215000, 'Penjualan', 'INVC/JUAL/211118/1542766277'),
(1285, '2018-11-21 09:10:00', 'K', 0, 'Biaya Lain Penjualan', 'INVC/JUAL/211118/1542766277'),
(1288, '2018-11-21 09:13:00', 'D', 100000, 'Penjualan', 'INVC/JUAL/211118/1542766249'),
(1289, '2018-11-21 09:13:00', 'K', 0, 'Biaya Lain Penjualan', 'INVC/JUAL/211118/1542766249'),
(1290, '2018-11-21 23:49:00', 'D', 40000, 'Penjualan', 'INVC/JUAL/211118/1542819031'),
(1291, '2018-11-21 23:49:00', 'K', 0, 'Biaya Lain Penjualan', 'INVC/JUAL/211118/1542819031'),
(1292, '2018-11-21 23:50:00', 'D', 40000, 'Penjualan', 'INVC/JUAL/211118/1542819093'),
(1293, '2018-11-21 23:50:00', 'K', 0, 'Biaya Lain Penjualan', 'INVC/JUAL/211118/1542819093'),
(1294, '2018-11-21 23:51:00', 'D', 20000, 'Penjualan', 'INVC/JUAL/211118/1542819126'),
(1295, '2018-11-21 23:51:00', 'K', 0, 'Biaya Lain Penjualan', 'INVC/JUAL/211118/1542819126'),
(1296, '2018-11-21 23:52:00', 'D', 70000, 'Penjualan', 'INVC/JUAL/211118/1542819174'),
(1297, '2018-11-21 23:52:00', 'K', 0, 'Biaya Lain Penjualan', 'INVC/JUAL/211118/1542819174'),
(1298, '2018-11-21 23:53:00', 'D', 215000, 'Penjualan', 'INVC/JUAL/211118/1542819259'),
(1299, '2018-11-21 23:53:00', 'K', 0, 'Biaya Lain Penjualan', 'INVC/JUAL/211118/1542819259'),
(1300, '2018-11-21 23:54:00', 'D', 65000, 'Penjualan', 'INVC/JUAL/211118/1542819307'),
(1301, '2018-11-21 23:54:00', 'K', 0, 'Biaya Lain Penjualan', 'INVC/JUAL/211118/1542819307'),
(1302, '2018-11-22 00:00:00', 'K', 1881000, 'Pembelian', 'INVC/BELI/221118/1542819855'),
(1303, '2018-11-22 00:04:00', 'K', 1000000, 'Pembelian', 'INVC/BELI/221118/1542820881'),
(1304, '2018-11-22 00:21:00', 'D', 300000, 'Penjualan', 'INVC/JUAL/221118/1542820968'),
(1305, '2018-11-22 00:21:00', 'K', 0, 'Biaya Lain Penjualan', 'INVC/JUAL/221118/1542820968'),
(1306, '2018-11-22 22:36:00', 'D', 290000, 'Penjualan', 'INVC/JUAL/221118/1542901067'),
(1307, '2018-11-22 22:36:00', 'K', 0, 'Biaya Lain Penjualan', 'INVC/JUAL/221118/1542901067'),
(1308, '2018-11-22 22:38:00', 'D', 270000, 'Penjualan', 'INVC/JUAL/221118/1542901151'),
(1309, '2018-11-22 22:38:00', 'K', 0, 'Biaya Lain Penjualan', 'INVC/JUAL/221118/1542901151'),
(1310, '2018-11-22 22:39:00', 'D', 43000, 'Penjualan', 'INVC/JUAL/221118/1542901192'),
(1311, '2018-11-22 22:39:00', 'K', 0, 'Biaya Lain Penjualan', 'INVC/JUAL/221118/1542901192'),
(1312, '2018-11-22 22:40:00', 'D', 500000, 'Penjualan', 'INVC/JUAL/221118/1542901354'),
(1313, '2018-11-22 22:40:00', 'K', 0, 'Biaya Lain Penjualan', 'INVC/JUAL/221118/1542901354'),
(1314, '2018-11-22 23:04:00', 'D', 55000, 'Penjualan', 'INVC/JUAL/221118/1542902736'),
(1315, '2018-11-22 23:04:00', 'K', 0, 'Biaya Lain Penjualan', 'INVC/JUAL/221118/1542902736'),
(1316, '2018-11-23 18:45:00', 'D', 400000, 'Penjualan', 'INVC/JUAL/231118/1542973579'),
(1317, '2018-11-23 18:45:00', 'K', 0, 'Biaya Lain Penjualan', 'INVC/JUAL/231118/1542973579'),
(1318, '2018-11-23 18:46:00', 'D', 215000, 'Penjualan', 'INVC/JUAL/231118/1542973612'),
(1319, '2018-11-23 18:46:00', 'K', 0, 'Biaya Lain Penjualan', 'INVC/JUAL/231118/1542973612'),
(1320, '2018-11-23 18:46:00', 'D', 85000, 'Penjualan', 'INVC/JUAL/231118/1542973636'),
(1321, '2018-11-23 18:46:00', 'K', 0, 'Biaya Lain Penjualan', 'INVC/JUAL/231118/1542973636'),
(1322, '2018-11-23 18:50:00', 'D', 100000, 'Penjualan', 'INVC/JUAL/231118/1542973854'),
(1323, '2018-11-23 18:50:00', 'K', 0, 'Biaya Lain Penjualan', 'INVC/JUAL/231118/1542973854'),
(1324, '2018-11-24 00:11:00', 'D', 350000, 'Penjualan', 'INVC/JUAL/241118/1542993178'),
(1325, '2018-11-24 00:11:00', 'K', 0, 'Biaya Lain Penjualan', 'INVC/JUAL/241118/1542993178'),
(1326, '2018-11-24 00:53:00', 'D', 270000, 'Penjualan', 'INVC/JUAL/241118/1542995686'),
(1327, '2018-11-24 00:53:00', 'K', 20000, 'Biaya Lain Penjualan', 'INVC/JUAL/241118/1542995686'),
(1328, '2018-11-24 08:43:00', 'D', 35000, 'Penjualan', 'INVC/JUAL/241118/1543023871'),
(1329, '2018-11-24 08:43:00', 'K', 0, 'Biaya Lain Penjualan', 'INVC/JUAL/241118/1543023871'),
(1330, '2018-11-24 08:43:00', 'D', 35000, 'Penjualan', 'INVC/JUAL/241118/1543024364'),
(1331, '2018-11-24 08:43:00', 'K', 0, 'Biaya Lain Penjualan', 'INVC/JUAL/241118/1543024364'),
(1332, '2018-11-25 00:39:00', 'D', 35000, 'Penjualan', 'INVC/JUAL/251118/1543081212'),
(1333, '2018-11-25 00:39:00', 'K', 0, 'Biaya Lain Penjualan', 'INVC/JUAL/251118/1543081212'),
(1334, '2018-11-25 01:00:00', 'D', 65000, 'Penjualan', 'INVC/JUAL/251118/1543082464'),
(1335, '2018-11-25 01:00:00', 'K', 0, 'Biaya Lain Penjualan', 'INVC/JUAL/251118/1543082464'),
(1336, '2018-11-26 11:36:00', 'D', 450000, 'Penjualan', 'INVC/JUAL/261118/1543207132'),
(1337, '2018-11-26 11:36:00', 'K', 0, 'Biaya Lain Penjualan', 'INVC/JUAL/261118/1543207132'),
(1338, '2018-11-26 11:44:00', 'K', 1185000, 'Pembelian', 'INVC/BELI/261118/1543208332'),
(1339, '2018-11-26 12:06:00', 'K', 330000, 'Pembelian', 'INVC/BELI/261118/1543208806'),
(1340, '2018-11-26 12:06:00', 'D', 155000, 'Penjualan', 'INVC/JUAL/261118/1543208938'),
(1341, '2018-11-26 12:06:00', 'K', 0, 'Biaya Lain Penjualan', 'INVC/JUAL/261118/1543208938'),
(1342, '2018-11-26 12:09:00', 'D', 295000, 'Penjualan', 'INVC/JUAL/261118/1543209023'),
(1343, '2018-11-26 12:09:00', 'K', 0, 'Biaya Lain Penjualan', 'INVC/JUAL/261118/1543209023'),
(1344, '2018-11-26 19:28:00', 'D', 380000, 'Penjualan', 'INVC/JUAL/261118/1543235339'),
(1345, '2018-11-26 19:28:00', 'K', 0, 'Biaya Lain Penjualan', 'INVC/JUAL/261118/1543235339'),
(1346, '2018-11-26 19:30:00', 'K', 220000, 'Pembelian', 'INVC/BELI/261118/1543235439'),
(1347, '2018-11-26 19:30:00', 'D', 260000, 'Penjualan', 'INVC/JUAL/261118/1543235484'),
(1348, '2018-11-26 19:30:00', 'K', 0, 'Biaya Lain Penjualan', 'INVC/JUAL/261118/1543235484'),
(1349, '2018-11-26 19:31:00', 'D', 250000, 'Penjualan', 'INVC/JUAL/261118/1543235645'),
(1350, '2018-11-26 19:31:00', 'K', 0, 'Biaya Lain Penjualan', 'INVC/JUAL/261118/1543235645'),
(1351, '2018-11-26 21:25:00', 'D', 25000, 'Penjualan', 'INVC/JUAL/261118/1543242355'),
(1352, '2018-11-26 21:25:00', 'K', 0, 'Biaya Lain Penjualan', 'INVC/JUAL/261118/1543242355'),
(1353, '2018-11-26 21:26:00', 'D', 185000, 'Penjualan', 'INVC/JUAL/261118/1543242380'),
(1354, '2018-11-26 21:26:00', 'K', 0, 'Biaya Lain Penjualan', 'INVC/JUAL/261118/1543242380'),
(1355, '2018-11-26 21:26:00', 'K', 2275000, 'Pembelian', 'INVC/BELI/261118/1543242600'),
(1356, '2018-11-26 22:07:00', 'K', 650000, 'dark nfr + talang air', NULL),
(1357, '2018-11-26 22:07:00', 'K', 500000, 'laker vixion', NULL),
(1358, '2018-11-26 22:08:00', 'K', 300000, 'repaint dan jajan', NULL),
(1359, '2018-11-26 22:08:00', 'K', 400000, 'leasing motor', NULL),
(1360, '2018-11-26 23:01:00', 'K', 200000, 'oli vario + cap', NULL),
(1361, '2018-11-26 23:02:00', 'K', 450000, 'alat', NULL),
(1362, '2018-11-26 23:03:00', 'K', 100000, 'listrik', NULL),
(1363, '2018-11-27 10:08:00', 'K', 570000, 'Pembelian', 'INVC/BELI/271118/1543288199'),
(1364, '2018-11-27 11:31:00', 'D', 175000, 'Penjualan', 'INVC/JUAL/271118/1543293098'),
(1365, '2018-11-27 11:31:00', 'K', 0, 'Biaya Lain Penjualan', 'INVC/JUAL/271118/1543293098'),
(1366, '2018-11-28 00:07:00', 'D', 500000, 'Penjualan', 'INVC/JUAL/281118/1543338585'),
(1367, '2018-11-28 00:07:00', 'K', 0, 'Biaya Lain Penjualan', 'INVC/JUAL/281118/1543338585'),
(1368, '2018-11-28 00:09:00', 'D', 100000, 'Penjualan', 'INVC/JUAL/281118/1543338649'),
(1369, '2018-11-28 00:09:00', 'K', 0, 'Biaya Lain Penjualan', 'INVC/JUAL/281118/1543338649'),
(1370, '2018-11-28 00:11:00', 'D', 140000, 'Penjualan', 'INVC/JUAL/281118/1543338773'),
(1371, '2018-11-28 00:11:00', 'K', 0, 'Biaya Lain Penjualan', 'INVC/JUAL/281118/1543338773'),
(1372, '2018-11-28 00:14:00', 'D', 175000, 'Penjualan', 'INVC/JUAL/281118/1543339309'),
(1373, '2018-11-28 00:14:00', 'K', 0, 'Biaya Lain Penjualan', 'INVC/JUAL/281118/1543339309'),
(1378, '2018-11-29 05:48:00', 'K', 1596000, 'Pembelian', 'INVC/BELI/291118/1543445705'),
(1379, '2018-11-29 05:55:00', 'D', 192000, 'Penjualan', 'INVC/JUAL/291118/1543445756'),
(1380, '2018-11-29 05:55:00', 'K', 17000, 'Biaya Lain Penjualan', 'INVC/JUAL/291118/1543445756'),
(1381, '2018-11-29 05:56:00', 'D', 100000, 'Penjualan', 'INVC/JUAL/291118/1543445794'),
(1382, '2018-11-29 05:56:00', 'K', 0, 'Biaya Lain Penjualan', 'INVC/JUAL/291118/1543445794'),
(1383, '2018-11-29 05:56:00', 'D', 0, 'Penjualan', 'INVC/JUAL/291118/1543445824'),
(1384, '2018-11-29 05:56:00', 'K', 0, 'Biaya Lain Penjualan', 'INVC/JUAL/291118/1543445824'),
(1385, '2018-11-29 05:57:00', 'D', 75000, 'Penjualan', 'INVC/JUAL/291118/1543445841'),
(1386, '2018-11-29 05:57:00', 'K', 0, 'Biaya Lain Penjualan', 'INVC/JUAL/291118/1543445841'),
(1387, '2018-11-29 05:59:00', 'D', 455000, 'Penjualan', 'INVC/JUAL/291118/1543446066'),
(1388, '2018-11-29 05:59:00', 'K', 0, 'Biaya Lain Penjualan', 'INVC/JUAL/291118/1543446066'),
(1389, '2018-11-29 06:02:00', 'D', 40000, 'Penjualan', 'INVC/JUAL/291118/1543446156'),
(1390, '2018-11-29 06:02:00', 'K', 0, 'Biaya Lain Penjualan', 'INVC/JUAL/291118/1543446156'),
(1391, '2018-11-29 06:02:00', 'D', 150000, 'Penjualan', 'INVC/JUAL/291118/1543445824'),
(1392, '2018-11-29 06:02:00', 'K', 0, 'Biaya Lain Penjualan', 'INVC/JUAL/291118/1543445824'),
(1393, '2018-11-29 06:03:00', 'K', 150000, 'lampu kuas nachi', NULL),
(1394, '2018-11-29 06:04:00', 'K', 200000, 'listrik eror', NULL),
(1395, '2018-11-29 06:58:00', 'D', 190000, 'Penjualan', 'INVC/JUAL/291118/1543449556'),
(1396, '2018-11-29 06:58:00', 'K', 0, 'Biaya Lain Penjualan', 'INVC/JUAL/291118/1543449556'),
(1397, '2018-11-29 19:09:00', 'D', 77000, 'Penjualan', 'INVC/JUAL/291118/1543493632'),
(1398, '2018-11-29 19:09:00', 'K', 17000, 'Biaya Lain Penjualan', 'INVC/JUAL/291118/1543493632'),
(1399, '2018-11-29 19:15:00', 'D', 217000, 'Penjualan', 'INVC/JUAL/291118/1543493770'),
(1400, '2018-11-29 19:15:00', 'K', 17000, 'Biaya Lain Penjualan', 'INVC/JUAL/291118/1543493770'),
(1401, '2018-11-29 23:09:00', 'D', 100000, 'Penjualan', 'INVC/JUAL/291118/1543507865'),
(1402, '2018-11-29 23:09:00', 'K', 0, 'Biaya Lain Penjualan', 'INVC/JUAL/291118/1543507865'),
(1403, '2018-12-01 14:41:00', 'K', 850000, 'Pembelian', 'INVC/BELI/011218/1543650120'),
(1404, '2018-12-01 14:42:00', 'K', 450000, 'Pembelian', 'INVC/BELI/011218/1543650183'),
(1405, '2018-12-01 14:46:00', 'K', 0, 'Pembelian', 'INVC/BELI/011218/1543650402'),
(1406, '2018-12-01 14:48:00', 'K', 785000, 'Pembelian', 'INVC/BELI/011218/1543650552'),
(1407, '2018-12-01 14:49:00', 'D', 1550000, 'Penjualan', 'INVC/JUAL/011218/1543650775'),
(1408, '2018-12-01 14:49:00', 'K', 280000, 'Biaya Lain Penjualan', 'INVC/JUAL/011218/1543650775'),
(1409, '2018-12-01 14:53:00', 'D', 285000, 'Penjualan', 'INVC/JUAL/011218/1543650930'),
(1410, '2018-12-01 14:53:00', 'K', 0, 'Biaya Lain Penjualan', 'INVC/JUAL/011218/1543650930'),
(1411, '2018-12-01 14:55:00', 'D', 200000, 'Penjualan', 'INVC/JUAL/011218/1543650965'),
(1412, '2018-12-01 14:55:00', 'K', 0, 'Biaya Lain Penjualan', 'INVC/JUAL/011218/1543650965'),
(1413, '2018-12-01 14:56:00', 'D', 175000, 'Penjualan', 'INVC/JUAL/011218/1543651034'),
(1414, '2018-12-01 14:56:00', 'K', 0, 'Biaya Lain Penjualan', 'INVC/JUAL/011218/1543651034'),
(1415, '2018-12-01 14:59:00', 'D', 325000, 'Penjualan', 'INVC/JUAL/011218/1543651198'),
(1416, '2018-12-01 14:59:00', 'K', 0, 'Biaya Lain Penjualan', 'INVC/JUAL/011218/1543651198'),
(1417, '2018-12-01 15:02:00', 'K', 70000, 'pilok ', NULL),
(1418, '2018-12-01 15:03:00', 'D', 450000, 'utng randy sisa 500', NULL),
(1419, '2018-12-01 15:03:00', 'K', 700000, 'gaji randy', NULL),
(1420, '2018-12-01 18:04:00', 'D', 950000, 'Penjualan', 'INVC/JUAL/011218/1543662363'),
(1421, '2018-12-01 18:04:00', 'K', 0, 'Biaya Lain Penjualan', 'INVC/JUAL/011218/1543662363'),
(1422, '2018-12-03 22:17:00', 'D', 390000, 'Penjualan', 'INVC/JUAL/031218/1543850686'),
(1423, '2018-12-03 22:17:00', 'K', 0, 'Biaya Lain Penjualan', 'INVC/JUAL/031218/1543850686'),
(1424, '2018-12-03 22:25:00', 'D', 520000, 'Penjualan', 'INVC/JUAL/031218/1543852691'),
(1425, '2018-12-03 22:25:00', 'K', 0, 'Biaya Lain Penjualan', 'INVC/JUAL/031218/1543852691'),
(1426, '2018-12-03 23:39:00', 'D', 275000, 'Penjualan', 'INVC/JUAL/031218/1543855205'),
(1427, '2018-12-03 23:39:00', 'K', 0, 'Biaya Lain Penjualan', 'INVC/JUAL/031218/1543855205'),
(1428, '2018-12-03 23:40:00', 'D', 370000, 'Penjualan', 'INVC/JUAL/031218/1543855572'),
(1429, '2018-12-03 23:40:00', 'K', 0, 'Biaya Lain Penjualan', 'INVC/JUAL/031218/1543855572'),
(1430, '2018-12-03 23:46:00', 'K', 150000, 'pembelian semi coating', NULL),
(1431, '2018-12-04 20:45:00', 'D', 730000, 'Penjualan', 'INVC/JUAL/041218/1543931239'),
(1432, '2018-12-04 20:45:00', 'K', 0, 'Biaya Lain Penjualan', 'INVC/JUAL/041218/1543931239'),
(1437, '2018-12-05 20:07:00', 'D', 370000, 'Penjualan', 'INVC/JUAL/051218/1544015314'),
(1438, '2018-12-05 20:07:00', 'K', 0, 'Biaya Lain Penjualan', 'INVC/JUAL/051218/1544015314'),
(1439, '2018-12-05 20:08:00', 'D', 150000, 'Penjualan', 'INVC/JUAL/051218/1544015386'),
(1440, '2018-12-05 20:08:00', 'K', 0, 'Biaya Lain Penjualan', 'INVC/JUAL/051218/1544015386'),
(1441, '2018-12-05 20:10:00', 'K', 1250000, 'Pembelian', 'INVC/BELI/051218/1544015496'),
(1442, '2018-12-05 23:06:00', 'D', 275000, 'Penjualan', 'INVC/JUAL/051218/1544026067'),
(1443, '2018-12-05 23:06:00', 'K', 0, 'Biaya Lain Penjualan', 'INVC/JUAL/051218/1544026067'),
(1446, '2018-12-05 23:11:00', 'D', 55000, 'Penjualan', 'INVC/JUAL/051218/1544026335'),
(1447, '2018-12-05 23:11:00', 'K', 0, 'Biaya Lain Penjualan', 'INVC/JUAL/051218/1544026335'),
(1448, '2018-12-05 23:15:00', 'D', 450000, 'Penjualan', 'INVC/JUAL/051218/1544026621'),
(1449, '2018-12-05 23:15:00', 'K', 0, 'Biaya Lain Penjualan', 'INVC/JUAL/051218/1544026621'),
(1454, '2018-12-07 00:34:00', 'D', 0, 'Penjualan', 'INVC/JUAL/071218/1544117725'),
(1455, '2018-12-07 00:34:00', 'K', 0, 'Biaya Lain Penjualan', 'INVC/JUAL/071218/1544117725'),
(1456, '2018-12-07 00:36:00', 'D', 270000, 'Penjualan', 'INVC/JUAL/071218/1544117839'),
(1457, '2018-12-07 00:36:00', 'K', 0, 'Biaya Lain Penjualan', 'INVC/JUAL/071218/1544117839'),
(1458, '2018-12-07 00:37:00', 'D', 270000, 'Penjualan', 'INVC/JUAL/071218/1544117951'),
(1459, '2018-12-07 00:37:00', 'K', 0, 'Biaya Lain Penjualan', 'INVC/JUAL/071218/1544117951'),
(1460, '2018-12-08 11:14:00', 'D', 290000, 'Penjualan', 'INVC/JUAL/081218/1544242521'),
(1461, '2018-12-08 11:14:00', 'K', 0, 'Biaya Lain Penjualan', 'INVC/JUAL/081218/1544242521'),
(1462, '2018-12-08 12:11:00', 'D', 195000, 'Penjualan', 'INVC/JUAL/081218/1544245940'),
(1463, '2018-12-08 12:11:00', 'K', 0, 'Biaya Lain Penjualan', 'INVC/JUAL/081218/1544245940'),
(1464, '2018-12-08 16:21:00', 'D', 160000, 'Penjualan', 'INVC/JUAL/081218/1544260894'),
(1465, '2018-12-08 16:21:00', 'K', 0, 'Biaya Lain Penjualan', 'INVC/JUAL/081218/1544260894'),
(1466, '2018-12-08 16:32:00', 'D', 100000, 'Penjualan', 'INVC/JUAL/081218/1544261621'),
(1467, '2018-12-08 16:32:00', 'K', 0, 'Biaya Lain Penjualan', 'INVC/JUAL/081218/1544261621'),
(1468, '2018-12-08 16:33:00', 'K', 550000, 'Pembelian', 'INVC/BELI/081218/1544261655'),
(1469, '2018-12-09 16:50:00', 'D', 470000, 'Penjualan', 'INVC/JUAL/091218/1544349223'),
(1470, '2018-12-09 16:50:00', 'K', 0, 'Biaya Lain Penjualan', 'INVC/JUAL/091218/1544349223'),
(1471, '2018-12-10 15:17:00', 'K', 767000, 'Pembelian', 'INVC/BELI/101218/1544430042'),
(1472, '2018-12-10 15:21:00', 'K', 190000, 'Pembelian', 'INVC/BELI/101218/1544430148'),
(1473, '2018-12-10 17:48:00', 'D', 60000, 'Penjualan', 'INVC/JUAL/101218/1544438939'),
(1474, '2018-12-10 17:48:00', 'K', 10000, 'Biaya Lain Penjualan', 'INVC/JUAL/101218/1544438939'),
(1475, '2018-12-10 21:49:00', 'D', 220000, 'Penjualan', 'INVC/JUAL/101218/1544453411'),
(1476, '2018-12-10 21:49:00', 'K', 0, 'Biaya Lain Penjualan', 'INVC/JUAL/101218/1544453411'),
(1477, '2018-12-10 21:50:00', 'D', 210000, 'Penjualan', 'INVC/JUAL/101218/1544453474'),
(1478, '2018-12-10 21:50:00', 'K', 0, 'Biaya Lain Penjualan', 'INVC/JUAL/101218/1544453474'),
(1479, '2018-12-11 22:25:00', 'D', 155000, 'Penjualan', 'INVC/JUAL/111218/1544542015'),
(1480, '2018-12-11 22:25:00', 'K', 35000, 'Biaya Lain Penjualan', 'INVC/JUAL/111218/1544542015'),
(1481, '2018-12-11 22:27:00', 'D', 330000, 'Penjualan', 'INVC/JUAL/111218/1544542143'),
(1482, '2018-12-11 22:27:00', 'K', 0, 'Biaya Lain Penjualan', 'INVC/JUAL/111218/1544542143'),
(1483, '2018-12-11 22:29:00', 'D', 90000, 'Penjualan', 'INVC/JUAL/111218/1544542266'),
(1484, '2018-12-11 22:29:00', 'K', 0, 'Biaya Lain Penjualan', 'INVC/JUAL/111218/1544542266'),
(1485, '2018-12-11 22:31:00', 'D', 100000, 'Penjualan', 'INVC/JUAL/111218/1544542326'),
(1486, '2018-12-11 22:31:00', 'K', 0, 'Biaya Lain Penjualan', 'INVC/JUAL/111218/1544542326'),
(1487, '2018-12-11 22:32:00', 'D', 70000, 'Penjualan', 'INVC/JUAL/111218/1544542434'),
(1488, '2018-12-11 22:32:00', 'K', 0, 'Biaya Lain Penjualan', 'INVC/JUAL/111218/1544542434'),
(1489, '2018-12-11 22:35:00', 'D', 50000, 'Penjualan', 'INVC/JUAL/111218/1544542584'),
(1490, '2018-12-11 22:35:00', 'K', 0, 'Biaya Lain Penjualan', 'INVC/JUAL/111218/1544542584'),
(1491, '2018-12-12 18:06:00', 'D', 370000, 'Penjualan', 'INVC/JUAL/121218/1544613037'),
(1492, '2018-12-12 18:06:00', 'K', 0, 'Biaya Lain Penjualan', 'INVC/JUAL/121218/1544613037'),
(1493, '2018-12-12 18:12:00', 'D', 111000, 'Penjualan', 'INVC/JUAL/121218/1544613169'),
(1494, '2018-12-12 18:12:00', 'K', 11000, 'Biaya Lain Penjualan', 'INVC/JUAL/121218/1544613169'),
(1495, '2018-12-12 19:25:00', 'D', 260000, 'Penjualan', 'INVC/JUAL/121218/1544617613'),
(1496, '2018-12-12 19:25:00', 'K', 0, 'Biaya Lain Penjualan', 'INVC/JUAL/121218/1544617613'),
(1497, '2018-12-12 21:13:00', 'D', 179000, 'Penjualan', 'INVC/JUAL/121218/1544624089'),
(1498, '2018-12-12 21:13:00', 'K', 9000, 'Biaya Lain Penjualan', 'INVC/JUAL/121218/1544624089'),
(1499, '2018-12-14 00:03:00', 'D', 760000, 'Penjualan', 'INVC/JUAL/141218/1544724422'),
(1500, '2018-12-14 00:03:00', 'K', 0, 'Biaya Lain Penjualan', 'INVC/JUAL/141218/1544724422'),
(1501, '2018-12-14 08:37:00', 'K', 470000, 'Pembelian', 'INVC/BELI/141218/1544751482'),
(1502, '2018-12-14 14:35:00', 'D', 250000, 'Penjualan', 'INVC/JUAL/141218/1544772964'),
(1503, '2018-12-14 14:35:00', 'K', 0, 'Biaya Lain Penjualan', 'INVC/JUAL/141218/1544772964'),
(1504, '2018-12-14 16:23:00', 'D', 80000, 'Penjualan', 'INVC/JUAL/141218/1544779460'),
(1505, '2018-12-14 16:23:00', 'K', 20000, 'Biaya Lain Penjualan', 'INVC/JUAL/141218/1544779460'),
(1506, '2018-12-14 19:37:00', 'D', 130000, 'Penjualan', 'INVC/JUAL/141218/1544791082'),
(1507, '2018-12-14 19:37:00', 'K', 0, 'Biaya Lain Penjualan', 'INVC/JUAL/141218/1544791082'),
(1508, '2018-12-14 19:38:00', 'D', 346000, 'Penjualan', 'INVC/JUAL/141218/1544791209'),
(1509, '2018-12-14 19:38:00', 'K', 56000, 'Biaya Lain Penjualan', 'INVC/JUAL/141218/1544791209'),
(1510, '2018-12-14 19:41:00', 'D', 285000, 'Penjualan', 'INVC/JUAL/141218/1544791361'),
(1511, '2018-12-14 19:41:00', 'K', 0, 'Biaya Lain Penjualan', 'INVC/JUAL/141218/1544791361'),
(1512, '2018-12-14 20:45:00', 'D', 180000, 'Penjualan', 'INVC/JUAL/141218/1544795177'),
(1513, '2018-12-14 20:45:00', 'K', 0, 'Biaya Lain Penjualan', 'INVC/JUAL/141218/1544795177'),
(1514, '2018-12-15 12:59:00', 'K', 250000, 'Pembelian', 'INVC/BELI/151218/1544853665'),
(1515, '2018-12-15 13:01:00', 'D', 616000, 'Penjualan', 'INVC/JUAL/151218/1544853884'),
(1516, '2018-12-15 13:01:00', 'K', 36000, 'Biaya Lain Penjualan', 'INVC/JUAL/151218/1544853884'),
(1517, '2018-12-16 10:42:00', 'D', 135000, 'Penjualan', 'INVC/JUAL/161218/1544931780'),
(1518, '2018-12-16 10:42:00', 'K', 0, 'Biaya Lain Penjualan', 'INVC/JUAL/161218/1544931780'),
(1519, '2018-12-16 22:54:00', 'D', 420000, 'Penjualan', 'INVC/JUAL/161218/1544975715'),
(1520, '2018-12-16 22:54:00', 'K', 0, 'Biaya Lain Penjualan', 'INVC/JUAL/161218/1544975715'),
(1521, '2018-12-16 22:55:00', 'D', 0, 'Penjualan', 'INVC/JUAL/161218/1544975796'),
(1522, '2018-12-16 22:55:00', 'K', 0, 'Biaya Lain Penjualan', 'INVC/JUAL/161218/1544975796'),
(1523, '2018-12-18 01:37:00', 'D', 40000, 'Penjualan', 'INVC/JUAL/161218/1544975796'),
(1524, '2018-12-18 01:37:00', 'K', 0, 'Biaya Lain Penjualan', 'INVC/JUAL/161218/1544975796'),
(1525, '2018-12-18 01:38:00', 'D', 1955000, 'Penjualan', 'INVC/JUAL/181218/1545072148'),
(1526, '2018-12-18 01:38:00', 'K', 0, 'Biaya Lain Penjualan', 'INVC/JUAL/181218/1545072148'),
(1527, '2018-12-18 01:43:00', 'D', 340000, 'Penjualan', 'INVC/JUAL/181218/1545072253'),
(1528, '2018-12-18 01:43:00', 'K', 0, 'Biaya Lain Penjualan', 'INVC/JUAL/181218/1545072253'),
(1529, '2018-12-19 19:06:00', 'D', 120000, 'Penjualan', 'INVC/JUAL/161218/1544975796'),
(1530, '2018-12-19 19:06:00', 'K', 0, 'Biaya Lain Penjualan', 'INVC/JUAL/161218/1544975796'),
(1531, '2018-12-19 19:06:00', 'D', 120000, 'Penjualan', 'INVC/JUAL/161218/1544975796'),
(1532, '2018-12-19 19:06:00', 'K', 0, 'Biaya Lain Penjualan', 'INVC/JUAL/161218/1544975796'),
(1533, '2018-12-19 19:06:00', 'D', -120000, 'Penjualan', 'INVC/JUAL/161218/1544975796'),
(1534, '2018-12-19 19:06:00', 'K', 0, 'Biaya Lain Penjualan', 'INVC/JUAL/161218/1544975796'),
(1535, '2018-12-19 19:07:00', 'D', 75000, 'Penjualan', 'INVC/JUAL/191218/1545221295'),
(1536, '2018-12-19 19:07:00', 'K', 0, 'Biaya Lain Penjualan', 'INVC/JUAL/191218/1545221295'),
(1537, '2018-12-19 19:08:00', 'D', 255000, 'Penjualan', 'INVC/JUAL/191218/1545221381'),
(1538, '2018-12-19 19:08:00', 'K', 0, 'Biaya Lain Penjualan', 'INVC/JUAL/191218/1545221381'),
(1539, '2018-12-20 12:24:00', 'D', 330000, 'Penjualan', 'INVC/JUAL/201218/1545283579'),
(1540, '2018-12-20 12:24:00', 'K', 0, 'Biaya Lain Penjualan', 'INVC/JUAL/201218/1545283579'),
(1541, '2018-12-20 12:26:00', 'K', 674500, 'Pembelian', 'INVC/BELI/201218/1545283691'),
(1542, '2018-12-20 12:28:00', 'D', 270000, 'Penjualan', 'INVC/JUAL/201218/1545283769'),
(1543, '2018-12-20 12:28:00', 'K', 0, 'Biaya Lain Penjualan', 'INVC/JUAL/201218/1545283769'),
(1544, '2018-12-21 00:16:00', 'D', 325000, 'Penjualan', 'INVC/JUAL/211218/1545326323'),
(1545, '2018-12-21 00:16:00', 'K', 0, 'Biaya Lain Penjualan', 'INVC/JUAL/211218/1545326323'),
(1546, '2018-12-21 00:18:00', 'K', 300000, 'Pembelian brg cuci helm', NULL),
(1547, '2018-12-22 23:07:00', 'D', 590000, 'Penjualan', 'INVC/JUAL/221218/1545495165'),
(1548, '2018-12-22 23:07:00', 'K', 0, 'Biaya Lain Penjualan', 'INVC/JUAL/221218/1545495165'),
(1549, '2018-12-22 23:15:00', 'K', 550000, 'Pembelian', 'INVC/BELI/221218/1545495365'),
(1550, '2018-12-22 23:16:00', 'D', 40000, 'Penjualan', 'INVC/JUAL/191218/1545221295'),
(1551, '2018-12-22 23:16:00', 'K', 0, 'Biaya Lain Penjualan', 'INVC/JUAL/191218/1545221295'),
(1552, '2018-12-22 23:17:00', 'D', 260000, 'Penjualan', 'INVC/JUAL/221218/1545495165'),
(1553, '2018-12-22 23:17:00', 'K', 0, 'Biaya Lain Penjualan', 'INVC/JUAL/221218/1545495165'),
(1554, '2018-12-24 16:48:00', 'D', 150000, 'Penjualan', 'INVC/JUAL/241218/1545644967'),
(1555, '2018-12-24 16:48:00', 'K', 0, 'Biaya Lain Penjualan', 'INVC/JUAL/241218/1545644967'),
(1556, '2018-12-24 17:29:00', 'D', 460000, 'Penjualan', 'INVC/JUAL/241218/1545647429'),
(1557, '2018-12-24 17:29:00', 'K', 0, 'Biaya Lain Penjualan', 'INVC/JUAL/241218/1545647429'),
(1558, '2018-12-25 13:50:00', 'K', 4520000, 'Pembelian', 'INVC/BELI/251218/1545720716'),
(1559, '2018-12-25 13:52:00', 'D', 690000, 'Penjualan', 'INVC/JUAL/251218/1545721029'),
(1560, '2018-12-25 13:52:00', 'K', 0, 'Biaya Lain Penjualan', 'INVC/JUAL/251218/1545721029'),
(1561, '2018-12-25 13:57:00', 'D', 460000, 'Penjualan', 'INVC/JUAL/251218/1545721127'),
(1562, '2018-12-25 13:57:00', 'K', 20000, 'Biaya Lain Penjualan', 'INVC/JUAL/251218/1545721127'),
(1563, '2018-12-27 11:38:00', 'D', 160000, 'Penjualan', 'INVC/JUAL/271218/1545885536'),
(1564, '2018-12-27 11:38:00', 'K', 0, 'Biaya Lain Penjualan', 'INVC/JUAL/271218/1545885536'),
(1565, '2018-12-27 11:39:00', 'D', 340000, 'Penjualan', 'INVC/JUAL/271218/1545885648'),
(1566, '2018-12-27 11:39:00', 'K', 80000, 'Biaya Lain Penjualan', 'INVC/JUAL/271218/1545885648'),
(1567, '2018-12-27 11:41:00', 'D', 635000, 'Penjualan', 'INVC/JUAL/271218/1545885771'),
(1568, '2018-12-27 11:41:00', 'K', 0, 'Biaya Lain Penjualan', 'INVC/JUAL/271218/1545885771'),
(1569, '2018-12-28 01:45:00', 'D', 413500, 'Penjualan', 'INVC/JUAL/281218/1545936395'),
(1570, '2018-12-28 01:45:00', 'K', 18500, 'Biaya Lain Penjualan', 'INVC/JUAL/281218/1545936395'),
(1571, '2018-12-28 12:00:00', 'D', 220000, 'Penjualan', 'INVC/JUAL/281218/1545973313'),
(1572, '2018-12-28 12:00:00', 'K', 0, 'Biaya Lain Penjualan', 'INVC/JUAL/281218/1545973313'),
(1573, '2018-12-31 00:49:00', 'D', 325000, 'Penjualan', 'INVC/JUAL/311218/1546192254'),
(1574, '2018-12-31 00:49:00', 'K', 0, 'Biaya Lain Penjualan', 'INVC/JUAL/311218/1546192254'),
(1575, '2018-12-31 00:52:00', 'D', 100000, 'Penjualan', 'INVC/JUAL/311218/1546192514'),
(1576, '2018-12-31 00:52:00', 'K', 0, 'Biaya Lain Penjualan', 'INVC/JUAL/311218/1546192514'),
(1577, '2018-12-31 00:56:00', 'K', 300000, 'Pembelian', 'INVC/BELI/311218/1546192644'),
(1578, '2018-12-31 00:57:00', 'K', 1010000, 'Pembelian', 'INVC/BELI/311218/1546192678'),
(1579, '2018-12-31 10:43:00', 'D', 140000, 'Penjualan', 'INVC/JUAL/311218/1546227969'),
(1580, '2018-12-31 10:43:00', 'K', 0, 'Biaya Lain Penjualan', 'INVC/JUAL/311218/1546227969'),
(1581, '2018-12-31 11:49:00', 'D', 120000, 'Penjualan', 'INVC/JUAL/311218/1546231825'),
(1582, '2018-12-31 11:49:00', 'K', 0, 'Biaya Lain Penjualan', 'INVC/JUAL/311218/1546231825'),
(1583, '2018-12-31 15:16:00', 'D', 350000, 'Penjualan', 'INVC/JUAL/311218/1546244251'),
(1584, '2018-12-31 15:16:00', 'K', 0, 'Biaya Lain Penjualan', 'INVC/JUAL/311218/1546244251'),
(1585, '2018-12-31 15:17:00', 'D', 380000, 'Penjualan', 'INVC/JUAL/311218/1546244364'),
(1586, '2018-12-31 15:17:00', 'K', 0, 'Biaya Lain Penjualan', 'INVC/JUAL/311218/1546244364'),
(1587, '2019-01-01 01:57:00', 'D', 275000, 'Penjualan', 'INVC/JUAL/010119/1546282681'),
(1588, '2019-01-01 01:57:00', 'K', 0, 'Biaya Lain Penjualan', 'INVC/JUAL/010119/1546282681'),
(1589, '2019-01-02 13:42:00', 'D', 700000, 'Penjualan', 'INVC/JUAL/020119/1546411368'),
(1590, '2019-01-02 13:42:00', 'K', 0, 'Biaya Lain Penjualan', 'INVC/JUAL/020119/1546411368'),
(1591, '2019-01-02 13:43:00', 'D', 0, 'Penjualan', 'INVC/JUAL/020119/1546411463'),
(1592, '2019-01-02 13:43:00', 'K', 0, 'Biaya Lain Penjualan', 'INVC/JUAL/020119/1546411463'),
(1593, '2019-01-02 13:48:00', 'D', 855000, 'Penjualan', 'INVC/JUAL/020119/1546411872'),
(1594, '2019-01-02 13:48:00', 'K', 0, 'Biaya Lain Penjualan', 'INVC/JUAL/020119/1546411872'),
(1595, '2019-01-02 13:52:00', 'D', 100000, 'Penjualan', 'INVC/JUAL/020119/1546411943'),
(1596, '2019-01-02 13:52:00', 'K', 0, 'Biaya Lain Penjualan', 'INVC/JUAL/020119/1546411943'),
(1597, '2019-01-02 19:43:00', 'D', 190000, 'Penjualan', 'INVC/JUAL/020119/1546433125'),
(1598, '2019-01-02 19:43:00', 'K', 0, 'Biaya Lain Penjualan', 'INVC/JUAL/020119/1546433125'),
(1599, '2019-01-02 19:45:00', 'D', 325000, 'Penjualan', 'INVC/JUAL/020119/1546433223'),
(1600, '2019-01-02 19:45:00', 'K', 0, 'Biaya Lain Penjualan', 'INVC/JUAL/020119/1546433223'),
(1601, '2019-01-02 19:47:00', 'D', 675000, 'Penjualan', 'INVC/JUAL/020119/1546433296'),
(1602, '2019-01-02 19:47:00', 'K', 0, 'Biaya Lain Penjualan', 'INVC/JUAL/020119/1546433296'),
(1603, '2019-01-02 23:44:00', 'D', 410000, 'Penjualan', 'INVC/JUAL/020119/1546447552'),
(1604, '2019-01-02 23:44:00', 'K', 0, 'Biaya Lain Penjualan', 'INVC/JUAL/020119/1546447552'),
(1605, '2019-01-03 13:10:00', 'D', 405000, 'Penjualan', 'INVC/JUAL/030119/1546495915'),
(1606, '2019-01-03 13:10:00', 'K', 0, 'Biaya Lain Penjualan', 'INVC/JUAL/030119/1546495915'),
(1607, '2019-01-03 13:12:00', 'K', 1065000, 'Pembelian', 'INVC/BELI/030119/1546495987'),
(1608, '2019-01-03 23:59:00', 'D', 610000, 'Penjualan', 'INVC/JUAL/040119/1546534919'),
(1609, '2019-01-03 23:59:00', 'K', 0, 'Biaya Lain Penjualan', 'INVC/JUAL/040119/1546534919'),
(1610, '2019-01-04 00:02:00', 'D', 280000, 'Penjualan', 'INVC/JUAL/040119/1546535016'),
(1611, '2019-01-04 00:02:00', 'K', 0, 'Biaya Lain Penjualan', 'INVC/JUAL/040119/1546535016'),
(1612, '2019-01-04 14:21:00', 'D', 570000, 'Penjualan', 'INVC/JUAL/040119/1546586570'),
(1613, '2019-01-04 14:21:00', 'K', 0, 'Biaya Lain Penjualan', 'INVC/JUAL/040119/1546586570'),
(1614, '2019-01-04 14:22:00', 'K', 850000, '850000 gaji ', NULL),
(1615, '2019-01-04 14:22:00', 'D', 200000, 'utang randi sisa 300', NULL),
(1616, '2019-01-05 21:10:00', 'K', 1925000, 'Pembelian', 'INVC/BELI/050119/1546697521'),
(1617, '2019-01-05 21:12:00', 'D', 515000, 'Penjualan', 'INVC/JUAL/050119/1546697578'),
(1618, '2019-01-05 21:12:00', 'K', 0, 'Biaya Lain Penjualan', 'INVC/JUAL/050119/1546697578'),
(1619, '2019-01-05 21:13:00', 'D', 1115000, 'Penjualan', 'INVC/JUAL/050119/1546697777'),
(1620, '2019-01-05 21:13:00', 'K', 0, 'Biaya Lain Penjualan', 'INVC/JUAL/050119/1546697777'),
(1621, '2019-01-05 21:16:00', 'D', 0, 'Penjualan', 'INVC/JUAL/050119/1546697845'),
(1622, '2019-01-05 21:16:00', 'K', 0, 'Biaya Lain Penjualan', 'INVC/JUAL/050119/1546697845'),
(1623, '2019-01-06 21:35:00', 'D', 1220000, 'Penjualan', 'INVC/JUAL/060119/1546785629'),
(1624, '2019-01-06 21:35:00', 'K', 0, 'Biaya Lain Penjualan', 'INVC/JUAL/060119/1546785629'),
(1625, '2019-01-06 22:54:00', 'K', 250000, 'utang randy 550rb', NULL),
(1626, '2019-01-08 12:23:00', 'D', 355000, 'Penjualan', 'INVC/JUAL/080119/1546925136'),
(1627, '2019-01-08 12:23:00', 'K', 0, 'Biaya Lain Penjualan', 'INVC/JUAL/080119/1546925136'),
(1628, '2019-01-09 11:24:00', 'D', 140000, 'Penjualan', 'INVC/JUAL/090119/1547007912'),
(1629, '2019-01-09 11:24:00', 'K', 0, 'Biaya Lain Penjualan', 'INVC/JUAL/090119/1547007912'),
(1630, '2019-01-09 11:25:00', 'D', 710000, 'Penjualan', 'INVC/JUAL/090119/1547009014'),
(1631, '2019-01-09 11:25:00', 'K', 0, 'Biaya Lain Penjualan', 'INVC/JUAL/090119/1547009014'),
(1632, '2019-01-09 11:47:00', 'D', 180000, 'Penjualan', 'INVC/JUAL/090119/1547009313'),
(1633, '2019-01-09 11:47:00', 'K', 0, 'Biaya Lain Penjualan', 'INVC/JUAL/090119/1547009313'),
(1634, '2019-01-09 11:47:00', 'D', 180000, 'Penjualan', 'INVC/JUAL/090119/1547009401'),
(1635, '2019-01-09 11:47:00', 'K', 0, 'Biaya Lain Penjualan', 'INVC/JUAL/090119/1547009401'),
(1636, '2019-01-09 22:44:00', 'D', 540000, 'Penjualan', 'INVC/JUAL/090119/1547048889'),
(1637, '2019-01-09 22:44:00', 'K', 0, 'Biaya Lain Penjualan', 'INVC/JUAL/090119/1547048889'),
(1638, '2019-01-09 22:48:00', 'K', 105000, 'Pembelian', 'INVC/BELI/090119/1547048926'),
(1639, '2019-01-09 22:48:00', 'K', 105000, 'Pembelian', 'INVC/BELI/090119/1547048926'),
(1640, '2019-01-09 22:49:00', 'D', 415000, 'Penjualan', 'INVC/JUAL/090119/1547048991'),
(1641, '2019-01-09 22:49:00', 'K', 0, 'Biaya Lain Penjualan', 'INVC/JUAL/090119/1547048991'),
(1642, '2019-01-11 23:03:00', 'D', 1510000, 'Penjualan', 'INVC/JUAL/110119/1547222889'),
(1643, '2019-01-11 23:03:00', 'K', 0, 'Biaya Lain Penjualan', 'INVC/JUAL/110119/1547222889'),
(1644, '2019-01-12 14:26:00', 'D', 340000, 'Penjualan', 'INVC/JUAL/120119/1547278030'),
(1645, '2019-01-12 14:26:00', 'K', 0, 'Biaya Lain Penjualan', 'INVC/JUAL/120119/1547278030'),
(1646, '2019-01-13 12:00:00', 'D', 470000, 'Penjualan', 'INVC/JUAL/130119/1547355720'),
(1647, '2019-01-13 12:00:00', 'K', 0, 'Biaya Lain Penjualan', 'INVC/JUAL/130119/1547355720'),
(1648, '2019-01-13 22:26:00', 'D', 375000, 'Penjualan', 'INVC/JUAL/130119/1547393229'),
(1649, '2019-01-13 22:26:00', 'K', 0, 'Biaya Lain Penjualan', 'INVC/JUAL/130119/1547393229'),
(1650, '2019-01-14 20:40:00', 'D', 630000, 'Penjualan', 'INVC/JUAL/140119/1547473374'),
(1651, '2019-01-14 20:40:00', 'K', 0, 'Biaya Lain Penjualan', 'INVC/JUAL/140119/1547473374'),
(1652, '2019-01-15 11:54:00', 'D', 675000, 'Penjualan', 'INVC/JUAL/150119/1547528367'),
(1653, '2019-01-15 11:54:00', 'K', 0, 'Biaya Lain Penjualan', 'INVC/JUAL/150119/1547528367'),
(1654, '2019-01-15 11:59:00', 'K', 2350000, 'Pembelian', 'INVC/BELI/150119/1547528440'),
(1655, '2019-01-15 12:00:00', 'D', 380000, 'Penjualan', 'INVC/JUAL/150119/1547528477'),
(1656, '2019-01-15 12:00:00', 'K', 0, 'Biaya Lain Penjualan', 'INVC/JUAL/150119/1547528477'),
(1657, '2019-01-15 12:01:00', 'D', 185000, 'Penjualan', 'INVC/JUAL/150119/1547528367'),
(1658, '2019-01-15 12:01:00', 'K', 0, 'Biaya Lain Penjualan', 'INVC/JUAL/150119/1547528367'),
(1659, '2019-01-15 17:48:00', 'D', 935000, 'Penjualan', 'INVC/JUAL/150119/1547549374'),
(1660, '2019-01-15 17:48:00', 'K', 0, 'Biaya Lain Penjualan', 'INVC/JUAL/150119/1547549374'),
(1661, '2019-01-16 01:19:00', 'D', 1090000, 'Penjualan', 'INVC/JUAL/160119/1547576588'),
(1662, '2019-01-16 01:19:00', 'K', 0, 'Biaya Lain Penjualan', 'INVC/JUAL/160119/1547576588'),
(1663, '2019-01-16 02:13:00', 'D', 125000, 'Penjualan', 'INVC/JUAL/160119/1547579643'),
(1664, '2019-01-16 02:13:00', 'K', 0, 'Biaya Lain Penjualan', 'INVC/JUAL/160119/1547579643'),
(1667, '2019-01-16 02:14:00', 'K', 9500000, 'pembelian kaos dan pembayaran ukt uang stiker', NULL),
(1668, '2019-01-16 16:39:00', 'D', 25000, 'Penjualan', 'INVC/JUAL/160119/1547631613'),
(1669, '2019-01-16 16:39:00', 'K', 0, 'Biaya Lain Penjualan', 'INVC/JUAL/160119/1547631613'),
(1670, '2019-01-16 20:13:00', 'D', 350000, 'Penjualan', 'INVC/JUAL/160119/1547644486'),
(1671, '2019-01-16 20:13:00', 'K', 0, 'Biaya Lain Penjualan', 'INVC/JUAL/160119/1547644486'),
(1672, '2019-01-16 23:17:00', 'D', 260000, 'Penjualan', 'INVC/JUAL/160119/1547655513'),
(1673, '2019-01-16 23:17:00', 'K', 0, 'Biaya Lain Penjualan', 'INVC/JUAL/160119/1547655513'),
(1674, '2019-01-17 18:42:00', 'D', 845000, 'Penjualan', 'INVC/JUAL/170119/1547725382'),
(1675, '2019-01-17 18:42:00', 'K', 0, 'Biaya Lain Penjualan', 'INVC/JUAL/170119/1547725382'),
(1676, '2019-01-17 18:43:00', 'K', 5075000, 'Pembelian', 'INVC/BELI/170119/1547725490'),
(1677, '2019-01-17 18:44:00', 'D', 1100000, 'Penjualan', 'INVC/JUAL/170119/1547725732'),
(1678, '2019-01-17 18:44:00', 'K', 50000, 'Biaya Lain Penjualan', 'INVC/JUAL/170119/1547725732'),
(1679, '2019-01-17 19:04:00', 'D', 626000, 'Penjualan', 'INVC/JUAL/170119/1547726676'),
(1680, '2019-01-17 19:04:00', 'K', 76000, 'Biaya Lain Penjualan', 'INVC/JUAL/170119/1547726676'),
(1681, '2019-01-20 16:01:00', 'D', 1320000, 'Penjualan', 'INVC/JUAL/200119/1547975089'),
(1682, '2019-01-20 16:01:00', 'K', 0, 'Biaya Lain Penjualan', 'INVC/JUAL/200119/1547975089'),
(1683, '2019-01-20 16:06:00', 'D', 5000, 'Penjualan', 'INVC/JUAL/200119/1547975089'),
(1684, '2019-01-20 16:06:00', 'K', 0, 'Biaya Lain Penjualan', 'INVC/JUAL/200119/1547975089'),
(1685, '2019-01-20 16:07:00', 'K', 470000, 'Pembelian', 'INVC/BELI/200119/1547975284'),
(1686, '2019-01-20 16:08:00', 'D', 435000, 'Penjualan', 'INVC/JUAL/200119/1547975390'),
(1687, '2019-01-20 16:08:00', 'K', 0, 'Biaya Lain Penjualan', 'INVC/JUAL/200119/1547975390'),
(1688, '2019-01-20 21:55:00', 'D', 290000, 'Penjualan', 'INVC/JUAL/200119/1547996175'),
(1689, '2019-01-20 21:55:00', 'K', 0, 'Biaya Lain Penjualan', 'INVC/JUAL/200119/1547996175'),
(1690, '2019-01-21 13:17:00', 'K', 4900000, 'Pembelian', 'INVC/BELI/210119/1548051573'),
(1691, '2019-01-21 13:19:00', 'D', 130000, 'Penjualan', 'INVC/JUAL/210119/1548051610'),
(1692, '2019-01-21 13:19:00', 'K', 30000, 'Biaya Lain Penjualan', 'INVC/JUAL/210119/1548051610'),
(1693, '2019-01-22 01:05:00', 'D', 675000, 'Penjualan', 'INVC/JUAL/220119/1548094048'),
(1694, '2019-01-22 01:05:00', 'K', 0, 'Biaya Lain Penjualan', 'INVC/JUAL/220119/1548094048'),
(1695, '2019-01-22 12:59:00', 'D', 260000, 'Penjualan', 'INVC/JUAL/220119/1548137160'),
(1696, '2019-01-22 12:59:00', 'K', 0, 'Biaya Lain Penjualan', 'INVC/JUAL/220119/1548137160'),
(1697, '2019-01-23 06:22:00', 'D', 310000, 'Penjualan', 'INVC/JUAL/230119/1548199420'),
(1698, '2019-01-23 06:22:00', 'K', 0, 'Biaya Lain Penjualan', 'INVC/JUAL/230119/1548199420'),
(1699, '2019-01-23 17:40:00', 'D', 430000, 'Penjualan', 'INVC/JUAL/230119/1548240178'),
(1700, '2019-01-23 17:40:00', 'K', 0, 'Biaya Lain Penjualan', 'INVC/JUAL/230119/1548240178'),
(1701, '2019-01-23 17:43:00', 'D', 485000, 'Penjualan', 'INVC/JUAL/230119/1548240381'),
(1702, '2019-01-23 17:43:00', 'K', 80000, 'Biaya Lain Penjualan', 'INVC/JUAL/230119/1548240381'),
(1703, '2019-01-23 23:11:00', 'D', 760000, 'Penjualan', 'INVC/JUAL/230119/1548260228'),
(1704, '2019-01-23 23:11:00', 'K', 0, 'Biaya Lain Penjualan', 'INVC/JUAL/230119/1548260228'),
(1705, '2019-01-24 19:21:00', 'D', 1035000, 'Penjualan', 'INVC/JUAL/240119/1548332648'),
(1706, '2019-01-24 19:21:00', 'K', 0, 'Biaya Lain Penjualan', 'INVC/JUAL/240119/1548332648'),
(1707, '2019-01-24 20:13:00', 'D', 20000, 'Penjualan', 'INVC/JUAL/240119/1548335633'),
(1708, '2019-01-24 20:13:00', 'K', 0, 'Biaya Lain Penjualan', 'INVC/JUAL/240119/1548335633'),
(1709, '2019-01-24 22:51:00', 'D', 85000, 'Penjualan', 'INVC/JUAL/240119/1548345190'),
(1710, '2019-01-24 22:51:00', 'K', 0, 'Biaya Lain Penjualan', 'INVC/JUAL/240119/1548345190'),
(1711, '2019-01-26 22:45:00', 'K', 4325000, 'Pembelian', 'INVC/BELI/260119/1548518081'),
(1712, '2019-01-26 22:55:00', 'K', 135000, 'coating dan utang josua 550', NULL),
(1713, '2019-01-26 23:03:00', 'D', 2245000, 'Penjualan', 'INVC/JUAL/260119/1548519205'),
(1714, '2019-01-26 23:03:00', 'K', 0, 'Biaya Lain Penjualan', 'INVC/JUAL/260119/1548519205'),
(1715, '2019-01-28 11:42:00', 'D', 535000, 'Penjualan', 'INVC/JUAL/280119/1548650600'),
(1716, '2019-01-28 11:42:00', 'K', 230000, 'Biaya Lain Penjualan', 'INVC/JUAL/280119/1548650600'),
(1717, '2019-01-30 01:09:00', 'K', 100000, 'Pembelian', 'INVC/BELI/300119/1548785376'),
(1718, '2019-01-30 01:09:00', 'D', 1325000, 'Penjualan', 'INVC/JUAL/300119/1548787261'),
(1719, '2019-01-30 01:09:00', 'K', 0, 'Biaya Lain Penjualan', 'INVC/JUAL/300119/1548787261'),
(1720, '2019-01-30 12:08:00', 'K', 950000, 'parfum dan gaji', NULL),
(1721, '2019-01-30 12:09:00', 'D', 160000, 'Penjualan', 'INVC/JUAL/300119/1548825112'),
(1722, '2019-01-30 12:09:00', 'K', 0, 'Biaya Lain Penjualan', 'INVC/JUAL/300119/1548825112');

-- --------------------------------------------------------

--
-- Table structure for table `tbl_kategori`
--

CREATE TABLE `tbl_kategori` (
  `kategori_kd` varchar(5) NOT NULL,
  `kategori_nama` varchar(150) NOT NULL
) ENGINE=InnoDB DEFAULT CHARSET=latin1;

--
-- Dumping data for table `tbl_kategori`
--

INSERT INTO `tbl_kategori` (`kategori_kd`, `kategori_nama`) VALUES
('AP', 'Apparel'),
('BO', 'Bonus'),
('CH', 'Cuci Helm'),
('HE', 'Helm Vendetta '),
('HE C', 'Helm CL Max'),
('HR10', 'Helm R10'),
('JC', 'Jasa Custom'),
('KB', 'Knob'),
('KBC', 'helm kbc'),
('PL', 'Pinlock'),
('PW', 'Perawatan'),
('RC', 'Rachet'),
('SP', 'Spoiler'),
('TO', 'Tearoff'),
('TOP N', 'Tearoffpost Nylon'),
('TOP T', 'Tearoffpost Titanium'),
('VL', 'Visor Lock'),
('VS', 'Visor');

-- --------------------------------------------------------

--
-- Table structure for table `tbl_supplier`
--

CREATE TABLE `tbl_supplier` (
  `supplier_id` int(11) NOT NULL,
  `supplier_nama` varchar(150) NOT NULL,
  `supplier_kontak` text DEFAULT NULL,
  `supplier_detail` text DEFAULT NULL
) ENGINE=InnoDB DEFAULT CHARSET=latin1;

--
-- Dumping data for table `tbl_supplier`
--

INSERT INTO `tbl_supplier` (`supplier_id`, `supplier_nama`, `supplier_kontak`, `supplier_detail`) VALUES
(1, 'Ibl Store', '123line', '<p>&nbsp;</p>'),
(2, 'Ir Helm/ Rana ', '08578086010', '<p>tearoff</p>'),
(19, 'Ferdi Helm Majalengka', '', '<p>&nbsp;</p>'),
(20, 'Nono Thambenk', '081331128000', 'bukalapak, antifog 30'),
(21, 'Rd Aparel', '', 'bukalapk'),
(22, 'Snail Pusat', '', ''),
(23, 'Metrostar', '', 'bukalapak'),
(24, 'Premium Box', '', ''),
(25, 'Helmet Gallery', 'bukalapak', ''),
(26, 'Zilham', '', ''),
(27, 'Ilmam', '', ''),
(28, 'Febriyana Helm', '', ''),
(30, 'Kediri Helm', '', ''),
(33, 'Yussa Dian', 'bukalapak', ''),
(34, 'Rema Store', '', ''),
(35, 'Deara Helmet', 'bukalapak', ''),
(36, 'Dystopia Helm', 'bukalapak', ''),
(37, 'Aksesori R25', '', ''),
(38, 'Surga Helm', '', ''),
(39, 'Valen Speed Shop', '', ''),
(40, 'Yanto Helm', '', ''),
(41, 'Yoesbrothers', '', ''),
(42, 'Andi Kobar', '', ''),
(43, 'Wanjox', '', ''),
(44, 'Putra Helmet', '', ''),
(45, 'Ali Kilap', '', ''),
(46, 'Malang Helm', '', ''),
(47, 'Difos', '', ''),
(48, 'Dpro', '', ''),
(49, 'Fc Lowanu', '', ''),
(50, 'Mbs Store', '', ''),
(51, 'Indra', '', ''),
(52, 'Banda Helm', '', ''),
(53, 'Adank Juve', '', ''),
(54, 'Irfan Busa', '', ''),
(55, 'Spoiler Bogor ', '', ''),
(56, 'Indra Jogja', '', ''),
(57, 'Indra Jogja', '', ''),
(58, 'Kilap Premium', '', ''),
(59, 'Helm Mart 88', '', ''),
(60, 'Suplier Kanebo', '', '');

-- --------------------------------------------------------

--
-- Table structure for table `tbl_toko`
--

CREATE TABLE `tbl_toko` (
  `toko_id` int(11) NOT NULL,
  `toko_tipe` enum('Online','Offline') NOT NULL,
  `toko_nama` varchar(150) NOT NULL,
  `toko_alamat` text NOT NULL,
  `toko_cp` varchar(15) NOT NULL
) ENGINE=InnoDB DEFAULT CHARSET=latin1;

--
-- Dumping data for table `tbl_toko`
--

INSERT INTO `tbl_toko` (`toko_id`, `toko_tipe`, `toko_nama`, `toko_alamat`, `toko_cp`) VALUES
(1, 'Online', 'BukaLapak', 'https://www.bukalapak.com/u/romualdus_diova', '083113055955'),
(2, 'Online', 'Tokopedia', 'https://www.tokopedia.com/bakulvisor', '083113055955'),
(3, 'Offline', 'BakulVisor', 'Gg Virgo no 123b, Jl. Nitikan Baru, Sorosutan, Umbulharjo, Kota Yogyakarta, Daerah Istimewa Yogyakarta 55162', '083113055955'),
(14, 'Online', 'Whatsapp', 'Whatsapp', '083113055955');

--
-- Indexes for dumped tables
--

--
-- Indexes for table `tbl_akun`
--
ALTER TABLE `tbl_akun`
  ADD PRIMARY KEY (`akun_id`);

--
-- Indexes for table `tbl_barang`
--
ALTER TABLE `tbl_barang`
  ADD PRIMARY KEY (`barang_kd`),
  ADD KEY `kategori_kd` (`kategori_kd`);

--
-- Indexes for table `tbl_beli`
--
ALTER TABLE `tbl_beli`
  ADD PRIMARY KEY (`beli_invoice`),
  ADD KEY `supplier_id` (`supplier_id`);

--
-- Indexes for table `tbl_belidetail`
--
ALTER TABLE `tbl_belidetail`
  ADD KEY `barang_kd` (`barang_kd`),
  ADD KEY `beli_invoice` (`beli_invoice`);

--
-- Indexes for table `tbl_belilog`
--
ALTER TABLE `tbl_belilog`
  ADD PRIMARY KEY (`log_id`),
  ADD KEY `beli_invoice` (`beli_invoice`),
  ADD KEY `akun_id` (`akun_id`);

--
-- Indexes for table `tbl_cust`
--
ALTER TABLE `tbl_cust`
  ADD PRIMARY KEY (`cust_id`);

--
-- Indexes for table `tbl_jual`
--
ALTER TABLE `tbl_jual`
  ADD PRIMARY KEY (`jual_invoice`),
  ADD KEY `cust_id` (`cust_id`),
  ADD KEY `toko_id` (`toko_id`);

--
-- Indexes for table `tbl_jualdetail`
--
ALTER TABLE `tbl_jualdetail`
  ADD KEY `jual_invoice` (`jual_invoice`),
  ADD KEY `barang_kd` (`barang_kd`);

--
-- Indexes for table `tbl_juallog`
--
ALTER TABLE `tbl_juallog`
  ADD PRIMARY KEY (`log_id`),
  ADD KEY `akun_id` (`akun_id`),
  ADD KEY `jual_invoice` (`jual_invoice`);

--
-- Indexes for table `tbl_kas`
--
ALTER TABLE `tbl_kas`
  ADD PRIMARY KEY (`kas_id`);

--
-- Indexes for table `tbl_kategori`
--
ALTER TABLE `tbl_kategori`
  ADD PRIMARY KEY (`kategori_kd`);

--
-- Indexes for table `tbl_supplier`
--
ALTER TABLE `tbl_supplier`
  ADD PRIMARY KEY (`supplier_id`);

--
-- Indexes for table `tbl_toko`
--
ALTER TABLE `tbl_toko`
  ADD PRIMARY KEY (`toko_id`);

--
-- AUTO_INCREMENT for dumped tables
--

--
-- AUTO_INCREMENT for table `tbl_akun`
--
ALTER TABLE `tbl_akun`
  MODIFY `akun_id` int(11) NOT NULL AUTO_INCREMENT, AUTO_INCREMENT=6;

--
-- AUTO_INCREMENT for table `tbl_barang`
--
ALTER TABLE `tbl_barang`
  MODIFY `barang_kd` int(11) NOT NULL AUTO_INCREMENT, AUTO_INCREMENT=267;

--
-- AUTO_INCREMENT for table `tbl_belilog`
--
ALTER TABLE `tbl_belilog`
  MODIFY `log_id` int(11) NOT NULL AUTO_INCREMENT, AUTO_INCREMENT=107;

--
-- AUTO_INCREMENT for table `tbl_cust`
--
ALTER TABLE `tbl_cust`
  MODIFY `cust_id` int(11) NOT NULL AUTO_INCREMENT, AUTO_INCREMENT=277;

--
-- AUTO_INCREMENT for table `tbl_juallog`
--
ALTER TABLE `tbl_juallog`
  MODIFY `log_id` int(11) NOT NULL AUTO_INCREMENT, AUTO_INCREMENT=851;

--
-- AUTO_INCREMENT for table `tbl_kas`
--
ALTER TABLE `tbl_kas`
  MODIFY `kas_id` int(11) NOT NULL AUTO_INCREMENT, AUTO_INCREMENT=1723;

--
-- AUTO_INCREMENT for table `tbl_supplier`
--
ALTER TABLE `tbl_supplier`
  MODIFY `supplier_id` int(11) NOT NULL AUTO_INCREMENT, AUTO_INCREMENT=61;

--
-- AUTO_INCREMENT for table `tbl_toko`
--
ALTER TABLE `tbl_toko`
  MODIFY `toko_id` int(11) NOT NULL AUTO_INCREMENT, AUTO_INCREMENT=15;

--
-- Constraints for dumped tables
--

--
-- Constraints for table `tbl_barang`
--
ALTER TABLE `tbl_barang`
  ADD CONSTRAINT `tbl_barang_ibfk_1` FOREIGN KEY (`kategori_kd`) REFERENCES `tbl_kategori` (`kategori_kd`) ON UPDATE CASCADE;

--
-- Constraints for table `tbl_beli`
--
ALTER TABLE `tbl_beli`
  ADD CONSTRAINT `tbl_beli_ibfk_1` FOREIGN KEY (`supplier_id`) REFERENCES `tbl_supplier` (`supplier_id`);

--
-- Constraints for table `tbl_belidetail`
--
ALTER TABLE `tbl_belidetail`
  ADD CONSTRAINT `tbl_belidetail_ibfk_2` FOREIGN KEY (`beli_invoice`) REFERENCES `tbl_beli` (`beli_invoice`),
  ADD CONSTRAINT `tbl_belidetail_ibfk_3` FOREIGN KEY (`barang_kd`) REFERENCES `tbl_barang` (`barang_kd`);

--
-- Constraints for table `tbl_belilog`
--
ALTER TABLE `tbl_belilog`
  ADD CONSTRAINT `tbl_belilog_ibfk_1` FOREIGN KEY (`beli_invoice`) REFERENCES `tbl_beli` (`beli_invoice`),
  ADD CONSTRAINT `tbl_belilog_ibfk_2` FOREIGN KEY (`akun_id`) REFERENCES `tbl_akun` (`akun_id`);

--
-- Constraints for table `tbl_jual`
--
ALTER TABLE `tbl_jual`
  ADD CONSTRAINT `tbl_jual_ibfk_1` FOREIGN KEY (`cust_id`) REFERENCES `tbl_cust` (`cust_id`),
  ADD CONSTRAINT `tbl_jual_ibfk_2` FOREIGN KEY (`toko_id`) REFERENCES `tbl_toko` (`toko_id`);

--
-- Constraints for table `tbl_jualdetail`
--
ALTER TABLE `tbl_jualdetail`
  ADD CONSTRAINT `tbl_jualdetail_ibfk_2` FOREIGN KEY (`jual_invoice`) REFERENCES `tbl_jual` (`jual_invoice`),
  ADD CONSTRAINT `tbl_jualdetail_ibfk_3` FOREIGN KEY (`barang_kd`) REFERENCES `tbl_barang` (`barang_kd`);

--
-- Constraints for table `tbl_juallog`
--
ALTER TABLE `tbl_juallog`
  ADD CONSTRAINT `tbl_juallog_ibfk_1` FOREIGN KEY (`jual_invoice`) REFERENCES `tbl_jual` (`jual_invoice`),
  ADD CONSTRAINT `tbl_juallog_ibfk_2` FOREIGN KEY (`akun_id`) REFERENCES `tbl_akun` (`akun_id`);
COMMIT;

/*!40101 SET CHARACTER_SET_CLIENT=@OLD_CHARACTER_SET_CLIENT */;
/*!40101 SET CHARACTER_SET_RESULTS=@OLD_CHARACTER_SET_RESULTS */;
/*!40101 SET COLLATION_CONNECTION=@OLD_COLLATION_CONNECTION */;
